[setup] 2025-12-13T03:22:57Z Root: /root/animica
[setup] 2025-12-13T03:22:57Z Log:  /root/animica/logs/setup_20251213_032257.log
[setup] 2025-12-13T03:22:57Z Cleaning .venv and .deps
[setup] WARN: Skipping apt-get (ANIMICA_SKIP_APT=1 or offline environment)
[setup] 2025-12-13T03:22:58Z RUN  python3 -m venv /root/animica/.venv
Requirement already satisfied: pip in ./.venv/lib/python3.12/site-packages (24.0)
Collecting pip
  Using cached pip-25.3-py3-none-any.whl.metadata (4.7 kB)
Collecting setuptools
  Using cached setuptools-80.9.0-py3-none-any.whl.metadata (6.6 kB)
Collecting wheel
  Using cached wheel-0.45.1-py3-none-any.whl.metadata (2.3 kB)
Using cached pip-25.3-py3-none-any.whl (1.8 MB)
Using cached setuptools-80.9.0-py3-none-any.whl (1.2 MB)
Using cached wheel-0.45.1-py3-none-any.whl (72 kB)
Installing collected packages: wheel, setuptools, pip
  Attempting uninstall: pip
    Found existing installation: pip 24.0
    Uninstalling pip-24.0:
      Successfully uninstalled pip-24.0
Successfully installed pip-25.3 setuptools-80.9.0 wheel-0.45.1
[setup] 2025-12-13T03:23:07Z Wrote /root/animica/.venv/lib/python3.12/site-packages/animica_repo_root.pth -> /root/animica
Obtaining file:///root/animica/python
  Checking if build backend supports build_editable: started
  Checking if build backend supports build_editable: finished with status 'done'
ERROR: Exception:
Traceback (most recent call last):
  File "/root/animica/.venv/lib/python3.12/site-packages/pip/_internal/cli/base_command.py", line 107, in _run_wrapper
    status = _inner_run()
             ^^^^^^^^^^^^
  File "/root/animica/.venv/lib/python3.12/site-packages/pip/_internal/cli/base_command.py", line 98, in _inner_run
    return self.run(options, args)
           ^^^^^^^^^^^^^^^^^^^^^^^
  File "/root/animica/.venv/lib/python3.12/site-packages/pip/_internal/cli/req_command.py", line 85, in wrapper
    return func(self, options, args)
           ^^^^^^^^^^^^^^^^^^^^^^^^^
  File "/root/animica/.venv/lib/python3.12/site-packages/pip/_internal/commands/install.py", line 388, in run
    requirement_set = resolver.resolve(
                      ^^^^^^^^^^^^^^^^^
  File "/root/animica/.venv/lib/python3.12/site-packages/pip/_internal/resolution/resolvelib/resolver.py", line 79, in resolve
    collected = self.factory.collect_root_requirements(root_reqs)
                ^^^^^^^^^^^^^^^^^^^^^^^^^^^^^^^^^^^^^^^^^^^^^^^^^
  File "/root/animica/.venv/lib/python3.12/site-packages/pip/_internal/resolution/resolvelib/factory.py", line 538, in collect_root_requirements
    reqs = list(
           ^^^^^
  File "/root/animica/.venv/lib/python3.12/site-packages/pip/_internal/resolution/resolvelib/factory.py", line 494, in _make_requirements_from_install_req
    cand = self._make_base_candidate_from_link(
           ^^^^^^^^^^^^^^^^^^^^^^^^^^^^^^^^^^^^
  File "/root/animica/.venv/lib/python3.12/site-packages/pip/_internal/resolution/resolvelib/factory.py", line 205, in _make_base_candidate_from_link
    self._editable_candidate_cache[link] = EditableCandidate(
                                           ^^^^^^^^^^^^^^^^^^
  File "/root/animica/.venv/lib/python3.12/site-packages/pip/_internal/resolution/resolvelib/candidates.py", line 343, in __init__
    super().__init__(
  File "/root/animica/.venv/lib/python3.12/site-packages/pip/_internal/resolution/resolvelib/candidates.py", line 161, in __init__
    self.dist = self._prepare()
                ^^^^^^^^^^^^^^^
  File "/root/animica/.venv/lib/python3.12/site-packages/pip/_internal/resolution/resolvelib/candidates.py", line 238, in _prepare
    dist = self._prepare_distribution()
           ^^^^^^^^^^^^^^^^^^^^^^^^^^^^
  File "/root/animica/.venv/lib/python3.12/site-packages/pip/_internal/resolution/resolvelib/candidates.py", line 353, in _prepare_distribution
    return self._factory.preparer.prepare_editable_requirement(self._ireq)
           ^^^^^^^^^^^^^^^^^^^^^^^^^^^^^^^^^^^^^^^^^^^^^^^^^^^^^^^^^^^^^^^
  File "/root/animica/.venv/lib/python3.12/site-packages/pip/_internal/operations/prepare.py", line 714, in prepare_editable_requirement
    dist = _get_prepared_distribution(
           ^^^^^^^^^^^^^^^^^^^^^^^^^^^
  File "/root/animica/.venv/lib/python3.12/site-packages/pip/_internal/operations/prepare.py", line 77, in _get_prepared_distribution
    abstract_dist.prepare_distribution_metadata(
  File "/root/animica/.venv/lib/python3.12/site-packages/pip/_internal/distributions/sdist.py", line 59, in prepare_distribution_metadata
    self.req.editable_sanity_check()
  File "/root/animica/.venv/lib/python3.12/site-packages/pip/_internal/req/req_install.py", line 501, in editable_sanity_check
    if self.editable and not self.supports_pyproject_editable:
                             ^^^^^^^^^^^^^^^^^^^^^^^^^^^^^^^^
  File "/usr/lib/python3.12/functools.py", line 995, in __get__
    val = self.func(instance)
          ^^^^^^^^^^^^^^^^^^^
  File "/root/animica/.venv/lib/python3.12/site-packages/pip/_internal/req/req_install.py", line 237, in supports_pyproject_editable
    return "build_editable" in self.pep517_backend._supported_features()
                               ^^^^^^^^^^^^^^^^^^^^^^^^^^^^^^^^^^^^^^^^^
  File "/root/animica/.venv/lib/python3.12/site-packages/pip/_vendor/pyproject_hooks/_impl.py", line 180, in _supported_features
    return self._call_hook("_supported_features", {})
           ^^^^^^^^^^^^^^^^^^^^^^^^^^^^^^^^^^^^^^^^^^
  File "/root/animica/.venv/lib/python3.12/site-packages/pip/_vendor/pyproject_hooks/_impl.py", line 402, in _call_hook
    raise BackendUnavailable(
pip._vendor.pyproject_hooks._impl.BackendUnavailable: Cannot import 'hatchling.build'
[setup] WARN: pip install failed for: python -m pip --no-build-isolation -e /root/animica/python --no-deps (retrying from cache if available)
Looking in links: /root/.cache/pip
Obtaining file:///root/animica/python
  Checking if build backend supports build_editable: started
  Checking if build backend supports build_editable: finished with status 'done'
ERROR: Exception:
Traceback (most recent call last):
  File "/root/animica/.venv/lib/python3.12/site-packages/pip/_internal/cli/base_command.py", line 107, in _run_wrapper
    status = _inner_run()
             ^^^^^^^^^^^^
  File "/root/animica/.venv/lib/python3.12/site-packages/pip/_internal/cli/base_command.py", line 98, in _inner_run
    return self.run(options, args)
           ^^^^^^^^^^^^^^^^^^^^^^^
  File "/root/animica/.venv/lib/python3.12/site-packages/pip/_internal/cli/req_command.py", line 85, in wrapper
    return func(self, options, args)
           ^^^^^^^^^^^^^^^^^^^^^^^^^
  File "/root/animica/.venv/lib/python3.12/site-packages/pip/_internal/commands/install.py", line 388, in run
    requirement_set = resolver.resolve(
                      ^^^^^^^^^^^^^^^^^
  File "/root/animica/.venv/lib/python3.12/site-packages/pip/_internal/resolution/resolvelib/resolver.py", line 79, in resolve
    collected = self.factory.collect_root_requirements(root_reqs)
                ^^^^^^^^^^^^^^^^^^^^^^^^^^^^^^^^^^^^^^^^^^^^^^^^^
  File "/root/animica/.venv/lib/python3.12/site-packages/pip/_internal/resolution/resolvelib/factory.py", line 538, in collect_root_requirements
    reqs = list(
           ^^^^^
  File "/root/animica/.venv/lib/python3.12/site-packages/pip/_internal/resolution/resolvelib/factory.py", line 494, in _make_requirements_from_install_req
    cand = self._make_base_candidate_from_link(
           ^^^^^^^^^^^^^^^^^^^^^^^^^^^^^^^^^^^^
  File "/root/animica/.venv/lib/python3.12/site-packages/pip/_internal/resolution/resolvelib/factory.py", line 205, in _make_base_candidate_from_link
    self._editable_candidate_cache[link] = EditableCandidate(
                                           ^^^^^^^^^^^^^^^^^^
  File "/root/animica/.venv/lib/python3.12/site-packages/pip/_internal/resolution/resolvelib/candidates.py", line 343, in __init__
    super().__init__(
  File "/root/animica/.venv/lib/python3.12/site-packages/pip/_internal/resolution/resolvelib/candidates.py", line 161, in __init__
    self.dist = self._prepare()
                ^^^^^^^^^^^^^^^
  File "/root/animica/.venv/lib/python3.12/site-packages/pip/_internal/resolution/resolvelib/candidates.py", line 238, in _prepare
    dist = self._prepare_distribution()
           ^^^^^^^^^^^^^^^^^^^^^^^^^^^^
  File "/root/animica/.venv/lib/python3.12/site-packages/pip/_internal/resolution/resolvelib/candidates.py", line 353, in _prepare_distribution
    return self._factory.preparer.prepare_editable_requirement(self._ireq)
           ^^^^^^^^^^^^^^^^^^^^^^^^^^^^^^^^^^^^^^^^^^^^^^^^^^^^^^^^^^^^^^^
  File "/root/animica/.venv/lib/python3.12/site-packages/pip/_internal/operations/prepare.py", line 714, in prepare_editable_requirement
    dist = _get_prepared_distribution(
           ^^^^^^^^^^^^^^^^^^^^^^^^^^^
  File "/root/animica/.venv/lib/python3.12/site-packages/pip/_internal/operations/prepare.py", line 77, in _get_prepared_distribution
    abstract_dist.prepare_distribution_metadata(
  File "/root/animica/.venv/lib/python3.12/site-packages/pip/_internal/distributions/sdist.py", line 59, in prepare_distribution_metadata
    self.req.editable_sanity_check()
  File "/root/animica/.venv/lib/python3.12/site-packages/pip/_internal/req/req_install.py", line 501, in editable_sanity_check
    if self.editable and not self.supports_pyproject_editable:
                             ^^^^^^^^^^^^^^^^^^^^^^^^^^^^^^^^
  File "/usr/lib/python3.12/functools.py", line 995, in __get__
    val = self.func(instance)
          ^^^^^^^^^^^^^^^^^^^
  File "/root/animica/.venv/lib/python3.12/site-packages/pip/_internal/req/req_install.py", line 237, in supports_pyproject_editable
    return "build_editable" in self.pep517_backend._supported_features()
                               ^^^^^^^^^^^^^^^^^^^^^^^^^^^^^^^^^^^^^^^^^
  File "/root/animica/.venv/lib/python3.12/site-packages/pip/_vendor/pyproject_hooks/_impl.py", line 180, in _supported_features
    return self._call_hook("_supported_features", {})
           ^^^^^^^^^^^^^^^^^^^^^^^^^^^^^^^^^^^^^^^^^^
  File "/root/animica/.venv/lib/python3.12/site-packages/pip/_vendor/pyproject_hooks/_impl.py", line 402, in _call_hook
    raise BackendUnavailable(
pip._vendor.pyproject_hooks._impl.BackendUnavailable: Cannot import 'hatchling.build'
[setup] WARN: pip install still failed; proceeding with existing environment
[setup] WARN: Editable install of animica python package skipped
Collecting typer
  Using cached typer-0.20.0-py3-none-any.whl.metadata (16 kB)
Collecting rich
  Using cached rich-14.2.0-py3-none-any.whl.metadata (18 kB)
Collecting requests
  Using cached requests-2.32.5-py3-none-any.whl.metadata (4.9 kB)
Collecting httpx
  Using cached httpx-0.28.1-py3-none-any.whl.metadata (7.1 kB)
Collecting pydantic
  Using cached pydantic-2.12.5-py3-none-any.whl.metadata (90 kB)
Collecting pyyaml
  Using cached pyyaml-6.0.3-cp312-cp312-manylinux2014_x86_64.manylinux_2_17_x86_64.manylinux_2_28_x86_64.whl.metadata (2.4 kB)
Collecting cbor2
  Using cached cbor2-5.7.1-cp312-cp312-manylinux2014_x86_64.manylinux_2_17_x86_64.manylinux_2_28_x86_64.whl.metadata (5.4 kB)
Collecting click>=8.0.0 (from typer)
  Using cached click-8.3.1-py3-none-any.whl.metadata (2.6 kB)
Collecting typing-extensions>=3.7.4.3 (from typer)
  Using cached typing_extensions-4.15.0-py3-none-any.whl.metadata (3.3 kB)
Collecting shellingham>=1.3.0 (from typer)
  Using cached shellingham-1.5.4-py2.py3-none-any.whl.metadata (3.5 kB)
Collecting markdown-it-py>=2.2.0 (from rich)
  Using cached markdown_it_py-4.0.0-py3-none-any.whl.metadata (7.3 kB)
Collecting pygments<3.0.0,>=2.13.0 (from rich)
  Using cached pygments-2.19.2-py3-none-any.whl.metadata (2.5 kB)
Collecting charset_normalizer<4,>=2 (from requests)
  Using cached charset_normalizer-3.4.4-cp312-cp312-manylinux2014_x86_64.manylinux_2_17_x86_64.manylinux_2_28_x86_64.whl.metadata (37 kB)
Collecting idna<4,>=2.5 (from requests)
  Using cached idna-3.11-py3-none-any.whl.metadata (8.4 kB)
Collecting urllib3<3,>=1.21.1 (from requests)
  Using cached urllib3-2.6.2-py3-none-any.whl.metadata (6.6 kB)
Collecting certifi>=2017.4.17 (from requests)
  Using cached certifi-2025.11.12-py3-none-any.whl.metadata (2.5 kB)
Collecting anyio (from httpx)
  Using cached anyio-4.12.0-py3-none-any.whl.metadata (4.3 kB)
Collecting httpcore==1.* (from httpx)
  Using cached httpcore-1.0.9-py3-none-any.whl.metadata (21 kB)
Collecting h11>=0.16 (from httpcore==1.*->httpx)
  Using cached h11-0.16.0-py3-none-any.whl.metadata (8.3 kB)
Collecting annotated-types>=0.6.0 (from pydantic)
  Using cached annotated_types-0.7.0-py3-none-any.whl.metadata (15 kB)
Collecting pydantic-core==2.41.5 (from pydantic)
  Using cached pydantic_core-2.41.5-cp312-cp312-manylinux_2_17_x86_64.manylinux2014_x86_64.whl.metadata (7.3 kB)
Collecting typing-inspection>=0.4.2 (from pydantic)
  Using cached typing_inspection-0.4.2-py3-none-any.whl.metadata (2.6 kB)
Collecting mdurl~=0.1 (from markdown-it-py>=2.2.0->rich)
  Using cached mdurl-0.1.2-py3-none-any.whl.metadata (1.6 kB)
Using cached typer-0.20.0-py3-none-any.whl (47 kB)
Using cached rich-14.2.0-py3-none-any.whl (243 kB)
Using cached pygments-2.19.2-py3-none-any.whl (1.2 MB)
Using cached requests-2.32.5-py3-none-any.whl (64 kB)
Using cached charset_normalizer-3.4.4-cp312-cp312-manylinux2014_x86_64.manylinux_2_17_x86_64.manylinux_2_28_x86_64.whl (153 kB)
Using cached idna-3.11-py3-none-any.whl (71 kB)
Using cached urllib3-2.6.2-py3-none-any.whl (131 kB)
Using cached httpx-0.28.1-py3-none-any.whl (73 kB)
Using cached httpcore-1.0.9-py3-none-any.whl (78 kB)
Using cached pydantic-2.12.5-py3-none-any.whl (463 kB)
Using cached pydantic_core-2.41.5-cp312-cp312-manylinux_2_17_x86_64.manylinux2014_x86_64.whl (2.1 MB)
Using cached pyyaml-6.0.3-cp312-cp312-manylinux2014_x86_64.manylinux_2_17_x86_64.manylinux_2_28_x86_64.whl (807 kB)
Using cached cbor2-5.7.1-cp312-cp312-manylinux2014_x86_64.manylinux_2_17_x86_64.manylinux_2_28_x86_64.whl (285 kB)
Using cached annotated_types-0.7.0-py3-none-any.whl (13 kB)
Using cached certifi-2025.11.12-py3-none-any.whl (159 kB)
Using cached click-8.3.1-py3-none-any.whl (108 kB)
Using cached h11-0.16.0-py3-none-any.whl (37 kB)
Using cached markdown_it_py-4.0.0-py3-none-any.whl (87 kB)
Using cached mdurl-0.1.2-py3-none-any.whl (10.0 kB)
Using cached shellingham-1.5.4-py2.py3-none-any.whl (9.8 kB)
Using cached typing_extensions-4.15.0-py3-none-any.whl (44 kB)
Using cached typing_inspection-0.4.2-py3-none-any.whl (14 kB)
Using cached anyio-4.12.0-py3-none-any.whl (113 kB)
Installing collected packages: urllib3, typing-extensions, shellingham, pyyaml, pygments, mdurl, idna, h11, click, charset_normalizer, certifi, cbor2, annotated-types, typing-inspection, requests, pydantic-core, markdown-it-py, httpcore, anyio, rich, pydantic, httpx, typer

ERROR: pip's dependency resolver does not currently take into account all the packages that are installed. This behaviour is the source of the following dependency conflicts.
animica 0.1.0 requires cryptography>=42.0.0, which is not installed.
animica 0.1.0 requires respx>=0.21.0, which is not installed.
Successfully installed annotated-types-0.7.0 anyio-4.12.0 cbor2-5.7.1 certifi-2025.11.12 charset_normalizer-3.4.4 click-8.3.1 h11-0.16.0 httpcore-1.0.9 httpx-0.28.1 idna-3.11 markdown-it-py-4.0.0 mdurl-0.1.2 pydantic-2.12.5 pydantic-core-2.41.5 pygments-2.19.2 pyyaml-6.0.3 requests-2.32.5 rich-14.2.0 shellingham-1.5.4 typer-0.20.0 typing-extensions-4.15.0 typing-inspection-0.4.2 urllib3-2.6.2
Obtaining file:///root/animica/pq
  Checking if build backend supports build_editable: started
  Checking if build backend supports build_editable: finished with status 'done'
  Preparing editable metadata (pyproject.toml): started
  Preparing editable metadata (pyproject.toml): finished with status 'done'
Building wheels for collected packages: animica-pq
  Building editable for animica-pq (pyproject.toml): started
  Building editable for animica-pq (pyproject.toml): finished with status 'done'
  Created wheel for animica-pq: filename=animica_pq-0.1.0-0.editable-py3-none-any.whl size=8410 sha256=37c75bf2b277929e6e858afbf879eaa1beab3c3b78efc35bd928c1b888be7103
  Stored in directory: /tmp/pip-ephem-wheel-cache-ggdhg04d/wheels/51/34/2a/a7831d3f09dcbab4ce2ba0ad5c93159497a72f0c35c7444d05
Successfully built animica-pq
Installing collected packages: animica-pq
Successfully installed animica-pq-0.1.0
[setup] 2025-12-13T03:23:17Z liboqs tag selected: 0.15.0
[setup] 2025-12-13T03:23:17Z Building liboqs 0.15.0 into /root/animica/.deps/oqs-install
[setup] 2025-12-13T03:23:17Z RUN  git clone --depth 1 --branch 0.15.0 https://github.com/open-quantum-safe/liboqs.git /root/animica/.deps/liboqs-src
Cloning into '/root/animica/.deps/liboqs-src'...
Note: switching to '97f6b86b1b6d109cfd43cf276ae39c2e776aed80'.

You are in 'detached HEAD' state. You can look around, make experimental
changes and commit them, and you can discard any commits you make in this
state without impacting any branches by switching back to a branch.

If you want to create a new branch to retain commits you create, you may
do so (now or later) by using -c with the switch command. Example:

  git switch -c <new-branch-name>

Or undo this operation with:

  git switch -

Turn off this advice by setting config variable advice.detachedHead to false

Updating files:  97% (6904/7057)Updating files:  98% (6916/7057)Updating files:  99% (6987/7057)Updating files: 100% (7057/7057)Updating files: 100% (7057/7057), done.
[setup] 2025-12-13T03:23:21Z RUN  cmake -GNinja -DCMAKE_BUILD_TYPE=Release -DCMAKE_INSTALL_PREFIX=/root/animica/.deps/oqs-install -DBUILD_SHARED_LIBS=ON -DOQS_USE_OPENSSL=ON ..
-- The C compiler identification is GNU 13.3.0
-- The ASM compiler identification is GNU
-- Found assembler: /usr/bin/cc
-- Detecting C compiler ABI info
-- Detecting C compiler ABI info - done
-- Check for working C compiler: /usr/bin/cc - skipped
-- Detecting C compile features
-- Detecting C compile features - done
-- Performing Test CC_SUPPORTS_WA_NOEXECSTACK
-- Performing Test CC_SUPPORTS_WA_NOEXECSTACK - Success
-- Performing Test LD_SUPPORTS_WL_Z_NOEXECSTACK
-- Performing Test LD_SUPPORTS_WL_Z_NOEXECSTACK - Success
-- Performing Test CMAKE_HAVE_LIBC_PTHREAD
-- Performing Test CMAKE_HAVE_LIBC_PTHREAD - Success
-- Found Threads: TRUE  
-- Alg enablement unchanged
-- Found OpenSSL: /usr/lib/x86_64-linux-gnu/libcrypto.so (found suitable version "3.0.13", minimum required is "1.1.1")  
-- Looking for aligned_alloc
-- Looking for aligned_alloc - found
-- Looking for posix_memalign
-- Looking for posix_memalign - found
-- Looking for memalign
-- Looking for memalign - found
-- Looking for explicit_bzero
-- Looking for explicit_bzero - found
-- Looking for explicit_memset
-- Looking for explicit_memset - not found
-- Looking for memset_s
-- Looking for memset_s - not found
-- Could NOT find Doxygen (missing: DOXYGEN_EXECUTABLE) 
-- Configuring done (3.1s)
-- Generating done (0.4s)
-- Build files have been written to: /root/animica/.deps/liboqs-src/build
[setup] 2025-12-13T03:23:25Z RUN  ninja
[1/2405] Building C object src/common/CMakeFiles/common.dir/sha2/sha2.c.o
[2/2405] Building C object src/common/CMakeFiles/common.dir/aes/aes.c.o
[3/2405] Building C object src/common/CMakeFiles/common.dir/aes/aes_impl.c.o
[4/2405] Building C object src/CMakeFiles/oqs.dir/sig_stfl/sig_stfl.c.o
[5/2405] Building C object src/CMakeFiles/oqs.dir/kem/kem.c.o
[6/2405] Building C object src/common/CMakeFiles/common.dir/sha3/avx512vl_sha3.c.o
[7/2405] Building C object src/common/CMakeFiles/common.dir/sha3/xkcp_sha3x4.c.o
[8/2405] Building C object src/common/CMakeFiles/common.dir/sha3/avx512vl_sha3x4.c.o
[9/2405] Building C object src/common/CMakeFiles/common.dir/aes/aes128_ni.c.o
[10/2405] Building C object src/common/CMakeFiles/common.dir/aes/aes256_ni.c.o
[11/2405] Building C object src/common/CMakeFiles/common.dir/sha3/xkcp_sha3.c.o
[12/2405] Building C object src/common/CMakeFiles/common.dir/sha3/sha3x4.c.o
[13/2405] Building C object src/common/CMakeFiles/common.dir/pqclean_shims/fips202.c.o
[14/2405] Building C object src/common/CMakeFiles/common.dir/sha3/sha3.c.o
[15/2405] Building C object src/common/CMakeFiles/internal.dir/aes/aes_impl.c.o
[16/2405] Building C object src/common/CMakeFiles/common.dir/sha2/sha2_ossl.c.o
[17/2405] Building C object src/common/CMakeFiles/internal.dir/aes/aes.c.o
[18/2405] Building C object src/CMakeFiles/oqs.dir/sig/sig.c.o
[19/2405] Building C object src/common/CMakeFiles/internal.dir/aes/aes128_ni.c.o
[20/2405] Building C object src/common/CMakeFiles/common.dir/rand/rand.c.o
[21/2405] Building C object src/common/CMakeFiles/common.dir/ossl_helpers.c.o
[22/2405] Building C object src/common/CMakeFiles/common.dir/common.c.o
[23/2405] Building C object src/common/CMakeFiles/internal.dir/sha3/avx512vl_sha3.c.o
[24/2405] Building C object src/common/CMakeFiles/internal.dir/sha2/sha2.c.o
[25/2405] Building C object src/common/CMakeFiles/internal.dir/aes/aes256_ni.c.o
[26/2405] Building C object src/common/CMakeFiles/internal.dir/sha3/avx512vl_sha3x4.c.o
[27/2405] Building C object src/common/CMakeFiles/internal.dir/sha3/xkcp_sha3x4.c.o
[28/2405] Building C object src/common/CMakeFiles/internal.dir/sha3/sha3x4.c.o
[29/2405] Building C object src/common/CMakeFiles/internal.dir/sha3/sha3.c.o
[30/2405] Building C object src/common/CMakeFiles/internal.dir/sha2/sha2_ossl.c.o
[31/2405] Building ASM object src/common/sha3/xkcp_low/CMakeFiles/xkcp_low_keccakp_1600_avx2.dir/KeccakP-1600/avx2/KeccakP-1600-AVX2.S.o
[32/2405] Building C object src/common/CMakeFiles/internal.dir/sha3/xkcp_sha3.c.o
[33/2405] Building ASM object src/common/sha3/avx512vl_low/CMakeFiles/sha3_avx512vl_low.dir/KeccakP-1600-AVX512VL.S.o
[34/2405] Building ASM object src/common/sha3/avx512vl_low/CMakeFiles/sha3_avx512vl_low.dir/SHA3-AVX512VL.S.o
[35/2405] Building ASM object src/common/sha3/avx512vl_low/CMakeFiles/sha3_avx512vl_low.dir/KeccakP-1600-times4-AVX512VL.S.o
[36/2405] Building C object src/common/sha3/xkcp_low/CMakeFiles/xkcp_low_keccakp_1600times4_serial.dir/KeccakP-1600times4/serial/KeccakP-1600-times4-on1.c.o
[37/2405] Building C object src/common/CMakeFiles/common.dir/aes/aes_c.c.o
[38/2405] Building ASM object src/common/sha3/avx512vl_low/CMakeFiles/sha3_avx512vl_low.dir/SHA3-times4-AVX512VL.S.o
[39/2405] Building C object src/common/CMakeFiles/internal.dir/ossl_helpers.c.o
[40/2405] Building C object src/common/CMakeFiles/internal.dir/common.c.o
[41/2405] Building C object src/common/CMakeFiles/internal.dir/rand/rand_nist.c.o
[42/2405] Building C object src/kem/bike/CMakeFiles/bike_l1.dir/additional_r4/error.c.o
[43/2405] Building C object src/kem/bike/CMakeFiles/kem_bike.dir/kem_bike.c.o
[44/2405] Building C object src/kem/bike/CMakeFiles/bike_l1.dir/additional_r4/decode_portable.c.o
[45/2405] Building C object src/kem/bike/CMakeFiles/bike_l1.dir/additional_r4/gf2x_ksqr_portable.c.o
[46/2405] Building C object src/kem/bike/CMakeFiles/bike_l1.dir/additional_r4/gf2x_inv.c.o
[47/2405] Building C object src/kem/bike/CMakeFiles/bike_l1.dir/additional_r4/gf2x_mul_base_portable.c.o
[48/2405] Building C object src/kem/bike/CMakeFiles/bike_l1.dir/additional_r4/decode.c.o
[49/2405] Building C object src/common/CMakeFiles/internal.dir/aes/aes_c.c.o
[50/2405] Building C object src/kem/bike/CMakeFiles/bike_l1.dir/additional_r4/shake_prf.c.o
[51/2405] Building C object src/kem/bike/CMakeFiles/bike_l1.dir/additional_r4/utilities.c.o
[52/2405] Building C object src/kem/bike/CMakeFiles/bike_l1.dir/additional_r4/gf2x_mul.c.o
[53/2405] Building C object src/kem/bike/CMakeFiles/bike_l1.dir/additional_r4/sampling_portable.c.o
[54/2405] Building C object src/kem/bike/CMakeFiles/bike_l1.dir/additional_r4/kem.c.o
[55/2405] Building C object src/kem/bike/CMakeFiles/bike_l1.dir/additional_r4/sampling.c.o
[56/2405] Building C object src/common/CMakeFiles/common.dir/pqclean_shims/fips202x4.c.o
[57/2405] Building C object src/kem/bike/CMakeFiles/bike_l1.dir/additional_r4/decode_avx512.c.o
[58/2405] Building C object src/kem/bike/CMakeFiles/bike_l1.dir/additional_r4/sampling_avx2.c.o
[59/2405] Building C object src/kem/bike/CMakeFiles/bike_l1.dir/additional_r4/decode_avx2.c.o
[60/2405] Building C object src/kem/bike/CMakeFiles/bike_l1.dir/additional_r4/gf2x_mul_avx512.c.o
[61/2405] Building C object src/kem/bike/CMakeFiles/bike_l1.dir/additional_r4/gf2x_mul_base_vpclmul.c.o
[62/2405] Building C object src/kem/bike/CMakeFiles/bike_l1.dir/additional_r4/gf2x_ksqr_avx2.c.o
[63/2405] Building C object src/kem/bike/CMakeFiles/bike_l1.dir/additional_r4/gf2x_mul_portable.c.o
[64/2405] Building C object src/kem/bike/CMakeFiles/bike_l3.dir/additional_r4/error.c.o
[65/2405] Building C object src/kem/bike/CMakeFiles/bike_l3.dir/additional_r4/gf2x_inv.c.o
[66/2405] Building C object src/kem/bike/CMakeFiles/bike_l1.dir/additional_r4/sampling_avx512.c.o
[67/2405] Building C object src/kem/bike/CMakeFiles/bike_l3.dir/additional_r4/gf2x_ksqr_portable.c.o
[68/2405] Building C object src/kem/bike/CMakeFiles/bike_l3.dir/additional_r4/decode_portable.c.o
[69/2405] Building C object src/kem/bike/CMakeFiles/bike_l3.dir/additional_r4/decode.c.o
[70/2405] Building C object src/kem/bike/CMakeFiles/bike_l1.dir/additional_r4/gf2x_mul_avx2.c.o
[71/2405] Building C object src/kem/bike/CMakeFiles/bike_l3.dir/additional_r4/gf2x_mul_base_portable.c.o
[72/2405] Building C object src/kem/bike/CMakeFiles/bike_l3.dir/additional_r4/shake_prf.c.o
[73/2405] Building C object src/kem/bike/CMakeFiles/bike_l3.dir/additional_r4/gf2x_mul.c.o
[74/2405] Building C object src/kem/bike/CMakeFiles/bike_l1.dir/additional_r4/gf2x_ksqr_avx512.c.o
[75/2405] Building C object src/kem/bike/CMakeFiles/bike_l3.dir/additional_r4/sampling.c.o
[76/2405] Building C object src/kem/bike/CMakeFiles/bike_l3.dir/additional_r4/kem.c.o
[77/2405] Building C object src/kem/bike/CMakeFiles/bike_l3.dir/additional_r4/sampling_portable.c.o
[78/2405] Building C object src/kem/bike/CMakeFiles/bike_l3.dir/additional_r4/utilities.c.o
[79/2405] Building C object src/kem/bike/CMakeFiles/bike_l1.dir/additional_r4/gf2x_mul_base_pclmul.c.o
[80/2405] Building C object src/kem/bike/CMakeFiles/bike_l3.dir/additional_r4/sampling_avx2.c.o
[81/2405] Building C object src/kem/bike/CMakeFiles/bike_l3.dir/additional_r4/decode_avx2.c.o
[82/2405] Building C object src/kem/bike/CMakeFiles/bike_l3.dir/additional_r4/gf2x_mul_base_vpclmul.c.o
[83/2405] Building C object src/kem/bike/CMakeFiles/bike_l3.dir/additional_r4/gf2x_mul_portable.c.o
[84/2405] Building C object src/kem/bike/CMakeFiles/bike_l3.dir/additional_r4/gf2x_ksqr_avx2.c.o
[85/2405] Building C object src/kem/bike/CMakeFiles/bike_l3.dir/additional_r4/gf2x_mul_avx2.c.o
[86/2405] Building C object src/kem/bike/CMakeFiles/bike_l5.dir/additional_r4/error.c.o
[87/2405] Building C object src/kem/bike/CMakeFiles/bike_l3.dir/additional_r4/sampling_avx512.c.o
[88/2405] Building C object src/kem/bike/CMakeFiles/bike_l3.dir/additional_r4/decode_avx512.c.o
[89/2405] Building C object src/kem/bike/CMakeFiles/bike_l5.dir/additional_r4/decode_portable.c.o
[90/2405] Building C object src/kem/bike/CMakeFiles/bike_l3.dir/additional_r4/gf2x_mul_avx512.c.o
[91/2405] Building C object src/kem/bike/CMakeFiles/bike_l5.dir/additional_r4/gf2x_inv.c.o
[92/2405] Building C object src/kem/bike/CMakeFiles/bike_l5.dir/additional_r4/gf2x_ksqr_portable.c.o
[93/2405] Building C object src/kem/bike/CMakeFiles/bike_l3.dir/additional_r4/gf2x_ksqr_avx512.c.o
[94/2405] Building C object src/kem/bike/CMakeFiles/bike_l5.dir/additional_r4/decode.c.o
[95/2405] Building C object src/kem/bike/CMakeFiles/bike_l5.dir/additional_r4/shake_prf.c.o
[96/2405] Building C object src/kem/bike/CMakeFiles/bike_l5.dir/additional_r4/gf2x_mul_base_portable.c.o
[97/2405] Building C object src/kem/bike/CMakeFiles/bike_l5.dir/additional_r4/sampling_portable.c.o
[98/2405] Building C object src/kem/bike/CMakeFiles/bike_l3.dir/additional_r4/gf2x_mul_base_pclmul.c.o
[99/2405] Building C object src/kem/bike/CMakeFiles/bike_l5.dir/additional_r4/gf2x_mul.c.o
[100/2405] Building C object src/kem/bike/CMakeFiles/bike_l5.dir/additional_r4/utilities.c.o
[101/2405] Building C object src/kem/bike/CMakeFiles/bike_l5.dir/additional_r4/kem.c.o
[102/2405] Building C object src/kem/bike/CMakeFiles/bike_l5.dir/additional_r4/sampling.c.o
[103/2405] Building C object src/kem/bike/CMakeFiles/bike_l5.dir/additional_r4/gf2x_mul_portable.c.o
[104/2405] Building C object src/kem/bike/CMakeFiles/bike_l5.dir/additional_r4/gf2x_mul_base_vpclmul.c.o
[105/2405] Building C object src/kem/bike/CMakeFiles/bike_l5.dir/additional_r4/sampling_avx2.c.o
[106/2405] Building C object src/kem/bike/CMakeFiles/bike_l5.dir/additional_r4/gf2x_mul_avx512.c.o
[107/2405] Building C object src/kem/bike/CMakeFiles/bike_l5.dir/additional_r4/decode_avx2.c.o
[108/2405] Building C object src/kem/bike/CMakeFiles/bike_l5.dir/additional_r4/gf2x_mul_avx2.c.o
[109/2405] Building C object src/kem/frodokem/CMakeFiles/frodokem.dir/kem_frodokem640aes.c.o
[110/2405] Building C object src/kem/bike/CMakeFiles/bike_l5.dir/additional_r4/sampling_avx512.c.o
[111/2405] Building C object src/kem/bike/CMakeFiles/bike_l5.dir/additional_r4/gf2x_mul_base_pclmul.c.o
[112/2405] Building C object src/kem/frodokem/CMakeFiles/frodokem.dir/kem_frodokem976aes.c.o
[113/2405] Building C object src/kem/frodokem/CMakeFiles/frodokem.dir/kem_frodokem640shake.c.o
[114/2405] Building C object src/kem/bike/CMakeFiles/bike_l5.dir/additional_r4/gf2x_ksqr_avx2.c.o
[115/2405] Building C object src/kem/frodokem/CMakeFiles/frodokem.dir/kem_frodokem976shake.c.o
[116/2405] Building C object src/kem/bike/CMakeFiles/bike_l5.dir/additional_r4/decode_avx512.c.o
[117/2405] Building C object src/kem/bike/CMakeFiles/bike_l5.dir/additional_r4/gf2x_ksqr_avx512.c.o
[118/2405] Building C object src/kem/frodokem/CMakeFiles/frodokem.dir/kem_frodokem1344shake.c.o
[119/2405] Building C object src/kem/frodokem/CMakeFiles/frodokem.dir/kem_frodokem1344aes.c.o
[120/2405] Building C object src/kem/frodokem/CMakeFiles/frodokem.dir/external/frodo976shake.c.o
[121/2405] Building C object src/kem/frodokem/CMakeFiles/frodokem.dir/external/frodo976aes.c.o
[122/2405] Building C object src/kem/frodokem/CMakeFiles/frodokem.dir/external/frodo640shake.c.o
[123/2405] Building C object src/kem/ntruprime/CMakeFiles/ntruprime_sntrup761_clean.dir/kem_ntruprime_sntrup761.c.o
[124/2405] Building C object src/kem/frodokem/CMakeFiles/frodokem.dir/external/frodo640aes.c.o
[125/2405] Building C object src/kem/frodokem/CMakeFiles/frodokem.dir/external/frodo1344aes.c.o
[126/2405] Building C object src/kem/ntruprime/CMakeFiles/ntruprime_sntrup761_clean.dir/pqclean_sntrup761_clean/crypto_core_inv3sntrup761.c.o
[127/2405] Building C object src/kem/frodokem/CMakeFiles/frodokem_avx2.dir/external/frodo976aes_avx2.c.o
[128/2405] Building C object src/kem/frodokem/CMakeFiles/frodokem.dir/external/frodo1344shake.c.o
[129/2405] Building C object src/kem/ntruprime/CMakeFiles/ntruprime_sntrup761_clean.dir/pqclean_sntrup761_clean/crypto_core_scale3sntrup761.c.o
[130/2405] Building C object src/kem/ntruprime/CMakeFiles/ntruprime_sntrup761_clean.dir/pqclean_sntrup761_clean/crypto_core_weightsntrup761.c.o
[131/2405] Building C object src/kem/ntruprime/CMakeFiles/ntruprime_sntrup761_clean.dir/pqclean_sntrup761_clean/crypto_core_multsntrup761.c.o
[132/2405] Building C object src/kem/frodokem/CMakeFiles/frodokem_avx2.dir/external/frodo640aes_avx2.c.o
[133/2405] Building C object src/kem/ntruprime/CMakeFiles/ntruprime_sntrup761_clean.dir/pqclean_sntrup761_clean/crypto_core_mult3sntrup761.c.o
[134/2405] Building C object src/kem/frodokem/CMakeFiles/frodokem_avx2.dir/external/frodo1344aes_avx2.c.o
[135/2405] Building C object src/kem/ntruprime/CMakeFiles/ntruprime_sntrup761_clean.dir/pqclean_sntrup761_clean/crypto_core_invsntrup761.c.o
[136/2405] Building C object src/kem/ntruprime/CMakeFiles/ntruprime_sntrup761_clean.dir/pqclean_sntrup761_clean/crypto_decode_761xint16.c.o
[137/2405] Building C object src/kem/ntruprime/CMakeFiles/ntruprime_sntrup761_clean.dir/pqclean_sntrup761_clean/crypto_core_wforcesntrup761.c.o
[138/2405] Building C object src/kem/ntruprime/CMakeFiles/ntruprime_sntrup761_clean.dir/pqclean_sntrup761_clean/crypto_decode_761xint32.c.o
[139/2405] Building C object src/kem/ntruprime/CMakeFiles/ntruprime_sntrup761_clean.dir/pqclean_sntrup761_clean/crypto_decode_761x3.c.o
[140/2405] Building C object src/kem/frodokem/CMakeFiles/frodokem_avx2.dir/external/frodo640shake_avx2.c.o
[141/2405] Building C object src/kem/ntruprime/CMakeFiles/ntruprime_sntrup761_clean.dir/pqclean_sntrup761_clean/crypto_encode_761x1531round.c.o
[142/2405] Building C object src/kem/ntruprime/CMakeFiles/ntruprime_sntrup761_clean.dir/pqclean_sntrup761_clean/crypto_encode_761x3.c.o
[143/2405] Building C object src/kem/ntruprime/CMakeFiles/ntruprime_sntrup761_clean.dir/pqclean_sntrup761_clean/crypto_encode_761xint16.c.o
[144/2405] Building C object src/kem/ntruprime/CMakeFiles/ntruprime_sntrup761_clean.dir/pqclean_sntrup761_clean/crypto_encode_int16.c.o
[145/2405] Building C object src/kem/ntruprime/CMakeFiles/ntruprime_sntrup761_clean.dir/pqclean_sntrup761_clean/crypto_encode_761xfreeze3.c.o
[146/2405] Building C object src/kem/frodokem/CMakeFiles/frodokem_avx2.dir/external/frodo976shake_avx2.c.o
[147/2405] Building C object src/kem/frodokem/CMakeFiles/frodokem_avx2.dir/external/frodo1344shake_avx2.c.o
[148/2405] Building C object src/kem/ntruprime/CMakeFiles/ntruprime_sntrup761_clean.dir/pqclean_sntrup761_clean/crypto_encode_761x1531.c.o
[149/2405] Building C object src/kem/ntruprime/CMakeFiles/ntruprime_sntrup761_clean.dir/pqclean_sntrup761_clean/crypto_encode_761x4591.c.o
[150/2405] Building C object src/kem/ntruprime/CMakeFiles/ntruprime_sntrup761_clean.dir/pqclean_sntrup761_clean/crypto_verify_1039.c.o
[151/2405] Building C object src/kem/ntruprime/CMakeFiles/ntruprime_sntrup761_clean.dir/pqclean_sntrup761_clean/crypto_decode_761x4591.c.o
[152/2405] Building C object src/kem/ntruprime/CMakeFiles/ntruprime_sntrup761_clean.dir/pqclean_sntrup761_clean/crypto_sort_uint32.c.o
[153/2405] Building C object src/kem/ntruprime/CMakeFiles/ntruprime_sntrup761_clean.dir/pqclean_sntrup761_clean/crypto_decode_761x1531.c.o
[154/2405] Building C object src/kem/ntruprime/CMakeFiles/ntruprime_sntrup761_clean.dir/pqclean_sntrup761_clean/kem.c.o
[155/2405] Building C object src/kem/ntruprime/CMakeFiles/ntruprime_sntrup761_clean.dir/pqclean_sntrup761_clean/crypto_sort_int32.c.o
[156/2405] Building C object src/kem/ntruprime/CMakeFiles/ntruprime_sntrup761_avx2.dir/pqclean_sntrup761_avx2/crypto_core_invsntrup761.c.o
[157/2405] Building C object src/kem/ntruprime/CMakeFiles/ntruprime_sntrup761_avx2.dir/pqclean_sntrup761_avx2/crypto_core_scale3sntrup761.c.o
[158/2405] Building C object src/kem/ntruprime/CMakeFiles/ntruprime_sntrup761_avx2.dir/pqclean_sntrup761_avx2/crypto_core_wforcesntrup761.c.o
[159/2405] Building C object src/kem/ntruprime/CMakeFiles/ntruprime_sntrup761_avx2.dir/pqclean_sntrup761_avx2/crypto_decode_761xint16.c.o
[160/2405] Building C object src/kem/ntruprime/CMakeFiles/ntruprime_sntrup761_avx2.dir/pqclean_sntrup761_avx2/crypto_decode_761xint32.c.o
[161/2405] Building C object src/kem/ntruprime/CMakeFiles/ntruprime_sntrup761_avx2.dir/pqclean_sntrup761_avx2/crypto_decode_int16.c.o
[162/2405] Building C object src/kem/ntruprime/CMakeFiles/ntruprime_sntrup761_avx2.dir/pqclean_sntrup761_avx2/crypto_core_weightsntrup761.c.o
[163/2405] Building C object src/kem/ntruprime/CMakeFiles/ntruprime_sntrup761_avx2.dir/pqclean_sntrup761_avx2/crypto_decode_761x1531.c.o
[164/2405] Building C object src/kem/ntruprime/CMakeFiles/ntruprime_sntrup761_avx2.dir/pqclean_sntrup761_avx2/crypto_core_inv3sntrup761.c.o
[165/2405] Building C object src/kem/ntruprime/CMakeFiles/ntruprime_sntrup761_avx2.dir/pqclean_sntrup761_avx2/crypto_core_multsntrup761_ntt.c.o
[166/2405] Building C object src/common/sha3/xkcp_low/CMakeFiles/xkcp_low_keccakp_1600_plain64.dir/KeccakP-1600/plain-64bits/KeccakP-1600-opt64.c.o
[167/2405] Building C object src/kem/ntruprime/CMakeFiles/ntruprime_sntrup761_avx2.dir/pqclean_sntrup761_avx2/crypto_core_mult3sntrup761.c.o
[168/2405] Building C object src/kem/ntruprime/CMakeFiles/ntruprime_sntrup761_avx2.dir/pqclean_sntrup761_avx2/crypto_encode_int16.c.o
[169/2405] Building C object src/kem/ntruprime/CMakeFiles/ntruprime_sntrup761_avx2.dir/pqclean_sntrup761_avx2/crypto_encode_761xint16.c.o
[170/2405] Building C object src/kem/ntruprime/CMakeFiles/ntruprime_sntrup761_avx2.dir/pqclean_sntrup761_avx2/crypto_decode_761x3.c.o
[171/2405] Building C object src/kem/ntruprime/CMakeFiles/ntruprime_sntrup761_avx2.dir/pqclean_sntrup761_avx2/crypto_core_multsntrup761.c.o
[172/2405] Building C object src/kem/ntruprime/CMakeFiles/ntruprime_sntrup761_avx2.dir/pqclean_sntrup761_avx2/crypto_sort_uint32.c.o
[173/2405] Building C object src/kem/ntru/CMakeFiles/ntru_hps2048509_clean.dir/pqclean_ntruhps2048509_clean/cmov.c.o
[174/2405] Building C object src/kem/ntru/CMakeFiles/ntru_hps2048509_clean.dir/kem_ntru_hps2048509.c.o
[175/2405] Building C object src/kem/ntruprime/CMakeFiles/ntruprime_sntrup761_avx2.dir/pqclean_sntrup761_avx2/kem.c.o
[176/2405] Building C object src/kem/ntruprime/CMakeFiles/ntruprime_sntrup761_avx2.dir/pqclean_sntrup761_avx2/crypto_encode_761x3.c.o
[177/2405] Building C object src/kem/ntru/CMakeFiles/ntru_hps2048509_clean.dir/pqclean_ntruhps2048509_clean/kem.c.o
[178/2405] Building C object src/kem/ntru/CMakeFiles/ntru_hps2048509_clean.dir/pqclean_ntruhps2048509_clean/crypto_sort_int32.c.o
[179/2405] Building C object src/kem/ntru/CMakeFiles/ntru_hps2048509_clean.dir/pqclean_ntruhps2048509_clean/pack3.c.o
[180/2405] Building C object src/kem/ntruprime/CMakeFiles/ntruprime_sntrup761_avx2.dir/pqclean_sntrup761_avx2/crypto_decode_761x4591.c.o
[181/2405] Building C object src/kem/ntru/CMakeFiles/ntru_hps2048509_clean.dir/pqclean_ntruhps2048509_clean/owcpa.c.o
[182/2405] Building C object src/kem/ntruprime/CMakeFiles/ntruprime_sntrup761_avx2.dir/pqclean_sntrup761_avx2/crypto_encode_761xfreeze3.c.o
[183/2405] Building C object src/kem/ntru/CMakeFiles/ntru_hps2048509_clean.dir/pqclean_ntruhps2048509_clean/poly_lift.c.o
[184/2405] Building C object src/kem/ntru/CMakeFiles/ntru_hps2048509_clean.dir/pqclean_ntruhps2048509_clean/packq.c.o
[185/2405] Building C object src/kem/ntru/CMakeFiles/ntru_hps2048509_clean.dir/pqclean_ntruhps2048509_clean/poly.c.o
[186/2405] Building C object src/kem/ntru/CMakeFiles/ntru_hps2048509_clean.dir/pqclean_ntruhps2048509_clean/poly_mod.c.o
[187/2405] Building C object src/kem/ntruprime/CMakeFiles/ntruprime_sntrup761_avx2.dir/pqclean_sntrup761_avx2/crypto_verify_1039.c.o
[188/2405] Building C object src/kem/ntruprime/CMakeFiles/ntruprime_sntrup761_avx2.dir/pqclean_sntrup761_avx2/crypto_encode_761x1531.c.o
[189/2405] Building C object src/kem/ntruprime/CMakeFiles/ntruprime_sntrup761_avx2.dir/pqclean_sntrup761_avx2/crypto_encode_761x1531round.c.o
[190/2405] Building C object src/kem/ntru/CMakeFiles/ntru_hps2048509_clean.dir/pqclean_ntruhps2048509_clean/poly_r2_inv.c.o
[191/2405] Building C object src/kem/ntruprime/CMakeFiles/ntruprime_sntrup761_avx2.dir/pqclean_sntrup761_avx2/crypto_encode_761x4591.c.o
[192/2405] Building C object src/kem/ntru/CMakeFiles/ntru_hps2048509_clean.dir/pqclean_ntruhps2048509_clean/sample.c.o
[193/2405] Building C object src/common/sha3/xkcp_low/CMakeFiles/xkcp_low_keccakp_1600times4_avx2.dir/KeccakP-1600times4/avx2/KeccakP-1600-times4-SIMD256.c.o
[194/2405] Building C object src/kem/ntru/CMakeFiles/ntru_hps2048509_clean.dir/pqclean_ntruhps2048509_clean/sample_iid.c.o
[195/2405] Building C object src/kem/ntru/CMakeFiles/ntru_hps2048509_avx2.dir/pqclean_ntruhps2048509_avx2/cmov.c.o
[196/2405] Building ASM object src/kem/ntru/CMakeFiles/ntru_hps2048509_avx2.dir/pqclean_ntruhps2048509_avx2/poly_mod_3_Phi_n.s.o
[197/2405] Building ASM object src/kem/ntru/CMakeFiles/ntru_hps2048509_avx2.dir/pqclean_ntruhps2048509_avx2/poly_mod_q_Phi_n.s.o
[198/2405] Building C object src/kem/ntru/CMakeFiles/ntru_hps2048509_clean.dir/pqclean_ntruhps2048509_clean/poly_s3_inv.c.o
[199/2405] Building ASM object src/kem/ntru/CMakeFiles/ntru_hps2048509_avx2.dir/pqclean_ntruhps2048509_avx2/poly_r2_mul.s.o
[200/2405] Linking C static library lib/liboqs-internal.a
[201/2405] Building ASM object src/kem/ntru/CMakeFiles/ntru_hps2048509_avx2.dir/pqclean_ntruhps2048509_avx2/poly_rq_to_s3.s.o
[202/2405] Building ASM object src/kem/ntru/CMakeFiles/ntru_hps2048509_avx2.dir/pqclean_ntruhps2048509_avx2/poly_rq_mul.s.o
[203/2405] Building C object src/kem/ntru/CMakeFiles/ntru_hps2048509_avx2.dir/pqclean_ntruhps2048509_avx2/kem.c.o
[204/2405] Building C object src/kem/ntru/CMakeFiles/ntru_hps2048509_avx2.dir/pqclean_ntruhps2048509_avx2/poly.c.o
[205/2405] Building ASM object src/kem/ntru/CMakeFiles/ntru_hps2048509_avx2.dir/pqclean_ntruhps2048509_avx2/square_126_509_shufbytes.s.o
[206/2405] Building ASM object src/kem/ntru/CMakeFiles/ntru_hps2048509_avx2.dir/pqclean_ntruhps2048509_avx2/square_15_509_shufbytes.s.o
[207/2405] Building C object src/kem/ntru/CMakeFiles/ntru_hps2048509_avx2.dir/pqclean_ntruhps2048509_avx2/poly_r2_inv.c.o
[208/2405] Building ASM object src/kem/ntru/CMakeFiles/ntru_hps2048509_avx2.dir/pqclean_ntruhps2048509_avx2/square_1_509_patience.s.o
[209/2405] Building C object src/kem/ntru/CMakeFiles/ntru_hps2048509_avx2.dir/pqclean_ntruhps2048509_avx2/pack3.c.o
[210/2405] Building ASM object src/kem/ntru/CMakeFiles/ntru_hps2048509_avx2.dir/pqclean_ntruhps2048509_avx2/square_252_509_shufbytes.s.o
[211/2405] Building ASM object src/kem/ntru/CMakeFiles/ntru_hps2048509_avx2.dir/pqclean_ntruhps2048509_avx2/square_30_509_shufbytes.s.o
[212/2405] Building ASM object src/kem/ntru/CMakeFiles/ntru_hps2048509_avx2.dir/pqclean_ntruhps2048509_avx2/square_3_509_patience.s.o
[213/2405] Building C object src/kem/ntru/CMakeFiles/ntru_hps2048509_avx2.dir/pqclean_ntruhps2048509_avx2/poly_lift.c.o
[214/2405] Building ASM object src/kem/ntru/CMakeFiles/ntru_hps2048509_avx2.dir/pqclean_ntruhps2048509_avx2/square_63_509_shufbytes.s.o
[215/2405] Building ASM object src/kem/ntru/CMakeFiles/ntru_hps2048509_avx2.dir/pqclean_ntruhps2048509_avx2/square_6_509_patience.s.o
[216/2405] Building ASM object src/kem/ntru/CMakeFiles/ntru_hps2048509_avx2.dir/pqclean_ntruhps2048509_avx2/vec32_sample_iid.s.o
[217/2405] Building C object src/kem/ntru/CMakeFiles/ntru_hps2048677_clean.dir/pqclean_ntruhps2048677_clean/cmov.c.o
[218/2405] Building C object src/kem/ntru/CMakeFiles/ntru_hps2048677_clean.dir/kem_ntru_hps2048677.c.o
[219/2405] Building C object src/kem/ntruprime/CMakeFiles/ntruprime_sntrup761_avx2.dir/pqclean_sntrup761_avx2/crypto_sort_int32.c.o
[220/2405] Building C object src/kem/ntru/CMakeFiles/ntru_hps2048677_clean.dir/pqclean_ntruhps2048677_clean/kem.c.o
[221/2405] Building C object src/kem/ntru/CMakeFiles/ntru_hps2048509_avx2.dir/pqclean_ntruhps2048509_avx2/owcpa.c.o
[222/2405] Building C object src/kem/ntru/CMakeFiles/ntru_hps2048677_clean.dir/pqclean_ntruhps2048677_clean/poly_lift.c.o
[223/2405] Building C object src/kem/ntru/CMakeFiles/ntru_hps2048677_clean.dir/pqclean_ntruhps2048677_clean/pack3.c.o
[224/2405] Building C object src/kem/ntru/CMakeFiles/ntru_hps2048677_clean.dir/pqclean_ntruhps2048677_clean/crypto_sort_int32.c.o
[225/2405] Building C object src/kem/ntru/CMakeFiles/ntru_hps2048677_clean.dir/pqclean_ntruhps2048677_clean/owcpa.c.o
[226/2405] Building C object src/kem/ntru/CMakeFiles/ntru_hps2048509_avx2.dir/pqclean_ntruhps2048509_avx2/packq.c.o
[227/2405] Building C object src/kem/ntru/CMakeFiles/ntru_hps2048509_avx2.dir/pqclean_ntruhps2048509_avx2/sample.c.o
[228/2405] Building C object src/kem/ntru/CMakeFiles/ntru_hps2048677_clean.dir/pqclean_ntruhps2048677_clean/poly.c.o
[229/2405] Building C object src/kem/ntru/CMakeFiles/ntru_hps2048677_clean.dir/pqclean_ntruhps2048677_clean/poly_mod.c.o
[230/2405] Building C object src/kem/ntru/CMakeFiles/ntru_hps2048677_clean.dir/pqclean_ntruhps2048677_clean/poly_r2_inv.c.o
[231/2405] Building C object src/kem/ntru/CMakeFiles/ntru_hps2048509_avx2.dir/pqclean_ntruhps2048509_avx2/poly_s3_inv.c.o
[232/2405] Building C object src/kem/ntru/CMakeFiles/ntru_hps2048677_clean.dir/pqclean_ntruhps2048677_clean/packq.c.o
[233/2405] Building C object src/kem/ntru/CMakeFiles/ntru_hps2048677_clean.dir/pqclean_ntruhps2048677_clean/sample_iid.c.o
[234/2405] Building C object src/kem/ntru/CMakeFiles/ntru_hps2048677_avx2.dir/pqclean_ntruhps2048677_avx2/cmov.c.o
[235/2405] Building C object src/kem/ntru/CMakeFiles/ntru_hps2048677_clean.dir/pqclean_ntruhps2048677_clean/sample.c.o
[236/2405] Building C object src/kem/ntru/CMakeFiles/ntru_hps2048677_clean.dir/pqclean_ntruhps2048677_clean/poly_s3_inv.c.o
[237/2405] Building ASM object src/kem/ntru/CMakeFiles/ntru_hps2048677_avx2.dir/pqclean_ntruhps2048677_avx2/poly_mod_3_Phi_n.s.o
[238/2405] Building ASM object src/kem/ntru/CMakeFiles/ntru_hps2048677_avx2.dir/pqclean_ntruhps2048677_avx2/poly_mod_q_Phi_n.s.o
[239/2405] Building C object src/kem/ntru/CMakeFiles/ntru_hps2048509_avx2.dir/pqclean_ntruhps2048509_avx2/sample_iid.c.o
[240/2405] Building ASM object src/kem/ntru/CMakeFiles/ntru_hps2048677_avx2.dir/pqclean_ntruhps2048677_avx2/poly_r2_mul.s.o
[241/2405] Building ASM object src/kem/ntru/CMakeFiles/ntru_hps2048677_avx2.dir/pqclean_ntruhps2048677_avx2/poly_rq_mul.s.o
[242/2405] Building ASM object src/kem/ntru/CMakeFiles/ntru_hps2048677_avx2.dir/pqclean_ntruhps2048677_avx2/poly_rq_to_s3.s.o
[243/2405] Building C object src/kem/ntru/CMakeFiles/ntru_hps2048509_avx2.dir/pqclean_ntruhps2048509_avx2/crypto_sort_int32.c.o
[244/2405] Building C object src/kem/ntru/CMakeFiles/ntru_hps2048509_clean.dir/pqclean_ntruhps2048509_clean/poly_rq_mul.c.o
[245/2405] Building C object src/kem/ntru/CMakeFiles/ntru_hps2048677_avx2.dir/pqclean_ntruhps2048677_avx2/kem.c.o
[246/2405] Building ASM object src/kem/ntru/CMakeFiles/ntru_hps2048677_avx2.dir/pqclean_ntruhps2048677_avx2/square_10_677_shufbytes.s.o
[247/2405] Building ASM object src/kem/ntru/CMakeFiles/ntru_hps2048677_avx2.dir/pqclean_ntruhps2048677_avx2/square_168_677_shufbytes.s.o
[248/2405] Building ASM object src/kem/ntru/CMakeFiles/ntru_hps2048677_avx2.dir/pqclean_ntruhps2048677_avx2/square_1_677_patience.s.o
[249/2405] Building ASM object src/kem/ntru/CMakeFiles/ntru_hps2048677_avx2.dir/pqclean_ntruhps2048677_avx2/square_21_677_shufbytes.s.o
[250/2405] Building ASM object src/kem/ntru/CMakeFiles/ntru_hps2048677_avx2.dir/pqclean_ntruhps2048677_avx2/square_2_677_patience.s.o
[251/2405] Building C object src/kem/ntru/CMakeFiles/ntru_hps2048677_avx2.dir/pqclean_ntruhps2048677_avx2/poly_lift.c.o
[252/2405] Building C object src/kem/ntru/CMakeFiles/ntru_hps2048677_avx2.dir/pqclean_ntruhps2048677_avx2/packq.c.o
[253/2405] Building ASM object src/kem/ntru/CMakeFiles/ntru_hps2048677_avx2.dir/pqclean_ntruhps2048677_avx2/square_336_677_shufbytes.s.o
[254/2405] Building ASM object src/kem/ntru/CMakeFiles/ntru_hps2048677_avx2.dir/pqclean_ntruhps2048677_avx2/square_5_677_patience.s.o
[255/2405] Building ASM object src/kem/ntru/CMakeFiles/ntru_hps2048677_avx2.dir/pqclean_ntruhps2048677_avx2/square_42_677_shufbytes.s.o
[256/2405] Building C object src/kem/ntru/CMakeFiles/ntru_hps2048677_avx2.dir/pqclean_ntruhps2048677_avx2/owcpa.c.o
[257/2405] Building ASM object src/kem/ntru/CMakeFiles/ntru_hps2048677_avx2.dir/pqclean_ntruhps2048677_avx2/square_3_677_patience.s.o
[258/2405] Building ASM object src/kem/ntru/CMakeFiles/ntru_hps2048677_avx2.dir/pqclean_ntruhps2048677_avx2/vec32_sample_iid.s.o
[259/2405] Building ASM object src/kem/ntru/CMakeFiles/ntru_hps2048677_avx2.dir/pqclean_ntruhps2048677_avx2/square_84_677_shufbytes.s.o
[260/2405] Building C object src/kem/ntru/CMakeFiles/ntru_hps2048677_avx2.dir/pqclean_ntruhps2048677_avx2/pack3.c.o
[261/2405] Building C object src/kem/ntru/CMakeFiles/ntru_hps4096821_clean.dir/pqclean_ntruhps4096821_clean/cmov.c.o
[262/2405] Building C object src/kem/ntru/CMakeFiles/ntru_hps4096821_clean.dir/kem_ntru_hps4096821.c.o
[263/2405] Building C object src/kem/ntru/CMakeFiles/ntru_hps4096821_clean.dir/pqclean_ntruhps4096821_clean/owcpa.c.o
[264/2405] Building C object src/kem/ntru/CMakeFiles/ntru_hps4096821_clean.dir/pqclean_ntruhps4096821_clean/kem.c.o
[265/2405] Building C object src/kem/ntru/CMakeFiles/ntru_hps4096821_clean.dir/pqclean_ntruhps4096821_clean/pack3.c.o
[266/2405] Building C object src/kem/ntru/CMakeFiles/ntru_hps4096821_clean.dir/pqclean_ntruhps4096821_clean/crypto_sort_int32.c.o
[267/2405] Building C object src/kem/ntru/CMakeFiles/ntru_hps4096821_clean.dir/pqclean_ntruhps4096821_clean/packq.c.o
[268/2405] Building C object src/kem/ntru/CMakeFiles/ntru_hps2048677_avx2.dir/pqclean_ntruhps2048677_avx2/poly.c.o
[269/2405] Building C object src/kem/ntru/CMakeFiles/ntru_hps4096821_clean.dir/pqclean_ntruhps4096821_clean/poly_lift.c.o
[270/2405] Building C object src/kem/ntru/CMakeFiles/ntru_hps4096821_clean.dir/pqclean_ntruhps4096821_clean/poly.c.o
[271/2405] Building C object src/kem/ntru/CMakeFiles/ntru_hps4096821_clean.dir/pqclean_ntruhps4096821_clean/poly_mod.c.o
[272/2405] Building C object src/kem/ntru/CMakeFiles/ntru_hps4096821_clean.dir/pqclean_ntruhps4096821_clean/poly_r2_inv.c.o
[273/2405] Building C object src/kem/ntru/CMakeFiles/ntru_hps2048677_avx2.dir/pqclean_ntruhps2048677_avx2/poly_r2_inv.c.o
[274/2405] Building C object src/kem/ntru/CMakeFiles/ntru_hps4096821_clean.dir/pqclean_ntruhps4096821_clean/sample.c.o
[275/2405] Building C object src/kem/ntru/CMakeFiles/ntru_hps4096821_clean.dir/pqclean_ntruhps4096821_clean/sample_iid.c.o
[276/2405] Building C object src/kem/ntru/CMakeFiles/ntru_hps2048677_avx2.dir/pqclean_ntruhps2048677_avx2/sample.c.o
[277/2405] Building C object src/kem/ntru/CMakeFiles/ntru_hps4096821_avx2.dir/pqclean_ntruhps4096821_avx2/cmov.c.o
[278/2405] Building C object src/kem/ntru/CMakeFiles/ntru_hps4096821_clean.dir/pqclean_ntruhps4096821_clean/poly_s3_inv.c.o
[279/2405] Building C object src/kem/ntru/CMakeFiles/ntru_hps2048677_avx2.dir/pqclean_ntruhps2048677_avx2/poly_s3_inv.c.o
[280/2405] Building ASM object src/kem/ntru/CMakeFiles/ntru_hps4096821_avx2.dir/pqclean_ntruhps4096821_avx2/poly_mod_3_Phi_n.s.o
[281/2405] Building ASM object src/kem/ntru/CMakeFiles/ntru_hps4096821_avx2.dir/pqclean_ntruhps4096821_avx2/poly_mod_q_Phi_n.s.o
[282/2405] Building C object src/kem/ntru/CMakeFiles/ntru_hps2048677_avx2.dir/pqclean_ntruhps2048677_avx2/sample_iid.c.o
[283/2405] Building ASM object src/kem/ntru/CMakeFiles/ntru_hps4096821_avx2.dir/pqclean_ntruhps4096821_avx2/poly_r2_mul.s.o
[284/2405] Building ASM object src/kem/ntru/CMakeFiles/ntru_hps4096821_avx2.dir/pqclean_ntruhps4096821_avx2/poly_rq_mul.s.o
[285/2405] Building ASM object src/kem/ntru/CMakeFiles/ntru_hps4096821_avx2.dir/pqclean_ntruhps4096821_avx2/poly_rq_to_s3.s.o
[286/2405] Building C object src/kem/ntru/CMakeFiles/ntru_hps2048677_avx2.dir/pqclean_ntruhps2048677_avx2/crypto_sort_int32.c.o
[287/2405] Building C object src/kem/ntru/CMakeFiles/ntru_hps2048677_clean.dir/pqclean_ntruhps2048677_clean/poly_rq_mul.c.o
[288/2405] Building C object src/kem/ntru/CMakeFiles/ntru_hps4096821_avx2.dir/pqclean_ntruhps4096821_avx2/pack3.c.o
[289/2405] Building C object src/kem/ntru/CMakeFiles/ntru_hps4096821_avx2.dir/pqclean_ntruhps4096821_avx2/kem.c.o
[290/2405] Building ASM object src/kem/ntru/CMakeFiles/ntru_hps4096821_avx2.dir/pqclean_ntruhps4096821_avx2/square_102_821_shufbytes.s.o
[291/2405] Building ASM object src/kem/ntru/CMakeFiles/ntru_hps4096821_avx2.dir/pqclean_ntruhps4096821_avx2/square_12_821_shufbytes.s.o
[292/2405] Building ASM object src/kem/ntru/CMakeFiles/ntru_hps4096821_avx2.dir/pqclean_ntruhps4096821_avx2/square_1_821_patience.s.o
[293/2405] Building ASM object src/kem/ntru/CMakeFiles/ntru_hps4096821_avx2.dir/pqclean_ntruhps4096821_avx2/square_24_821_shufbytes.s.o
[294/2405] Building ASM object src/kem/ntru/CMakeFiles/ntru_hps4096821_avx2.dir/pqclean_ntruhps4096821_avx2/square_204_821_shufbytes.s.o
[295/2405] Building ASM object src/kem/ntru/CMakeFiles/ntru_hps4096821_avx2.dir/pqclean_ntruhps4096821_avx2/square_3_821_patience.s.o
[296/2405] Building ASM object src/kem/ntru/CMakeFiles/ntru_hps4096821_avx2.dir/pqclean_ntruhps4096821_avx2/square_408_821_shufbytes.s.o
[297/2405] Building C object src/kem/ntru/CMakeFiles/ntru_hps4096821_avx2.dir/pqclean_ntruhps4096821_avx2/poly_lift.c.o
[298/2405] Building ASM object src/kem/ntru/CMakeFiles/ntru_hps4096821_avx2.dir/pqclean_ntruhps4096821_avx2/square_6_821_patience.s.o
[299/2405] Building ASM object src/kem/ntru/CMakeFiles/ntru_hps4096821_avx2.dir/pqclean_ntruhps4096821_avx2/square_51_821_shufbytes.s.o
[300/2405] Building C object src/kem/ntru/CMakeFiles/ntru_hps4096821_avx2.dir/pqclean_ntruhps4096821_avx2/owcpa.c.o
[301/2405] Building ASM object src/kem/ntru/CMakeFiles/ntru_hps4096821_avx2.dir/pqclean_ntruhps4096821_avx2/vec32_sample_iid.s.o
[302/2405] Building C object src/kem/ntru/CMakeFiles/ntru_hps40961229_clean.dir/pqclean_ntruhps40961229_clean/cmov.c.o
[303/2405] Building C object src/kem/ntru/CMakeFiles/ntru_hps4096821_avx2.dir/pqclean_ntruhps4096821_avx2/packq.c.o
[304/2405] Building C object src/kem/ntru/CMakeFiles/ntru_hps40961229_clean.dir/pqclean_ntruhps40961229_clean/kem.c.o
[305/2405] Building C object src/kem/ntru/CMakeFiles/ntru_hps40961229_clean.dir/kem_ntru_hps40961229.c.o
[306/2405] Building C object src/kem/ntru/CMakeFiles/ntru_hps40961229_clean.dir/pqclean_ntruhps40961229_clean/crypto_sort_int32.c.o
[307/2405] Building C object src/kem/ntru/CMakeFiles/ntru_hps40961229_clean.dir/pqclean_ntruhps40961229_clean/owcpa.c.o
[308/2405] Building C object src/kem/ntru/CMakeFiles/ntru_hps40961229_clean.dir/pqclean_ntruhps40961229_clean/poly_lift.c.o
[309/2405] Building C object src/kem/ntru/CMakeFiles/ntru_hps40961229_clean.dir/pqclean_ntruhps40961229_clean/poly.c.o
[310/2405] Building C object src/kem/ntru/CMakeFiles/ntru_hps40961229_clean.dir/pqclean_ntruhps40961229_clean/packq.c.o
[311/2405] Building C object src/kem/ntru/CMakeFiles/ntru_hps40961229_clean.dir/pqclean_ntruhps40961229_clean/pack3.c.o
[312/2405] Building C object src/kem/ntru/CMakeFiles/ntru_hps40961229_clean.dir/pqclean_ntruhps40961229_clean/poly_mod.c.o
[313/2405] Building C object src/kem/ntru/CMakeFiles/ntru_hps40961229_clean.dir/pqclean_ntruhps40961229_clean/poly_r2_inv.c.o
[314/2405] Building C object src/kem/ntru/CMakeFiles/ntru_hps40961229_clean.dir/pqclean_ntruhps40961229_clean/sample.c.o
[315/2405] Building C object src/kem/ntru/CMakeFiles/ntru_hps40961229_clean.dir/pqclean_ntruhps40961229_clean/sample_iid.c.o
[316/2405] Building C object src/kem/ntru/CMakeFiles/ntru_hps4096821_avx2.dir/pqclean_ntruhps4096821_avx2/poly.c.o
[317/2405] Building C object src/kem/ntru/CMakeFiles/ntru_hps4096821_avx2.dir/pqclean_ntruhps4096821_avx2/sample.c.o
[318/2405] Building C object src/kem/ntru/CMakeFiles/ntru_hps40961229_clean.dir/pqclean_ntruhps40961229_clean/poly_s3_inv.c.o
[319/2405] Building C object src/kem/ntru/CMakeFiles/ntru_hrss701_clean.dir/pqclean_ntruhrss701_clean/cmov.c.o
[320/2405] Building C object src/kem/ntru/CMakeFiles/ntru_hrss701_clean.dir/pqclean_ntruhrss701_clean/kem.c.o
[321/2405] Building C object src/kem/ntru/CMakeFiles/ntru_hrss701_clean.dir/kem_ntru_hrss701.c.o
[322/2405] Building C object src/kem/ntru/CMakeFiles/ntru_hrss701_clean.dir/pqclean_ntruhrss701_clean/pack3.c.o
[323/2405] Building C object src/kem/ntru/CMakeFiles/ntru_hps4096821_avx2.dir/pqclean_ntruhps4096821_avx2/poly_r2_inv.c.o
[324/2405] Building C object src/kem/ntru/CMakeFiles/ntru_hps4096821_avx2.dir/pqclean_ntruhps4096821_avx2/sample_iid.c.o
[325/2405] Building C object src/kem/ntru/CMakeFiles/ntru_hrss701_clean.dir/pqclean_ntruhrss701_clean/owcpa.c.o
[326/2405] Building C object src/kem/ntru/CMakeFiles/ntru_hrss701_clean.dir/pqclean_ntruhrss701_clean/poly_lift.c.o
[327/2405] Building C object src/kem/ntru/CMakeFiles/ntru_hrss701_clean.dir/pqclean_ntruhrss701_clean/poly.c.o
[328/2405] Building C object src/kem/ntru/CMakeFiles/ntru_hrss701_clean.dir/pqclean_ntruhrss701_clean/poly_mod.c.o
[329/2405] Building C object src/kem/ntru/CMakeFiles/ntru_hrss701_clean.dir/pqclean_ntruhrss701_clean/packq.c.o
[330/2405] Building C object src/kem/ntru/CMakeFiles/ntru_hrss701_clean.dir/pqclean_ntruhrss701_clean/sample.c.o
[331/2405] Building C object src/kem/ntru/CMakeFiles/ntru_hrss701_clean.dir/pqclean_ntruhrss701_clean/poly_r2_inv.c.o
[332/2405] Building C object src/kem/ntru/CMakeFiles/ntru_hrss701_avx2.dir/pqclean_ntruhrss701_avx2/cmov.c.o
[333/2405] Building C object src/kem/ntru/CMakeFiles/ntru_hrss701_clean.dir/pqclean_ntruhrss701_clean/sample_iid.c.o
[334/2405] Building ASM object src/kem/ntru/CMakeFiles/ntru_hrss701_avx2.dir/pqclean_ntruhrss701_avx2/poly_lift.s.o
[335/2405] Building ASM object src/kem/ntru/CMakeFiles/ntru_hrss701_avx2.dir/pqclean_ntruhrss701_avx2/poly_mod_3_Phi_n.s.o
[336/2405] Building ASM object src/kem/ntru/CMakeFiles/ntru_hrss701_avx2.dir/pqclean_ntruhrss701_avx2/poly_mod_q_Phi_n.s.o
[337/2405] Building C object src/kem/ntru/CMakeFiles/ntru_hps4096821_avx2.dir/pqclean_ntruhps4096821_avx2/poly_s3_inv.c.o
[338/2405] Building ASM object src/kem/ntru/CMakeFiles/ntru_hrss701_avx2.dir/pqclean_ntruhrss701_avx2/poly_r2_mul.s.o
[339/2405] Building C object src/kem/ntru/CMakeFiles/ntru_hrss701_clean.dir/pqclean_ntruhrss701_clean/poly_s3_inv.c.o
[340/2405] Building ASM object src/kem/ntru/CMakeFiles/ntru_hrss701_avx2.dir/pqclean_ntruhrss701_avx2/poly_rq_to_s3.s.o
[341/2405] Building ASM object src/kem/ntru/CMakeFiles/ntru_hrss701_avx2.dir/pqclean_ntruhrss701_avx2/poly_rq_mul.s.o
[342/2405] Building C object src/kem/ntru/CMakeFiles/ntru_hps4096821_avx2.dir/pqclean_ntruhps4096821_avx2/crypto_sort_int32.c.o
[343/2405] Building C object src/kem/ntru/CMakeFiles/ntru_hps4096821_clean.dir/pqclean_ntruhps4096821_clean/poly_rq_mul.c.o
[344/2405] Building ASM object src/kem/ntru/CMakeFiles/ntru_hrss701_avx2.dir/pqclean_ntruhrss701_avx2/square_12_701_shufbytes.s.o
[345/2405] Building C object src/kem/ntru/CMakeFiles/ntru_hrss701_avx2.dir/pqclean_ntruhrss701_avx2/pack3.c.o
[346/2405] Building ASM object src/kem/ntru/CMakeFiles/ntru_hrss701_avx2.dir/pqclean_ntruhrss701_avx2/square_15_701_shufbytes.s.o
[347/2405] Building ASM object src/kem/ntru/CMakeFiles/ntru_hrss701_avx2.dir/pqclean_ntruhrss701_avx2/square_168_701_shufbytes.s.o
[348/2405] Building ASM object src/kem/ntru/CMakeFiles/ntru_hrss701_avx2.dir/pqclean_ntruhrss701_avx2/square_1_701_patience.s.o
[349/2405] Building C object src/kem/ntru/CMakeFiles/ntru_hrss701_avx2.dir/pqclean_ntruhrss701_avx2/owcpa.c.o
[350/2405] Building ASM object src/kem/ntru/CMakeFiles/ntru_hrss701_avx2.dir/pqclean_ntruhrss701_avx2/square_27_701_shufbytes.s.o
[351/2405] Building ASM object src/kem/ntru/CMakeFiles/ntru_hrss701_avx2.dir/pqclean_ntruhrss701_avx2/square_336_701_shufbytes.s.o
[352/2405] Building ASM object src/kem/ntru/CMakeFiles/ntru_hrss701_avx2.dir/pqclean_ntruhrss701_avx2/square_3_701_patience.s.o
[353/2405] Building ASM object src/kem/ntru/CMakeFiles/ntru_hrss701_avx2.dir/pqclean_ntruhrss701_avx2/square_42_701_shufbytes.s.o
[354/2405] Building ASM object src/kem/ntru/CMakeFiles/ntru_hrss701_avx2.dir/pqclean_ntruhrss701_avx2/square_6_701_patience.s.o
[355/2405] Building ASM object src/kem/ntru/CMakeFiles/ntru_hrss701_avx2.dir/pqclean_ntruhrss701_avx2/square_84_701_shufbytes.s.o
[356/2405] Building ASM object src/kem/ntru/CMakeFiles/ntru_hrss701_avx2.dir/pqclean_ntruhrss701_avx2/vec32_sample_iid.s.o
[357/2405] Building C object src/kem/ntru/CMakeFiles/ntru_hps40961229_clean.dir/pqclean_ntruhps40961229_clean/poly_rq_mul.c.o
[358/2405] Building C object src/kem/ntru/CMakeFiles/ntru_hrss701_avx2.dir/pqclean_ntruhrss701_avx2/packq.c.o
[359/2405] Building C object src/kem/ntru/CMakeFiles/ntru_hrss701_avx2.dir/pqclean_ntruhrss701_avx2/poly.c.o
[360/2405] Building C object src/kem/ntru/CMakeFiles/ntru_hrss1373_clean.dir/pqclean_ntruhrss1373_clean/cmov.c.o
[361/2405] Building C object src/kem/ntru/CMakeFiles/ntru_hrss701_avx2.dir/pqclean_ntruhrss701_avx2/kem.c.o
[362/2405] Building C object src/kem/ntru/CMakeFiles/ntru_hrss1373_clean.dir/kem_ntru_hrss1373.c.o
[363/2405] Building C object src/kem/ntru/CMakeFiles/ntru_hrss1373_clean.dir/pqclean_ntruhrss1373_clean/kem.c.o
[364/2405] Building C object src/kem/ntru/CMakeFiles/ntru_hrss1373_clean.dir/pqclean_ntruhrss1373_clean/pack3.c.o
[365/2405] Building C object src/kem/ntru/CMakeFiles/ntru_hrss1373_clean.dir/pqclean_ntruhrss1373_clean/packq.c.o
[366/2405] Building C object src/kem/ntru/CMakeFiles/ntru_hrss1373_clean.dir/pqclean_ntruhrss1373_clean/owcpa.c.o
[367/2405] Building C object src/kem/ntru/CMakeFiles/ntru_hrss1373_clean.dir/pqclean_ntruhrss1373_clean/poly_mod.c.o
[368/2405] Building C object src/kem/ntru/CMakeFiles/ntru_hrss1373_clean.dir/pqclean_ntruhrss1373_clean/poly_lift.c.o
[369/2405] Building C object src/kem/ntru/CMakeFiles/ntru_hrss1373_clean.dir/pqclean_ntruhrss1373_clean/poly.c.o
[370/2405] Building C object src/kem/ntru/CMakeFiles/ntru_hrss701_avx2.dir/pqclean_ntruhrss701_avx2/poly_r2_inv.c.o
[371/2405] Building C object src/kem/ntru/CMakeFiles/ntru_hrss701_avx2.dir/pqclean_ntruhrss701_avx2/sample.c.o
[372/2405] Building C object src/kem/ntru/CMakeFiles/ntru_hrss1373_clean.dir/pqclean_ntruhrss1373_clean/poly_r2_inv.c.o
[373/2405] Building C object src/kem/ntru/CMakeFiles/ntru_hrss1373_clean.dir/pqclean_ntruhrss1373_clean/sample.c.o
[374/2405] Building C object src/kem/ntru/CMakeFiles/ntru_hrss1373_clean.dir/pqclean_ntruhrss1373_clean/sample_iid.c.o
[375/2405] Building C object src/kem/classic_mceliece/CMakeFiles/classic_mceliece_348864_clean.dir/pqclean_mceliece348864_clean/aes256ctr.c.o
[376/2405] Building C object src/kem/ntru/CMakeFiles/ntru_hrss701_avx2.dir/pqclean_ntruhrss701_avx2/sample_iid.c.o
[377/2405] Building C object src/kem/classic_mceliece/CMakeFiles/classic_mceliece_348864_clean.dir/pqclean_mceliece348864_clean/crypto_int16.c.o
[378/2405] Building C object src/kem/classic_mceliece/CMakeFiles/classic_mceliece_348864_clean.dir/pqclean_mceliece348864_clean/crypto_int32.c.o
[379/2405] Building C object src/kem/classic_mceliece/CMakeFiles/classic_mceliece_348864_clean.dir/pqclean_mceliece348864_clean/bm.c.o
[380/2405] Building C object src/kem/ntru/CMakeFiles/ntru_hrss1373_clean.dir/pqclean_ntruhrss1373_clean/poly_s3_inv.c.o
[381/2405] Building C object src/kem/classic_mceliece/CMakeFiles/classic_mceliece_348864_clean.dir/kem_classic_mceliece_348864.c.o
[382/2405] Building C object src/kem/classic_mceliece/CMakeFiles/classic_mceliece_348864_clean.dir/pqclean_mceliece348864_clean/crypto_uint32.c.o
[383/2405] Building C object src/kem/classic_mceliece/CMakeFiles/classic_mceliece_348864_clean.dir/pqclean_mceliece348864_clean/crypto_uint16.c.o
[384/2405] Building C object src/kem/classic_mceliece/CMakeFiles/classic_mceliece_348864_clean.dir/pqclean_mceliece348864_clean/crypto_uint64.c.o
[385/2405] Building C object src/kem/classic_mceliece/CMakeFiles/classic_mceliece_348864_clean.dir/pqclean_mceliece348864_clean/decrypt.c.o
[386/2405] Building C object src/kem/classic_mceliece/CMakeFiles/classic_mceliece_348864_clean.dir/pqclean_mceliece348864_clean/benes.c.o
[387/2405] Building C object src/kem/classic_mceliece/CMakeFiles/classic_mceliece_348864_clean.dir/pqclean_mceliece348864_clean/synd.c.o
[388/2405] Building C object src/kem/classic_mceliece/CMakeFiles/classic_mceliece_348864_clean.dir/pqclean_mceliece348864_clean/root.c.o
[389/2405] Building C object src/kem/classic_mceliece/CMakeFiles/classic_mceliece_348864_clean.dir/pqclean_mceliece348864_clean/operations.c.o
[390/2405] Building C object src/kem/classic_mceliece/CMakeFiles/classic_mceliece_348864_clean.dir/pqclean_mceliece348864_clean/encrypt.c.o
[391/2405] Building C object src/kem/ntru/CMakeFiles/ntru_hrss701_avx2.dir/pqclean_ntruhrss701_avx2/poly_s3_inv.c.o
[392/2405] Building C object src/kem/classic_mceliece/CMakeFiles/classic_mceliece_348864_clean.dir/pqclean_mceliece348864_clean/sk_gen.c.o
[393/2405] Building C object src/kem/classic_mceliece/CMakeFiles/classic_mceliece_348864_clean.dir/pqclean_mceliece348864_clean/util.c.o
[394/2405] Building C object src/kem/classic_mceliece/CMakeFiles/classic_mceliece_348864_clean.dir/pqclean_mceliece348864_clean/transpose.c.o
[395/2405] Building ASM object src/kem/classic_mceliece/CMakeFiles/classic_mceliece_348864_avx2.dir/pqclean_mceliece348864_avx2/consts.S.o
[396/2405] Building C object src/kem/classic_mceliece/CMakeFiles/classic_mceliece_348864_clean.dir/pqclean_mceliece348864_clean/gf.c.o
[397/2405] Building C object src/kem/classic_mceliece/CMakeFiles/classic_mceliece_348864_avx2.dir/pqclean_mceliece348864_avx2/aes256ctr.c.o
[398/2405] Building C object src/kem/classic_mceliece/CMakeFiles/classic_mceliece_348864_avx2.dir/pqclean_mceliece348864_avx2/crypto_int16.c.o
[399/2405] Building C object src/kem/classic_mceliece/CMakeFiles/classic_mceliece_348864_avx2.dir/pqclean_mceliece348864_avx2/crypto_int32.c.o
[400/2405] Building C object src/kem/classic_mceliece/CMakeFiles/classic_mceliece_348864_avx2.dir/pqclean_mceliece348864_avx2/crypto_uint16.c.o
[401/2405] Building C object src/kem/ntru/CMakeFiles/ntru_hrss701_clean.dir/pqclean_ntruhrss701_clean/poly_rq_mul.c.o
[402/2405] Building C object src/kem/classic_mceliece/CMakeFiles/classic_mceliece_348864_avx2.dir/pqclean_mceliece348864_avx2/crypto_uint64.c.o
[403/2405] Building C object src/kem/classic_mceliece/CMakeFiles/classic_mceliece_348864_clean.dir/pqclean_mceliece348864_clean/pk_gen.c.o
[404/2405] Building C object src/kem/classic_mceliece/CMakeFiles/classic_mceliece_348864_avx2.dir/pqclean_mceliece348864_avx2/bm.c.o
[405/2405] Building C object src/kem/classic_mceliece/CMakeFiles/classic_mceliece_348864_avx2.dir/pqclean_mceliece348864_avx2/crypto_uint32.c.o
[406/2405] Building C object src/kem/classic_mceliece/CMakeFiles/classic_mceliece_348864_avx2.dir/pqclean_mceliece348864_avx2/gf.c.o
[407/2405] Building ASM object src/kem/classic_mceliece/CMakeFiles/classic_mceliece_348864_avx2.dir/pqclean_mceliece348864_avx2/syndrome_asm.S.o
[408/2405] Building C object src/kem/classic_mceliece/CMakeFiles/classic_mceliece_348864_avx2.dir/pqclean_mceliece348864_avx2/controlbits.c.o
[409/2405] Building ASM object src/kem/classic_mceliece/CMakeFiles/classic_mceliece_348864_avx2.dir/pqclean_mceliece348864_avx2/transpose_64x256_sp_asm.S.o
[410/2405] Building C object src/kem/classic_mceliece/CMakeFiles/classic_mceliece_348864_avx2.dir/pqclean_mceliece348864_avx2/operations.c.o
[411/2405] Building ASM object src/kem/classic_mceliece/CMakeFiles/classic_mceliece_348864_avx2.dir/pqclean_mceliece348864_avx2/transpose_64x64_asm.S.o
[412/2405] Building ASM object src/kem/classic_mceliece/CMakeFiles/classic_mceliece_348864_avx2.dir/pqclean_mceliece348864_avx2/update_asm.S.o
[413/2405] Building C object src/kem/classic_mceliece/CMakeFiles/classic_mceliece_348864_avx2.dir/pqclean_mceliece348864_avx2/encrypt.c.o
[414/2405] Building ASM object src/kem/classic_mceliece/CMakeFiles/classic_mceliece_348864_avx2.dir/pqclean_mceliece348864_avx2/vec128_mul_asm.S.o
[415/2405] Building C object src/kem/classic_mceliece/CMakeFiles/classic_mceliece_348864_avx2.dir/pqclean_mceliece348864_avx2/vec.c.o
[416/2405] Building ASM object src/kem/classic_mceliece/CMakeFiles/classic_mceliece_348864_avx2.dir/pqclean_mceliece348864_avx2/vec_mul_asm.S.o
[417/2405] Building ASM object src/kem/classic_mceliece/CMakeFiles/classic_mceliece_348864_avx2.dir/pqclean_mceliece348864_avx2/vec256_mul_asm.S.o
[418/2405] Building C object src/kem/classic_mceliece/CMakeFiles/classic_mceliece_348864_clean.dir/pqclean_mceliece348864_clean/controlbits.c.o
[419/2405] Building ASM object src/kem/classic_mceliece/CMakeFiles/classic_mceliece_348864_avx2.dir/pqclean_mceliece348864_avx2/vec_reduce_asm.S.o
[420/2405] Building ASM object src/kem/classic_mceliece/CMakeFiles/classic_mceliece_348864_avx2.dir/pqclean_mceliece348864_avx2/vec_mul_sp_asm.S.o
[421/2405] Building C object src/kem/classic_mceliece/CMakeFiles/classic_mceliece_348864f_clean.dir/pqclean_mceliece348864f_clean/aes256ctr.c.o
[422/2405] Building C object src/kem/classic_mceliece/CMakeFiles/classic_mceliece_348864f_clean.dir/pqclean_mceliece348864f_clean/bm.c.o
[423/2405] Building C object src/kem/classic_mceliece/CMakeFiles/classic_mceliece_348864f_clean.dir/kem_classic_mceliece_348864f.c.o
[424/2405] Building C object src/kem/classic_mceliece/CMakeFiles/classic_mceliece_348864_avx2.dir/pqclean_mceliece348864_avx2/benes.c.o
[425/2405] Building C object src/kem/classic_mceliece/CMakeFiles/classic_mceliece_348864f_clean.dir/pqclean_mceliece348864f_clean/crypto_int16.c.o
[426/2405] Building C object src/kem/classic_mceliece/CMakeFiles/classic_mceliece_348864f_clean.dir/pqclean_mceliece348864f_clean/crypto_int32.c.o
[427/2405] Building C object src/kem/classic_mceliece/CMakeFiles/classic_mceliece_348864_avx2.dir/pqclean_mceliece348864_avx2/decrypt.c.o
[428/2405] Building C object src/kem/classic_mceliece/CMakeFiles/classic_mceliece_348864f_clean.dir/pqclean_mceliece348864f_clean/crypto_uint32.c.o
[429/2405] Building C object src/kem/classic_mceliece/CMakeFiles/classic_mceliece_348864f_clean.dir/pqclean_mceliece348864f_clean/benes.c.o
[430/2405] Building C object src/kem/classic_mceliece/CMakeFiles/classic_mceliece_348864f_clean.dir/pqclean_mceliece348864f_clean/crypto_uint16.c.o
[431/2405] Building C object src/kem/classic_mceliece/CMakeFiles/classic_mceliece_348864f_clean.dir/pqclean_mceliece348864f_clean/crypto_uint64.c.o
[432/2405] Building C object src/kem/classic_mceliece/CMakeFiles/classic_mceliece_348864_avx2.dir/pqclean_mceliece348864_avx2/sk_gen.c.o
[433/2405] Building C object src/kem/classic_mceliece/CMakeFiles/classic_mceliece_348864f_clean.dir/pqclean_mceliece348864f_clean/decrypt.c.o
[434/2405] Building C object src/kem/ntru/CMakeFiles/ntru_hrss1373_clean.dir/pqclean_ntruhrss1373_clean/poly_rq_mul.c.o
[435/2405] Building C object src/kem/classic_mceliece/CMakeFiles/classic_mceliece_348864f_clean.dir/pqclean_mceliece348864f_clean/encrypt.c.o
[436/2405] Building C object src/kem/classic_mceliece/CMakeFiles/classic_mceliece_348864_avx2.dir/pqclean_mceliece348864_avx2/pk_gen.c.o
[437/2405] Building C object src/kem/classic_mceliece/CMakeFiles/classic_mceliece_348864f_clean.dir/pqclean_mceliece348864f_clean/synd.c.o
[438/2405] Building C object src/kem/classic_mceliece/CMakeFiles/classic_mceliece_348864f_clean.dir/pqclean_mceliece348864f_clean/gf.c.o
[439/2405] Building C object src/kem/classic_mceliece/CMakeFiles/classic_mceliece_348864_avx2.dir/pqclean_mceliece348864_avx2/fft_tr.c.o
[440/2405] Building C object src/kem/classic_mceliece/CMakeFiles/classic_mceliece_348864_avx2.dir/pqclean_mceliece348864_avx2/fft.c.o
[441/2405] Building C object src/kem/classic_mceliece/CMakeFiles/classic_mceliece_348864f_clean.dir/pqclean_mceliece348864f_clean/root.c.o
[442/2405] Building C object src/kem/classic_mceliece/CMakeFiles/classic_mceliece_348864f_clean.dir/pqclean_mceliece348864f_clean/sk_gen.c.o
[443/2405] Building C object src/kem/classic_mceliece/CMakeFiles/classic_mceliece_348864f_clean.dir/pqclean_mceliece348864f_clean/operations.c.o
[444/2405] Building C object src/kem/classic_mceliece/CMakeFiles/classic_mceliece_348864_avx2.dir/pqclean_mceliece348864_avx2/vec256.c.o
[445/2405] Building ASM object src/kem/classic_mceliece/CMakeFiles/classic_mceliece_348864f_avx2.dir/pqclean_mceliece348864f_avx2/consts.S.o
[446/2405] Building C object src/kem/classic_mceliece/CMakeFiles/classic_mceliece_348864f_clean.dir/pqclean_mceliece348864f_clean/util.c.o
[447/2405] Building C object src/kem/classic_mceliece/CMakeFiles/classic_mceliece_348864f_clean.dir/pqclean_mceliece348864f_clean/transpose.c.o
[448/2405] Building C object src/kem/classic_mceliece/CMakeFiles/classic_mceliece_348864f_clean.dir/pqclean_mceliece348864f_clean/controlbits.c.o
[449/2405] Building C object src/kem/classic_mceliece/CMakeFiles/classic_mceliece_348864f_avx2.dir/pqclean_mceliece348864f_avx2/aes256ctr.c.o
[450/2405] Building C object src/kem/classic_mceliece/CMakeFiles/classic_mceliece_348864f_avx2.dir/pqclean_mceliece348864f_avx2/crypto_int16.c.o
[451/2405] Building C object src/kem/classic_mceliece/CMakeFiles/classic_mceliece_348864f_avx2.dir/pqclean_mceliece348864f_avx2/crypto_int32.c.o
[452/2405] Building C object src/kem/classic_mceliece/CMakeFiles/classic_mceliece_348864f_avx2.dir/pqclean_mceliece348864f_avx2/crypto_uint16.c.o
[453/2405] Building C object src/kem/classic_mceliece/CMakeFiles/classic_mceliece_348864f_avx2.dir/pqclean_mceliece348864f_avx2/crypto_uint32.c.o
[454/2405] Building C object src/kem/classic_mceliece/CMakeFiles/classic_mceliece_348864f_avx2.dir/pqclean_mceliece348864f_avx2/crypto_uint64.c.o
[455/2405] Building C object src/kem/classic_mceliece/CMakeFiles/classic_mceliece_348864f_avx2.dir/pqclean_mceliece348864f_avx2/bm.c.o
[456/2405] Building C object src/kem/classic_mceliece/CMakeFiles/classic_mceliece_348864f_avx2.dir/pqclean_mceliece348864f_avx2/gf.c.o
[457/2405] Building C object src/kem/classic_mceliece/CMakeFiles/classic_mceliece_348864f_avx2.dir/pqclean_mceliece348864f_avx2/encrypt.c.o
[458/2405] Building ASM object src/kem/classic_mceliece/CMakeFiles/classic_mceliece_348864f_avx2.dir/pqclean_mceliece348864f_avx2/syndrome_asm.S.o
[459/2405] Building C object src/kem/classic_mceliece/CMakeFiles/classic_mceliece_348864f_avx2.dir/pqclean_mceliece348864f_avx2/controlbits.c.o
[460/2405] Building ASM object src/kem/classic_mceliece/CMakeFiles/classic_mceliece_348864f_avx2.dir/pqclean_mceliece348864f_avx2/transpose_64x256_sp_asm.S.o
[461/2405] Building C object src/kem/classic_mceliece/CMakeFiles/classic_mceliece_348864f_clean.dir/pqclean_mceliece348864f_clean/pk_gen.c.o
[462/2405] Building ASM object src/kem/classic_mceliece/CMakeFiles/classic_mceliece_348864f_avx2.dir/pqclean_mceliece348864f_avx2/update_asm.S.o
[463/2405] Building ASM object src/kem/classic_mceliece/CMakeFiles/classic_mceliece_348864f_avx2.dir/pqclean_mceliece348864f_avx2/transpose_64x64_asm.S.o
[464/2405] Building C object src/kem/classic_mceliece/CMakeFiles/classic_mceliece_348864f_avx2.dir/pqclean_mceliece348864f_avx2/operations.c.o
[465/2405] Building ASM object src/kem/classic_mceliece/CMakeFiles/classic_mceliece_348864f_avx2.dir/pqclean_mceliece348864f_avx2/vec256_mul_asm.S.o
[466/2405] Building ASM object src/kem/classic_mceliece/CMakeFiles/classic_mceliece_348864f_avx2.dir/pqclean_mceliece348864f_avx2/vec128_mul_asm.S.o
[467/2405] Building ASM object src/kem/classic_mceliece/CMakeFiles/classic_mceliece_348864f_avx2.dir/pqclean_mceliece348864f_avx2/vec_mul_asm.S.o
[468/2405] Building C object src/kem/classic_mceliece/CMakeFiles/classic_mceliece_348864f_avx2.dir/pqclean_mceliece348864f_avx2/vec.c.o
[469/2405] Building ASM object src/kem/classic_mceliece/CMakeFiles/classic_mceliece_348864f_avx2.dir/pqclean_mceliece348864f_avx2/vec_mul_sp_asm.S.o
[470/2405] Building ASM object src/kem/classic_mceliece/CMakeFiles/classic_mceliece_348864f_avx2.dir/pqclean_mceliece348864f_avx2/vec_reduce_asm.S.o
[471/2405] Building C object src/kem/classic_mceliece/CMakeFiles/classic_mceliece_460896_clean.dir/pqclean_mceliece460896_clean/aes256ctr.c.o
[472/2405] Building C object src/kem/classic_mceliece/CMakeFiles/classic_mceliece_460896_clean.dir/kem_classic_mceliece_460896.c.o
[473/2405] Building C object src/kem/classic_mceliece/CMakeFiles/classic_mceliece_460896_clean.dir/pqclean_mceliece460896_clean/crypto_int16.c.o
[474/2405] Building C object src/kem/classic_mceliece/CMakeFiles/classic_mceliece_460896_clean.dir/pqclean_mceliece460896_clean/bm.c.o
[475/2405] Building C object src/kem/classic_mceliece/CMakeFiles/classic_mceliece_460896_clean.dir/pqclean_mceliece460896_clean/crypto_uint16.c.o
[476/2405] Building C object src/kem/classic_mceliece/CMakeFiles/classic_mceliece_460896_clean.dir/pqclean_mceliece460896_clean/crypto_int32.c.o
[477/2405] Building C object src/kem/classic_mceliece/CMakeFiles/classic_mceliece_460896_clean.dir/pqclean_mceliece460896_clean/crypto_uint64.c.o
[478/2405] Building C object src/kem/classic_mceliece/CMakeFiles/classic_mceliece_460896_clean.dir/pqclean_mceliece460896_clean/crypto_uint32.c.o
[479/2405] Building C object src/kem/classic_mceliece/CMakeFiles/classic_mceliece_460896_clean.dir/pqclean_mceliece460896_clean/decrypt.c.o
[480/2405] Building C object src/kem/classic_mceliece/CMakeFiles/classic_mceliece_460896_clean.dir/pqclean_mceliece460896_clean/benes.c.o
[481/2405] Building C object src/kem/classic_mceliece/CMakeFiles/classic_mceliece_348864f_avx2.dir/pqclean_mceliece348864f_avx2/benes.c.o
[482/2405] Building C object src/kem/classic_mceliece/CMakeFiles/classic_mceliece_348864f_avx2.dir/pqclean_mceliece348864f_avx2/sk_gen.c.o
[483/2405] Building C object src/kem/classic_mceliece/CMakeFiles/classic_mceliece_460896_clean.dir/pqclean_mceliece460896_clean/operations.c.o
[484/2405] Building C object src/kem/classic_mceliece/CMakeFiles/classic_mceliece_460896_clean.dir/pqclean_mceliece460896_clean/encrypt.c.o
[485/2405] Building C object src/kem/classic_mceliece/CMakeFiles/classic_mceliece_460896_clean.dir/pqclean_mceliece460896_clean/root.c.o
[486/2405] Building C object src/kem/classic_mceliece/CMakeFiles/classic_mceliece_460896_clean.dir/pqclean_mceliece460896_clean/gf.c.o
[487/2405] Building C object src/kem/classic_mceliece/CMakeFiles/classic_mceliece_348864f_avx2.dir/pqclean_mceliece348864f_avx2/vec256.c.o
[488/2405] Building C object src/kem/classic_mceliece/CMakeFiles/classic_mceliece_460896_clean.dir/pqclean_mceliece460896_clean/sk_gen.c.o
[489/2405] Building C object src/kem/classic_mceliece/CMakeFiles/classic_mceliece_460896_clean.dir/pqclean_mceliece460896_clean/transpose.c.o
[490/2405] Building C object src/kem/classic_mceliece/CMakeFiles/classic_mceliece_460896_clean.dir/pqclean_mceliece460896_clean/synd.c.o
[491/2405] Building C object src/kem/classic_mceliece/CMakeFiles/classic_mceliece_460896_avx2.dir/pqclean_mceliece460896_avx2/aes256ctr.c.o
[492/2405] Building C object src/kem/classic_mceliece/CMakeFiles/classic_mceliece_460896_clean.dir/pqclean_mceliece460896_clean/util.c.o
[493/2405] Building C object src/kem/classic_mceliece/CMakeFiles/classic_mceliece_348864f_avx2.dir/pqclean_mceliece348864f_avx2/decrypt.c.o
[494/2405] Building ASM object src/kem/classic_mceliece/CMakeFiles/classic_mceliece_460896_avx2.dir/pqclean_mceliece460896_avx2/consts.S.o
[495/2405] Building C object src/kem/classic_mceliece/CMakeFiles/classic_mceliece_460896_clean.dir/pqclean_mceliece460896_clean/pk_gen.c.o
[496/2405] Building C object src/kem/classic_mceliece/CMakeFiles/classic_mceliece_348864f_avx2.dir/pqclean_mceliece348864f_avx2/fft_tr.c.o
[497/2405] Building C object src/kem/classic_mceliece/CMakeFiles/classic_mceliece_348864f_avx2.dir/pqclean_mceliece348864f_avx2/fft.c.o
[498/2405] Building C object src/kem/classic_mceliece/CMakeFiles/classic_mceliece_460896_avx2.dir/pqclean_mceliece460896_avx2/crypto_int32.c.o
[499/2405] Building C object src/kem/classic_mceliece/CMakeFiles/classic_mceliece_460896_avx2.dir/pqclean_mceliece460896_avx2/crypto_uint16.c.o
[500/2405] Building C object src/kem/classic_mceliece/CMakeFiles/classic_mceliece_460896_avx2.dir/pqclean_mceliece460896_avx2/crypto_uint32.c.o
[501/2405] Building C object src/kem/classic_mceliece/CMakeFiles/classic_mceliece_348864f_avx2.dir/pqclean_mceliece348864f_avx2/pk_gen.c.o
[502/2405] Building C object src/kem/classic_mceliece/CMakeFiles/classic_mceliece_460896_avx2.dir/pqclean_mceliece460896_avx2/crypto_uint64.c.o
[503/2405] Building C object src/kem/classic_mceliece/CMakeFiles/classic_mceliece_460896_avx2.dir/pqclean_mceliece460896_avx2/crypto_int16.c.o
[504/2405] Building C object src/kem/classic_mceliece/CMakeFiles/classic_mceliece_460896_clean.dir/pqclean_mceliece460896_clean/controlbits.c.o
[505/2405] Building C object src/kem/classic_mceliece/CMakeFiles/classic_mceliece_460896_avx2.dir/pqclean_mceliece460896_avx2/controlbits.c.o
[506/2405] Building C object src/kem/classic_mceliece/CMakeFiles/classic_mceliece_460896_avx2.dir/pqclean_mceliece460896_avx2/gf.c.o
[507/2405] Building ASM object src/kem/classic_mceliece/CMakeFiles/classic_mceliece_460896_avx2.dir/pqclean_mceliece460896_avx2/syndrome_asm.S.o
[508/2405] Building C object src/kem/classic_mceliece/CMakeFiles/classic_mceliece_460896_avx2.dir/pqclean_mceliece460896_avx2/encrypt.c.o
[509/2405] Building C object src/kem/classic_mceliece/CMakeFiles/classic_mceliece_460896_avx2.dir/pqclean_mceliece460896_avx2/operations.c.o
[510/2405] Building ASM object src/kem/classic_mceliece/CMakeFiles/classic_mceliece_460896_avx2.dir/pqclean_mceliece460896_avx2/transpose_64x256_sp_asm.S.o
[511/2405] Building ASM object src/kem/classic_mceliece/CMakeFiles/classic_mceliece_460896_avx2.dir/pqclean_mceliece460896_avx2/transpose_64x128_sp_asm.S.o
[512/2405] Building ASM object src/kem/classic_mceliece/CMakeFiles/classic_mceliece_460896_avx2.dir/pqclean_mceliece460896_avx2/transpose_64x64_asm.S.o
[513/2405] Building ASM object src/kem/classic_mceliece/CMakeFiles/classic_mceliece_460896_avx2.dir/pqclean_mceliece460896_avx2/update_asm.S.o
[514/2405] Building ASM object src/kem/classic_mceliece/CMakeFiles/classic_mceliece_460896_avx2.dir/pqclean_mceliece460896_avx2/vec128_mul_asm.S.o
[515/2405] Building ASM object src/kem/classic_mceliece/CMakeFiles/classic_mceliece_460896_avx2.dir/pqclean_mceliece460896_avx2/vec256_ama_asm.S.o
[516/2405] Building ASM object src/kem/classic_mceliece/CMakeFiles/classic_mceliece_460896_avx2.dir/pqclean_mceliece460896_avx2/vec256_maa_asm.S.o
[517/2405] Building ASM object src/kem/classic_mceliece/CMakeFiles/classic_mceliece_460896_avx2.dir/pqclean_mceliece460896_avx2/vec256_mul_asm.S.o
[518/2405] Building C object src/kem/classic_mceliece/CMakeFiles/classic_mceliece_460896_avx2.dir/pqclean_mceliece460896_avx2/vec128.c.o
[519/2405] Building ASM object src/kem/classic_mceliece/CMakeFiles/classic_mceliece_460896_avx2.dir/pqclean_mceliece460896_avx2/vec_reduce_asm.S.o
[520/2405] Building C object src/kem/classic_mceliece/CMakeFiles/classic_mceliece_460896f_clean.dir/pqclean_mceliece460896f_clean/bm.c.o
[521/2405] Building C object src/kem/classic_mceliece/CMakeFiles/classic_mceliece_460896f_clean.dir/pqclean_mceliece460896f_clean/aes256ctr.c.o
[522/2405] Building C object src/kem/classic_mceliece/CMakeFiles/classic_mceliece_460896f_clean.dir/kem_classic_mceliece_460896f.c.o
[523/2405] Building C object src/kem/classic_mceliece/CMakeFiles/classic_mceliece_460896f_clean.dir/pqclean_mceliece460896f_clean/crypto_int16.c.o
[524/2405] Building C object src/kem/classic_mceliece/CMakeFiles/classic_mceliece_460896f_clean.dir/pqclean_mceliece460896f_clean/crypto_int32.c.o
[525/2405] Building C object src/kem/classic_mceliece/CMakeFiles/classic_mceliece_460896f_clean.dir/pqclean_mceliece460896f_clean/crypto_uint16.c.o
[526/2405] Building C object src/kem/classic_mceliece/CMakeFiles/classic_mceliece_460896_avx2.dir/pqclean_mceliece460896_avx2/benes.c.o
[527/2405] Building C object src/kem/classic_mceliece/CMakeFiles/classic_mceliece_460896_avx2.dir/pqclean_mceliece460896_avx2/bm.c.o
[528/2405] Building C object src/kem/classic_mceliece/CMakeFiles/classic_mceliece_460896f_clean.dir/pqclean_mceliece460896f_clean/crypto_uint32.c.o
[529/2405] Building C object src/kem/classic_mceliece/CMakeFiles/classic_mceliece_460896_avx2.dir/pqclean_mceliece460896_avx2/decrypt.c.o
[530/2405] Building C object src/kem/classic_mceliece/CMakeFiles/classic_mceliece_460896f_clean.dir/pqclean_mceliece460896f_clean/crypto_uint64.c.o
[531/2405] Building C object src/kem/classic_mceliece/CMakeFiles/classic_mceliece_460896f_clean.dir/pqclean_mceliece460896f_clean/decrypt.c.o
[532/2405] Building C object src/kem/classic_mceliece/CMakeFiles/classic_mceliece_460896f_clean.dir/pqclean_mceliece460896f_clean/benes.c.o
[533/2405] Building C object src/kem/classic_mceliece/CMakeFiles/classic_mceliece_460896_avx2.dir/pqclean_mceliece460896_avx2/sk_gen.c.o
[534/2405] Building C object src/kem/classic_mceliece/CMakeFiles/classic_mceliece_460896f_clean.dir/pqclean_mceliece460896f_clean/synd.c.o
[535/2405] Building C object src/kem/classic_mceliece/CMakeFiles/classic_mceliece_460896f_clean.dir/pqclean_mceliece460896f_clean/root.c.o
[536/2405] Building C object src/kem/classic_mceliece/CMakeFiles/classic_mceliece_460896f_clean.dir/pqclean_mceliece460896f_clean/encrypt.c.o
[537/2405] Building C object src/kem/classic_mceliece/CMakeFiles/classic_mceliece_460896f_clean.dir/pqclean_mceliece460896f_clean/operations.c.o
[538/2405] Building C object src/kem/classic_mceliece/CMakeFiles/classic_mceliece_460896_avx2.dir/pqclean_mceliece460896_avx2/vec256.c.o
[539/2405] Building C object src/kem/classic_mceliece/CMakeFiles/classic_mceliece_460896f_clean.dir/pqclean_mceliece460896f_clean/sk_gen.c.o
[540/2405] Building C object src/kem/classic_mceliece/CMakeFiles/classic_mceliece_460896f_clean.dir/pqclean_mceliece460896f_clean/gf.c.o
[541/2405] Building C object src/kem/classic_mceliece/CMakeFiles/classic_mceliece_460896f_clean.dir/pqclean_mceliece460896f_clean/util.c.o
[542/2405] Building ASM object src/kem/classic_mceliece/CMakeFiles/classic_mceliece_460896f_avx2.dir/pqclean_mceliece460896f_avx2/consts.S.o
[543/2405] Building C object src/kem/classic_mceliece/CMakeFiles/classic_mceliece_460896f_clean.dir/pqclean_mceliece460896f_clean/transpose.c.o
[544/2405] Building C object src/kem/classic_mceliece/CMakeFiles/classic_mceliece_460896_avx2.dir/pqclean_mceliece460896_avx2/pk_gen.c.o
[545/2405] Building C object src/kem/classic_mceliece/CMakeFiles/classic_mceliece_460896f_avx2.dir/pqclean_mceliece460896f_avx2/aes256ctr.c.o
[546/2405] Building C object src/kem/classic_mceliece/CMakeFiles/classic_mceliece_460896f_avx2.dir/pqclean_mceliece460896f_avx2/crypto_uint32.c.o
[547/2405] Building C object src/kem/classic_mceliece/CMakeFiles/classic_mceliece_460896f_avx2.dir/pqclean_mceliece460896f_avx2/crypto_int16.c.o
[548/2405] Building C object src/kem/classic_mceliece/CMakeFiles/classic_mceliece_460896f_avx2.dir/pqclean_mceliece460896f_avx2/crypto_int32.c.o
[549/2405] Building C object src/kem/classic_mceliece/CMakeFiles/classic_mceliece_460896f_avx2.dir/pqclean_mceliece460896f_avx2/crypto_uint16.c.o
[550/2405] Building C object src/kem/classic_mceliece/CMakeFiles/classic_mceliece_460896f_avx2.dir/pqclean_mceliece460896f_avx2/crypto_uint64.c.o
[551/2405] Building C object src/kem/classic_mceliece/CMakeFiles/classic_mceliece_460896_avx2.dir/pqclean_mceliece460896_avx2/fft.c.o
[552/2405] Building C object src/kem/classic_mceliece/CMakeFiles/classic_mceliece_460896f_clean.dir/pqclean_mceliece460896f_clean/pk_gen.c.o
[553/2405] Building C object src/kem/classic_mceliece/CMakeFiles/classic_mceliece_460896f_avx2.dir/pqclean_mceliece460896f_avx2/gf.c.o
[554/2405] Building C object src/kem/classic_mceliece/CMakeFiles/classic_mceliece_460896f_avx2.dir/pqclean_mceliece460896f_avx2/encrypt.c.o
[555/2405] Building C object src/kem/classic_mceliece/CMakeFiles/classic_mceliece_460896f_avx2.dir/pqclean_mceliece460896f_avx2/controlbits.c.o
[556/2405] Building C object src/kem/classic_mceliece/CMakeFiles/classic_mceliece_460896f_clean.dir/pqclean_mceliece460896f_clean/controlbits.c.o
[557/2405] Building ASM object src/kem/classic_mceliece/CMakeFiles/classic_mceliece_460896f_avx2.dir/pqclean_mceliece460896f_avx2/syndrome_asm.S.o
[558/2405] Building ASM object src/kem/classic_mceliece/CMakeFiles/classic_mceliece_460896f_avx2.dir/pqclean_mceliece460896f_avx2/transpose_64x128_sp_asm.S.o
[559/2405] Building C object src/kem/classic_mceliece/CMakeFiles/classic_mceliece_460896f_avx2.dir/pqclean_mceliece460896f_avx2/operations.c.o
[560/2405] Building ASM object src/kem/classic_mceliece/CMakeFiles/classic_mceliece_460896f_avx2.dir/pqclean_mceliece460896f_avx2/transpose_64x256_sp_asm.S.o
[561/2405] Building ASM object src/kem/classic_mceliece/CMakeFiles/classic_mceliece_460896f_avx2.dir/pqclean_mceliece460896f_avx2/transpose_64x64_asm.S.o
[562/2405] Building ASM object src/kem/classic_mceliece/CMakeFiles/classic_mceliece_460896f_avx2.dir/pqclean_mceliece460896f_avx2/update_asm.S.o
[563/2405] Building ASM object src/kem/classic_mceliece/CMakeFiles/classic_mceliece_460896f_avx2.dir/pqclean_mceliece460896f_avx2/vec128_mul_asm.S.o
[564/2405] Building ASM object src/kem/classic_mceliece/CMakeFiles/classic_mceliece_460896f_avx2.dir/pqclean_mceliece460896f_avx2/vec256_ama_asm.S.o
[565/2405] Building C object src/kem/classic_mceliece/CMakeFiles/classic_mceliece_460896_avx2.dir/pqclean_mceliece460896_avx2/fft_tr.c.o
[566/2405] Building ASM object src/kem/classic_mceliece/CMakeFiles/classic_mceliece_460896f_avx2.dir/pqclean_mceliece460896f_avx2/vec256_mul_asm.S.o
[567/2405] Building ASM object src/kem/classic_mceliece/CMakeFiles/classic_mceliece_460896f_avx2.dir/pqclean_mceliece460896f_avx2/vec256_maa_asm.S.o
[568/2405] Building C object src/kem/classic_mceliece/CMakeFiles/classic_mceliece_460896f_avx2.dir/pqclean_mceliece460896f_avx2/vec128.c.o
[569/2405] Building ASM object src/kem/classic_mceliece/CMakeFiles/classic_mceliece_460896f_avx2.dir/pqclean_mceliece460896f_avx2/vec_reduce_asm.S.o
[570/2405] Building C object src/kem/classic_mceliece/CMakeFiles/classic_mceliece_6688128_clean.dir/pqclean_mceliece6688128_clean/aes256ctr.c.o
[571/2405] Building C object src/kem/classic_mceliece/CMakeFiles/classic_mceliece_6688128_clean.dir/kem_classic_mceliece_6688128.c.o
[572/2405] Building C object src/kem/classic_mceliece/CMakeFiles/classic_mceliece_6688128_clean.dir/pqclean_mceliece6688128_clean/bm.c.o
[573/2405] Building C object src/kem/classic_mceliece/CMakeFiles/classic_mceliece_6688128_clean.dir/pqclean_mceliece6688128_clean/crypto_int16.c.o
[574/2405] Building C object src/kem/classic_mceliece/CMakeFiles/classic_mceliece_6688128_clean.dir/pqclean_mceliece6688128_clean/benes.c.o
[575/2405] Building C object src/kem/classic_mceliece/CMakeFiles/classic_mceliece_460896f_avx2.dir/pqclean_mceliece460896f_avx2/benes.c.o
[576/2405] Building C object src/kem/classic_mceliece/CMakeFiles/classic_mceliece_460896f_avx2.dir/pqclean_mceliece460896f_avx2/bm.c.o
[577/2405] Building C object src/kem/classic_mceliece/CMakeFiles/classic_mceliece_6688128_clean.dir/pqclean_mceliece6688128_clean/crypto_int32.c.o
[578/2405] Building C object src/kem/classic_mceliece/CMakeFiles/classic_mceliece_460896f_avx2.dir/pqclean_mceliece460896f_avx2/decrypt.c.o
[579/2405] Building C object src/kem/classic_mceliece/CMakeFiles/classic_mceliece_6688128_clean.dir/pqclean_mceliece6688128_clean/crypto_uint16.c.o
[580/2405] Building C object src/kem/classic_mceliece/CMakeFiles/classic_mceliece_6688128_clean.dir/pqclean_mceliece6688128_clean/crypto_uint32.c.o
[581/2405] Building C object src/kem/classic_mceliece/CMakeFiles/classic_mceliece_6688128_clean.dir/pqclean_mceliece6688128_clean/crypto_uint64.c.o
[582/2405] Building C object src/kem/classic_mceliece/CMakeFiles/classic_mceliece_6688128_clean.dir/pqclean_mceliece6688128_clean/decrypt.c.o
[583/2405] Building C object src/kem/classic_mceliece/CMakeFiles/classic_mceliece_6688128_clean.dir/pqclean_mceliece6688128_clean/root.c.o
[584/2405] Building C object src/kem/classic_mceliece/CMakeFiles/classic_mceliece_6688128_clean.dir/pqclean_mceliece6688128_clean/encrypt.c.o
[585/2405] Building C object src/kem/classic_mceliece/CMakeFiles/classic_mceliece_6688128_clean.dir/pqclean_mceliece6688128_clean/operations.c.o
[586/2405] Building C object src/kem/classic_mceliece/CMakeFiles/classic_mceliece_6688128_clean.dir/pqclean_mceliece6688128_clean/gf.c.o
[587/2405] Building C object src/kem/classic_mceliece/CMakeFiles/classic_mceliece_6688128_clean.dir/pqclean_mceliece6688128_clean/synd.c.o
[588/2405] Building C object src/kem/classic_mceliece/CMakeFiles/classic_mceliece_6688128_clean.dir/pqclean_mceliece6688128_clean/sk_gen.c.o
[589/2405] Building C object src/kem/classic_mceliece/CMakeFiles/classic_mceliece_6688128_clean.dir/pqclean_mceliece6688128_clean/util.c.o
[590/2405] Building ASM object src/kem/classic_mceliece/CMakeFiles/classic_mceliece_6688128_avx2.dir/pqclean_mceliece6688128_avx2/consts.S.o
[591/2405] Building C object src/kem/classic_mceliece/CMakeFiles/classic_mceliece_6688128_clean.dir/pqclean_mceliece6688128_clean/transpose.c.o
[592/2405] Building C object src/kem/classic_mceliece/CMakeFiles/classic_mceliece_6688128_avx2.dir/pqclean_mceliece6688128_avx2/aes256ctr.c.o
[593/2405] Building C object src/kem/classic_mceliece/CMakeFiles/classic_mceliece_6688128_clean.dir/pqclean_mceliece6688128_clean/pk_gen.c.o
[594/2405] Building C object src/kem/classic_mceliece/CMakeFiles/classic_mceliece_460896f_avx2.dir/pqclean_mceliece460896f_avx2/sk_gen.c.o
[595/2405] Building C object src/kem/classic_mceliece/CMakeFiles/classic_mceliece_460896f_avx2.dir/pqclean_mceliece460896f_avx2/vec256.c.o
[596/2405] Building C object src/kem/classic_mceliece/CMakeFiles/classic_mceliece_6688128_avx2.dir/pqclean_mceliece6688128_avx2/crypto_int32.c.o
[597/2405] Building C object src/kem/classic_mceliece/CMakeFiles/classic_mceliece_6688128_avx2.dir/pqclean_mceliece6688128_avx2/crypto_uint16.c.o
[598/2405] Building C object src/kem/classic_mceliece/CMakeFiles/classic_mceliece_6688128_avx2.dir/pqclean_mceliece6688128_avx2/crypto_int16.c.o
[599/2405] Building C object src/kem/classic_mceliece/CMakeFiles/classic_mceliece_460896f_avx2.dir/pqclean_mceliece460896f_avx2/fft_tr.c.o
[600/2405] Building C object src/kem/classic_mceliece/CMakeFiles/classic_mceliece_6688128_avx2.dir/pqclean_mceliece6688128_avx2/crypto_uint64.c.o
[601/2405] Building C object src/kem/classic_mceliece/CMakeFiles/classic_mceliece_6688128_avx2.dir/pqclean_mceliece6688128_avx2/crypto_uint32.c.o
[602/2405] Building C object src/kem/classic_mceliece/CMakeFiles/classic_mceliece_460896f_avx2.dir/pqclean_mceliece460896f_avx2/pk_gen.c.o
[603/2405] Building C object src/kem/classic_mceliece/CMakeFiles/classic_mceliece_460896f_avx2.dir/pqclean_mceliece460896f_avx2/fft.c.o
[604/2405] Building C object src/kem/classic_mceliece/CMakeFiles/classic_mceliece_6688128_avx2.dir/pqclean_mceliece6688128_avx2/encrypt.c.o
[605/2405] Building C object src/kem/classic_mceliece/CMakeFiles/classic_mceliece_6688128_avx2.dir/pqclean_mceliece6688128_avx2/gf.c.o
[606/2405] Building ASM object src/kem/classic_mceliece/CMakeFiles/classic_mceliece_6688128_avx2.dir/pqclean_mceliece6688128_avx2/syndrome_asm.S.o
[607/2405] Building C object src/kem/classic_mceliece/CMakeFiles/classic_mceliece_6688128_clean.dir/pqclean_mceliece6688128_clean/controlbits.c.o
[608/2405] Building C object src/kem/classic_mceliece/CMakeFiles/classic_mceliece_6688128_avx2.dir/pqclean_mceliece6688128_avx2/operations.c.o
[609/2405] Building C object src/kem/classic_mceliece/CMakeFiles/classic_mceliece_6688128_avx2.dir/pqclean_mceliece6688128_avx2/controlbits.c.o
[610/2405] Building ASM object src/kem/classic_mceliece/CMakeFiles/classic_mceliece_6688128_avx2.dir/pqclean_mceliece6688128_avx2/transpose_64x128_sp_asm.S.o
[611/2405] Building ASM object src/kem/classic_mceliece/CMakeFiles/classic_mceliece_6688128_avx2.dir/pqclean_mceliece6688128_avx2/update_asm.S.o
[612/2405] Building ASM object src/kem/classic_mceliece/CMakeFiles/classic_mceliece_6688128_avx2.dir/pqclean_mceliece6688128_avx2/transpose_64x256_sp_asm.S.o
[613/2405] Building ASM object src/kem/classic_mceliece/CMakeFiles/classic_mceliece_6688128_avx2.dir/pqclean_mceliece6688128_avx2/transpose_64x64_asm.S.o
[614/2405] Building ASM object src/kem/classic_mceliece/CMakeFiles/classic_mceliece_6688128_avx2.dir/pqclean_mceliece6688128_avx2/vec128_mul_asm.S.o
[615/2405] Building ASM object src/kem/classic_mceliece/CMakeFiles/classic_mceliece_6688128_avx2.dir/pqclean_mceliece6688128_avx2/vec256_ama_asm.S.o
[616/2405] Building ASM object src/kem/classic_mceliece/CMakeFiles/classic_mceliece_6688128_avx2.dir/pqclean_mceliece6688128_avx2/vec256_maa_asm.S.o
[617/2405] Building C object src/kem/classic_mceliece/CMakeFiles/classic_mceliece_6688128_avx2.dir/pqclean_mceliece6688128_avx2/vec128.c.o
[618/2405] Building ASM object src/kem/classic_mceliece/CMakeFiles/classic_mceliece_6688128_avx2.dir/pqclean_mceliece6688128_avx2/vec256_mul_asm.S.o
[619/2405] Building ASM object src/kem/classic_mceliece/CMakeFiles/classic_mceliece_6688128_avx2.dir/pqclean_mceliece6688128_avx2/vec_reduce_asm.S.o
[620/2405] Building C object src/kem/classic_mceliece/CMakeFiles/classic_mceliece_6688128f_clean.dir/pqclean_mceliece6688128f_clean/aes256ctr.c.o
[621/2405] Building C object src/kem/classic_mceliece/CMakeFiles/classic_mceliece_6688128f_clean.dir/kem_classic_mceliece_6688128f.c.o
[622/2405] Building C object src/kem/classic_mceliece/CMakeFiles/classic_mceliece_6688128_avx2.dir/pqclean_mceliece6688128_avx2/benes.c.o
[623/2405] Building C object src/kem/classic_mceliece/CMakeFiles/classic_mceliece_6688128f_clean.dir/pqclean_mceliece6688128f_clean/bm.c.o
[624/2405] Building C object src/kem/classic_mceliece/CMakeFiles/classic_mceliece_6688128_avx2.dir/pqclean_mceliece6688128_avx2/decrypt.c.o
[625/2405] Building C object src/kem/classic_mceliece/CMakeFiles/classic_mceliece_6688128_avx2.dir/pqclean_mceliece6688128_avx2/bm.c.o
[626/2405] Building C object src/kem/classic_mceliece/CMakeFiles/classic_mceliece_6688128f_clean.dir/pqclean_mceliece6688128f_clean/crypto_int32.c.o
[627/2405] Building C object src/kem/classic_mceliece/CMakeFiles/classic_mceliece_6688128f_clean.dir/pqclean_mceliece6688128f_clean/crypto_uint32.c.o
[628/2405] Building C object src/kem/classic_mceliece/CMakeFiles/classic_mceliece_6688128f_clean.dir/pqclean_mceliece6688128f_clean/crypto_int16.c.o
[629/2405] Building C object src/kem/classic_mceliece/CMakeFiles/classic_mceliece_6688128f_clean.dir/pqclean_mceliece6688128f_clean/crypto_uint16.c.o
[630/2405] Building C object src/kem/classic_mceliece/CMakeFiles/classic_mceliece_6688128f_clean.dir/pqclean_mceliece6688128f_clean/crypto_uint64.c.o
[631/2405] Building C object src/kem/classic_mceliece/CMakeFiles/classic_mceliece_6688128f_clean.dir/pqclean_mceliece6688128f_clean/benes.c.o
[632/2405] Building C object src/kem/classic_mceliece/CMakeFiles/classic_mceliece_6688128f_clean.dir/pqclean_mceliece6688128f_clean/decrypt.c.o
[633/2405] Building C object src/kem/classic_mceliece/CMakeFiles/classic_mceliece_6688128f_clean.dir/pqclean_mceliece6688128f_clean/root.c.o
[634/2405] Building C object src/kem/classic_mceliece/CMakeFiles/classic_mceliece_6688128_avx2.dir/pqclean_mceliece6688128_avx2/sk_gen.c.o
[635/2405] Building C object src/kem/classic_mceliece/CMakeFiles/classic_mceliece_6688128f_clean.dir/pqclean_mceliece6688128f_clean/operations.c.o
[636/2405] Building C object src/kem/classic_mceliece/CMakeFiles/classic_mceliece_6688128f_clean.dir/pqclean_mceliece6688128f_clean/encrypt.c.o
[637/2405] Building C object src/kem/classic_mceliece/CMakeFiles/classic_mceliece_6688128f_clean.dir/pqclean_mceliece6688128f_clean/synd.c.o
[638/2405] Building C object src/kem/classic_mceliece/CMakeFiles/classic_mceliece_6688128f_clean.dir/pqclean_mceliece6688128f_clean/gf.c.o
[639/2405] Building C object src/kem/classic_mceliece/CMakeFiles/classic_mceliece_6688128_avx2.dir/pqclean_mceliece6688128_avx2/vec256.c.o
[640/2405] Building C object src/kem/classic_mceliece/CMakeFiles/classic_mceliece_6688128f_clean.dir/pqclean_mceliece6688128f_clean/util.c.o
[641/2405] Building C object src/kem/classic_mceliece/CMakeFiles/classic_mceliece_6688128f_clean.dir/pqclean_mceliece6688128f_clean/transpose.c.o
[642/2405] Building C object src/kem/classic_mceliece/CMakeFiles/classic_mceliece_6688128f_clean.dir/pqclean_mceliece6688128f_clean/sk_gen.c.o
[643/2405] Building C object src/kem/classic_mceliece/CMakeFiles/classic_mceliece_6688128f_avx2.dir/pqclean_mceliece6688128f_avx2/aes256ctr.c.o
[644/2405] Building ASM object src/kem/classic_mceliece/CMakeFiles/classic_mceliece_6688128f_avx2.dir/pqclean_mceliece6688128f_avx2/consts.S.o
[645/2405] Building C object src/kem/classic_mceliece/CMakeFiles/classic_mceliece_6688128f_avx2.dir/pqclean_mceliece6688128f_avx2/crypto_uint16.c.o
[646/2405] Building C object src/kem/classic_mceliece/CMakeFiles/classic_mceliece_6688128_avx2.dir/pqclean_mceliece6688128_avx2/pk_gen.c.o
[647/2405] Building C object src/kem/classic_mceliece/CMakeFiles/classic_mceliece_6688128f_avx2.dir/pqclean_mceliece6688128f_avx2/crypto_uint32.c.o
[648/2405] Building C object src/kem/classic_mceliece/CMakeFiles/classic_mceliece_6688128f_avx2.dir/pqclean_mceliece6688128f_avx2/crypto_int16.c.o
[649/2405] Building C object src/kem/classic_mceliece/CMakeFiles/classic_mceliece_6688128f_avx2.dir/pqclean_mceliece6688128f_avx2/crypto_int32.c.o
[650/2405] Building C object src/kem/classic_mceliece/CMakeFiles/classic_mceliece_6688128f_avx2.dir/pqclean_mceliece6688128f_avx2/crypto_uint64.c.o
[651/2405] Building C object src/kem/classic_mceliece/CMakeFiles/classic_mceliece_6688128f_clean.dir/pqclean_mceliece6688128f_clean/pk_gen.c.o
[652/2405] Building C object src/kem/classic_mceliece/CMakeFiles/classic_mceliece_6688128f_avx2.dir/pqclean_mceliece6688128f_avx2/controlbits.c.o
[653/2405] Building C object src/kem/classic_mceliece/CMakeFiles/classic_mceliece_6688128f_clean.dir/pqclean_mceliece6688128f_clean/controlbits.c.o
[654/2405] Building C object src/kem/classic_mceliece/CMakeFiles/classic_mceliece_6688128f_avx2.dir/pqclean_mceliece6688128f_avx2/gf.c.o
[655/2405] Building C object src/kem/classic_mceliece/CMakeFiles/classic_mceliece_6688128f_avx2.dir/pqclean_mceliece6688128f_avx2/encrypt.c.o
[656/2405] Building ASM object src/kem/classic_mceliece/CMakeFiles/classic_mceliece_6688128f_avx2.dir/pqclean_mceliece6688128f_avx2/syndrome_asm.S.o
[657/2405] Building C object src/kem/classic_mceliece/CMakeFiles/classic_mceliece_6688128_avx2.dir/pqclean_mceliece6688128_avx2/fft_tr.c.o
[658/2405] Building C object src/kem/classic_mceliece/CMakeFiles/classic_mceliece_6688128_avx2.dir/pqclean_mceliece6688128_avx2/fft.c.o
[659/2405] Building ASM object src/kem/classic_mceliece/CMakeFiles/classic_mceliece_6688128f_avx2.dir/pqclean_mceliece6688128f_avx2/transpose_64x128_sp_asm.S.o
[660/2405] Building ASM object src/kem/classic_mceliece/CMakeFiles/classic_mceliece_6688128f_avx2.dir/pqclean_mceliece6688128f_avx2/transpose_64x64_asm.S.o
[661/2405] Building C object src/kem/classic_mceliece/CMakeFiles/classic_mceliece_6688128f_avx2.dir/pqclean_mceliece6688128f_avx2/operations.c.o
[662/2405] Building ASM object src/kem/classic_mceliece/CMakeFiles/classic_mceliece_6688128f_avx2.dir/pqclean_mceliece6688128f_avx2/transpose_64x256_sp_asm.S.o
[663/2405] Building ASM object src/kem/classic_mceliece/CMakeFiles/classic_mceliece_6688128f_avx2.dir/pqclean_mceliece6688128f_avx2/update_asm.S.o
[664/2405] Building ASM object src/kem/classic_mceliece/CMakeFiles/classic_mceliece_6688128f_avx2.dir/pqclean_mceliece6688128f_avx2/vec128_mul_asm.S.o
[665/2405] Building ASM object src/kem/classic_mceliece/CMakeFiles/classic_mceliece_6688128f_avx2.dir/pqclean_mceliece6688128f_avx2/vec256_ama_asm.S.o
[666/2405] Building C object src/kem/classic_mceliece/CMakeFiles/classic_mceliece_6688128f_avx2.dir/pqclean_mceliece6688128f_avx2/vec128.c.o
[667/2405] Building ASM object src/kem/classic_mceliece/CMakeFiles/classic_mceliece_6688128f_avx2.dir/pqclean_mceliece6688128f_avx2/vec256_maa_asm.S.o
[668/2405] Building ASM object src/kem/classic_mceliece/CMakeFiles/classic_mceliece_6688128f_avx2.dir/pqclean_mceliece6688128f_avx2/vec_reduce_asm.S.o
[669/2405] Building ASM object src/kem/classic_mceliece/CMakeFiles/classic_mceliece_6688128f_avx2.dir/pqclean_mceliece6688128f_avx2/vec256_mul_asm.S.o
[670/2405] Building C object src/kem/classic_mceliece/CMakeFiles/classic_mceliece_6960119_clean.dir/pqclean_mceliece6960119_clean/aes256ctr.c.o
[671/2405] Building C object src/kem/classic_mceliece/CMakeFiles/classic_mceliece_6960119_clean.dir/kem_classic_mceliece_6960119.c.o
[672/2405] Building C object src/kem/classic_mceliece/CMakeFiles/classic_mceliece_6960119_clean.dir/pqclean_mceliece6960119_clean/bm.c.o
[673/2405] Building C object src/kem/classic_mceliece/CMakeFiles/classic_mceliece_6960119_clean.dir/pqclean_mceliece6960119_clean/crypto_int16.c.o
[674/2405] Building C object src/kem/classic_mceliece/CMakeFiles/classic_mceliece_6688128f_avx2.dir/pqclean_mceliece6688128f_avx2/decrypt.c.o
[675/2405] Building C object src/kem/classic_mceliece/CMakeFiles/classic_mceliece_6688128f_avx2.dir/pqclean_mceliece6688128f_avx2/bm.c.o
[676/2405] Building C object src/kem/classic_mceliece/CMakeFiles/classic_mceliece_6960119_clean.dir/pqclean_mceliece6960119_clean/crypto_uint32.c.o
[677/2405] Building C object src/kem/classic_mceliece/CMakeFiles/classic_mceliece_6960119_clean.dir/pqclean_mceliece6960119_clean/crypto_int32.c.o
[678/2405] Building C object src/kem/classic_mceliece/CMakeFiles/classic_mceliece_6960119_clean.dir/pqclean_mceliece6960119_clean/crypto_uint16.c.o
[679/2405] Building C object src/kem/classic_mceliece/CMakeFiles/classic_mceliece_6688128f_avx2.dir/pqclean_mceliece6688128f_avx2/benes.c.o
[680/2405] Building C object src/kem/classic_mceliece/CMakeFiles/classic_mceliece_6960119_clean.dir/pqclean_mceliece6960119_clean/crypto_uint64.c.o
[681/2405] Building C object src/kem/classic_mceliece/CMakeFiles/classic_mceliece_6960119_clean.dir/pqclean_mceliece6960119_clean/decrypt.c.o
[682/2405] Building C object src/kem/classic_mceliece/CMakeFiles/classic_mceliece_6960119_clean.dir/pqclean_mceliece6960119_clean/benes.c.o
[683/2405] Building C object src/kem/classic_mceliece/CMakeFiles/classic_mceliece_6960119_clean.dir/pqclean_mceliece6960119_clean/root.c.o
[684/2405] Building C object src/kem/classic_mceliece/CMakeFiles/classic_mceliece_6960119_clean.dir/pqclean_mceliece6960119_clean/encrypt.c.o
[685/2405] Building C object src/kem/classic_mceliece/CMakeFiles/classic_mceliece_6960119_clean.dir/pqclean_mceliece6960119_clean/gf.c.o
[686/2405] Building C object src/kem/classic_mceliece/CMakeFiles/classic_mceliece_6960119_clean.dir/pqclean_mceliece6960119_clean/operations.c.o
[687/2405] Building C object src/kem/classic_mceliece/CMakeFiles/classic_mceliece_6960119_clean.dir/pqclean_mceliece6960119_clean/sk_gen.c.o
[688/2405] Building C object src/kem/classic_mceliece/CMakeFiles/classic_mceliece_6960119_clean.dir/pqclean_mceliece6960119_clean/transpose.c.o
[689/2405] Building C object src/kem/classic_mceliece/CMakeFiles/classic_mceliece_6688128f_avx2.dir/pqclean_mceliece6688128f_avx2/vec256.c.o
[690/2405] Building C object src/kem/classic_mceliece/CMakeFiles/classic_mceliece_6960119_clean.dir/pqclean_mceliece6960119_clean/synd.c.o
[691/2405] Building C object src/kem/classic_mceliece/CMakeFiles/classic_mceliece_6960119_clean.dir/pqclean_mceliece6960119_clean/pk_gen.c.o
[692/2405] Building C object src/kem/classic_mceliece/CMakeFiles/classic_mceliece_6688128f_avx2.dir/pqclean_mceliece6688128f_avx2/sk_gen.c.o
[693/2405] Building C object src/kem/classic_mceliece/CMakeFiles/classic_mceliece_6960119_avx2.dir/pqclean_mceliece6960119_avx2/aes256ctr.c.o
[694/2405] Building C object src/kem/classic_mceliece/CMakeFiles/classic_mceliece_6960119_clean.dir/pqclean_mceliece6960119_clean/util.c.o
[695/2405] Building ASM object src/kem/classic_mceliece/CMakeFiles/classic_mceliece_6960119_avx2.dir/pqclean_mceliece6960119_avx2/consts.S.o
[696/2405] Building C object src/kem/classic_mceliece/CMakeFiles/classic_mceliece_6960119_avx2.dir/pqclean_mceliece6960119_avx2/crypto_int16.c.o
[697/2405] Building C object src/kem/classic_mceliece/CMakeFiles/classic_mceliece_6960119_avx2.dir/pqclean_mceliece6960119_avx2/crypto_int32.c.o
[698/2405] Building C object src/kem/classic_mceliece/CMakeFiles/classic_mceliece_6688128f_avx2.dir/pqclean_mceliece6688128f_avx2/fft_tr.c.o
[699/2405] Building C object src/kem/classic_mceliece/CMakeFiles/classic_mceliece_6688128f_avx2.dir/pqclean_mceliece6688128f_avx2/pk_gen.c.o
[700/2405] Building C object src/kem/classic_mceliece/CMakeFiles/classic_mceliece_6960119_avx2.dir/pqclean_mceliece6960119_avx2/crypto_uint16.c.o
[701/2405] Building C object src/kem/classic_mceliece/CMakeFiles/classic_mceliece_6960119_avx2.dir/pqclean_mceliece6960119_avx2/crypto_uint32.c.o
[702/2405] Building C object src/kem/classic_mceliece/CMakeFiles/classic_mceliece_6960119_avx2.dir/pqclean_mceliece6960119_avx2/crypto_uint64.c.o
[703/2405] Building C object src/kem/classic_mceliece/CMakeFiles/classic_mceliece_6960119_avx2.dir/pqclean_mceliece6960119_avx2/encrypt.c.o
[704/2405] Building C object src/kem/classic_mceliece/CMakeFiles/classic_mceliece_6960119_avx2.dir/pqclean_mceliece6960119_avx2/operations.c.o
[705/2405] Building C object src/kem/classic_mceliece/CMakeFiles/classic_mceliece_6960119_avx2.dir/pqclean_mceliece6960119_avx2/gf.c.o
[706/2405] Building ASM object src/kem/classic_mceliece/CMakeFiles/classic_mceliece_6960119_avx2.dir/pqclean_mceliece6960119_avx2/syndrome_asm.S.o
[707/2405] Building ASM object src/kem/classic_mceliece/CMakeFiles/classic_mceliece_6960119_avx2.dir/pqclean_mceliece6960119_avx2/transpose_64x128_sp_asm.S.o
[708/2405] Building ASM object src/kem/classic_mceliece/CMakeFiles/classic_mceliece_6960119_avx2.dir/pqclean_mceliece6960119_avx2/transpose_64x256_sp_asm.S.o
[709/2405] Building ASM object src/kem/classic_mceliece/CMakeFiles/classic_mceliece_6960119_avx2.dir/pqclean_mceliece6960119_avx2/update_asm.S.o
[710/2405] Building C object src/kem/classic_mceliece/CMakeFiles/classic_mceliece_6960119_avx2.dir/pqclean_mceliece6960119_avx2/controlbits.c.o
[711/2405] Building ASM object src/kem/classic_mceliece/CMakeFiles/classic_mceliece_6960119_avx2.dir/pqclean_mceliece6960119_avx2/transpose_64x64_asm.S.o
[712/2405] Building ASM object src/kem/classic_mceliece/CMakeFiles/classic_mceliece_6960119_avx2.dir/pqclean_mceliece6960119_avx2/vec128_mul_asm.S.o
[713/2405] Building C object src/kem/classic_mceliece/CMakeFiles/classic_mceliece_6960119_clean.dir/pqclean_mceliece6960119_clean/controlbits.c.o
[714/2405] Building C object src/kem/classic_mceliece/CMakeFiles/classic_mceliece_6688128f_avx2.dir/pqclean_mceliece6688128f_avx2/fft.c.o
[715/2405] Building C object src/kem/classic_mceliece/CMakeFiles/classic_mceliece_6960119_avx2.dir/pqclean_mceliece6960119_avx2/vec128.c.o
[716/2405] Building ASM object src/kem/classic_mceliece/CMakeFiles/classic_mceliece_6960119_avx2.dir/pqclean_mceliece6960119_avx2/vec256_ama_asm.S.o
[717/2405] Building ASM object src/kem/classic_mceliece/CMakeFiles/classic_mceliece_6960119_avx2.dir/pqclean_mceliece6960119_avx2/vec256_mul_asm.S.o
[718/2405] Building ASM object src/kem/classic_mceliece/CMakeFiles/classic_mceliece_6960119_avx2.dir/pqclean_mceliece6960119_avx2/vec256_maa_asm.S.o
[719/2405] Building ASM object src/kem/classic_mceliece/CMakeFiles/classic_mceliece_6960119_avx2.dir/pqclean_mceliece6960119_avx2/vec_reduce_asm.S.o
[720/2405] Building C object src/kem/classic_mceliece/CMakeFiles/classic_mceliece_6960119f_clean.dir/pqclean_mceliece6960119f_clean/aes256ctr.c.o
[721/2405] Building C object src/kem/classic_mceliece/CMakeFiles/classic_mceliece_6960119f_clean.dir/kem_classic_mceliece_6960119f.c.o
[722/2405] Building C object src/kem/classic_mceliece/CMakeFiles/classic_mceliece_6960119f_clean.dir/pqclean_mceliece6960119f_clean/bm.c.o
[723/2405] Building C object src/kem/classic_mceliece/CMakeFiles/classic_mceliece_6960119_avx2.dir/pqclean_mceliece6960119_avx2/bm.c.o
[724/2405] Building C object src/kem/classic_mceliece/CMakeFiles/classic_mceliece_6960119_avx2.dir/pqclean_mceliece6960119_avx2/benes.c.o
[725/2405] Building C object src/kem/classic_mceliece/CMakeFiles/classic_mceliece_6960119f_clean.dir/pqclean_mceliece6960119f_clean/crypto_int16.c.o
[726/2405] Building C object src/kem/classic_mceliece/CMakeFiles/classic_mceliece_6960119_avx2.dir/pqclean_mceliece6960119_avx2/decrypt.c.o
[727/2405] Building C object src/kem/classic_mceliece/CMakeFiles/classic_mceliece_6960119f_clean.dir/pqclean_mceliece6960119f_clean/crypto_uint16.c.o
[728/2405] Building C object src/kem/classic_mceliece/CMakeFiles/classic_mceliece_6960119f_clean.dir/pqclean_mceliece6960119f_clean/crypto_int32.c.o
[729/2405] Building C object src/kem/classic_mceliece/CMakeFiles/classic_mceliece_6960119f_clean.dir/pqclean_mceliece6960119f_clean/crypto_uint32.c.o
[730/2405] Building C object src/kem/classic_mceliece/CMakeFiles/classic_mceliece_6960119f_clean.dir/pqclean_mceliece6960119f_clean/crypto_uint64.c.o
[731/2405] Building C object src/kem/classic_mceliece/CMakeFiles/classic_mceliece_6960119_avx2.dir/pqclean_mceliece6960119_avx2/sk_gen.c.o
[732/2405] Building C object src/kem/classic_mceliece/CMakeFiles/classic_mceliece_6960119f_clean.dir/pqclean_mceliece6960119f_clean/decrypt.c.o
[733/2405] Building C object src/kem/classic_mceliece/CMakeFiles/classic_mceliece_6960119f_clean.dir/pqclean_mceliece6960119f_clean/benes.c.o
[734/2405] Building C object src/kem/classic_mceliece/CMakeFiles/classic_mceliece_6960119f_clean.dir/pqclean_mceliece6960119f_clean/encrypt.c.o
[735/2405] Building C object src/kem/classic_mceliece/CMakeFiles/classic_mceliece_6960119f_clean.dir/pqclean_mceliece6960119f_clean/root.c.o
[736/2405] Building C object src/kem/classic_mceliece/CMakeFiles/classic_mceliece_6960119f_clean.dir/pqclean_mceliece6960119f_clean/operations.c.o
[737/2405] Building C object src/kem/classic_mceliece/CMakeFiles/classic_mceliece_6960119f_clean.dir/pqclean_mceliece6960119f_clean/gf.c.o
[738/2405] Building C object src/kem/classic_mceliece/CMakeFiles/classic_mceliece_6960119_avx2.dir/pqclean_mceliece6960119_avx2/pk_gen.c.o
[739/2405] Building C object src/kem/classic_mceliece/CMakeFiles/classic_mceliece_6960119_avx2.dir/pqclean_mceliece6960119_avx2/vec256.c.o
[740/2405] Building C object src/kem/classic_mceliece/CMakeFiles/classic_mceliece_6960119f_clean.dir/pqclean_mceliece6960119f_clean/sk_gen.c.o
[741/2405] Building C object src/kem/classic_mceliece/CMakeFiles/classic_mceliece_6960119f_clean.dir/pqclean_mceliece6960119f_clean/synd.c.o
[742/2405] Building C object src/kem/classic_mceliece/CMakeFiles/classic_mceliece_6960119f_clean.dir/pqclean_mceliece6960119f_clean/transpose.c.o
[743/2405] Building C object src/kem/classic_mceliece/CMakeFiles/classic_mceliece_6960119_avx2.dir/pqclean_mceliece6960119_avx2/fft.c.o
[744/2405] Building ASM object src/kem/classic_mceliece/CMakeFiles/classic_mceliece_6960119f_avx2.dir/pqclean_mceliece6960119f_avx2/consts.S.o
[745/2405] Building C object src/kem/classic_mceliece/CMakeFiles/classic_mceliece_6960119f_clean.dir/pqclean_mceliece6960119f_clean/util.c.o
[746/2405] Building C object src/kem/classic_mceliece/CMakeFiles/classic_mceliece_6960119f_avx2.dir/pqclean_mceliece6960119f_avx2/aes256ctr.c.o
[747/2405] Building C object src/kem/classic_mceliece/CMakeFiles/classic_mceliece_6960119f_avx2.dir/pqclean_mceliece6960119f_avx2/crypto_int32.c.o
[748/2405] Building C object src/kem/classic_mceliece/CMakeFiles/classic_mceliece_6960119_avx2.dir/pqclean_mceliece6960119_avx2/fft_tr.c.o
[749/2405] Building C object src/kem/classic_mceliece/CMakeFiles/classic_mceliece_6960119f_avx2.dir/pqclean_mceliece6960119f_avx2/crypto_uint16.c.o
[750/2405] Building C object src/kem/classic_mceliece/CMakeFiles/classic_mceliece_6960119f_avx2.dir/pqclean_mceliece6960119f_avx2/crypto_uint32.c.o
[751/2405] Building C object src/kem/classic_mceliece/CMakeFiles/classic_mceliece_6960119f_clean.dir/pqclean_mceliece6960119f_clean/controlbits.c.o
[752/2405] Building C object src/kem/classic_mceliece/CMakeFiles/classic_mceliece_6960119f_avx2.dir/pqclean_mceliece6960119f_avx2/crypto_int16.c.o
[753/2405] Building C object src/kem/classic_mceliece/CMakeFiles/classic_mceliece_6960119f_avx2.dir/pqclean_mceliece6960119f_avx2/crypto_uint64.c.o
[754/2405] Building C object src/kem/classic_mceliece/CMakeFiles/classic_mceliece_6960119f_avx2.dir/pqclean_mceliece6960119f_avx2/gf.c.o
[755/2405] Building C object src/kem/classic_mceliece/CMakeFiles/classic_mceliece_6960119f_avx2.dir/pqclean_mceliece6960119f_avx2/encrypt.c.o
[756/2405] Building C object src/kem/classic_mceliece/CMakeFiles/classic_mceliece_6960119f_avx2.dir/pqclean_mceliece6960119f_avx2/controlbits.c.o
[757/2405] Building ASM object src/kem/classic_mceliece/CMakeFiles/classic_mceliece_6960119f_avx2.dir/pqclean_mceliece6960119f_avx2/syndrome_asm.S.o
[758/2405] Building ASM object src/kem/classic_mceliece/CMakeFiles/classic_mceliece_6960119f_avx2.dir/pqclean_mceliece6960119f_avx2/transpose_64x128_sp_asm.S.o
[759/2405] Building C object src/kem/classic_mceliece/CMakeFiles/classic_mceliece_6960119f_clean.dir/pqclean_mceliece6960119f_clean/pk_gen.c.o
[760/2405] Building ASM object src/kem/classic_mceliece/CMakeFiles/classic_mceliece_6960119f_avx2.dir/pqclean_mceliece6960119f_avx2/update_asm.S.o
[761/2405] Building ASM object src/kem/classic_mceliece/CMakeFiles/classic_mceliece_6960119f_avx2.dir/pqclean_mceliece6960119f_avx2/transpose_64x256_sp_asm.S.o
[762/2405] Building ASM object src/kem/classic_mceliece/CMakeFiles/classic_mceliece_6960119f_avx2.dir/pqclean_mceliece6960119f_avx2/transpose_64x64_asm.S.o
[763/2405] Building C object src/kem/classic_mceliece/CMakeFiles/classic_mceliece_6960119f_avx2.dir/pqclean_mceliece6960119f_avx2/operations.c.o
[764/2405] Building ASM object src/kem/classic_mceliece/CMakeFiles/classic_mceliece_6960119f_avx2.dir/pqclean_mceliece6960119f_avx2/vec256_ama_asm.S.o
[765/2405] Building ASM object src/kem/classic_mceliece/CMakeFiles/classic_mceliece_6960119f_avx2.dir/pqclean_mceliece6960119f_avx2/vec128_mul_asm.S.o
[766/2405] Building C object src/kem/classic_mceliece/CMakeFiles/classic_mceliece_6960119f_avx2.dir/pqclean_mceliece6960119f_avx2/vec128.c.o
[767/2405] Building ASM object src/kem/classic_mceliece/CMakeFiles/classic_mceliece_6960119f_avx2.dir/pqclean_mceliece6960119f_avx2/vec256_maa_asm.S.o
[768/2405] Building ASM object src/kem/classic_mceliece/CMakeFiles/classic_mceliece_6960119f_avx2.dir/pqclean_mceliece6960119f_avx2/vec256_mul_asm.S.o
[769/2405] Building ASM object src/kem/classic_mceliece/CMakeFiles/classic_mceliece_6960119f_avx2.dir/pqclean_mceliece6960119f_avx2/vec_reduce_asm.S.o
[770/2405] Building C object src/kem/classic_mceliece/CMakeFiles/classic_mceliece_8192128_clean.dir/pqclean_mceliece8192128_clean/aes256ctr.c.o
[771/2405] Building C object src/kem/classic_mceliece/CMakeFiles/classic_mceliece_8192128_clean.dir/pqclean_mceliece8192128_clean/bm.c.o
[772/2405] Building C object src/kem/classic_mceliece/CMakeFiles/classic_mceliece_8192128_clean.dir/kem_classic_mceliece_8192128.c.o
[773/2405] Building C object src/kem/classic_mceliece/CMakeFiles/classic_mceliece_6960119f_avx2.dir/pqclean_mceliece6960119f_avx2/bm.c.o
[774/2405] Building C object src/kem/classic_mceliece/CMakeFiles/classic_mceliece_8192128_clean.dir/pqclean_mceliece8192128_clean/crypto_int16.c.o
[775/2405] Building C object src/kem/classic_mceliece/CMakeFiles/classic_mceliece_8192128_clean.dir/pqclean_mceliece8192128_clean/crypto_uint16.c.o
[776/2405] Building C object src/kem/classic_mceliece/CMakeFiles/classic_mceliece_8192128_clean.dir/pqclean_mceliece8192128_clean/crypto_int32.c.o
[777/2405] Building C object src/kem/classic_mceliece/CMakeFiles/classic_mceliece_6960119f_avx2.dir/pqclean_mceliece6960119f_avx2/benes.c.o
[778/2405] Building C object src/kem/classic_mceliece/CMakeFiles/classic_mceliece_8192128_clean.dir/pqclean_mceliece8192128_clean/crypto_uint32.c.o
[779/2405] Building C object src/kem/classic_mceliece/CMakeFiles/classic_mceliece_8192128_clean.dir/pqclean_mceliece8192128_clean/crypto_uint64.c.o
[780/2405] Building C object src/kem/classic_mceliece/CMakeFiles/classic_mceliece_8192128_clean.dir/pqclean_mceliece8192128_clean/benes.c.o
[781/2405] Building C object src/kem/classic_mceliece/CMakeFiles/classic_mceliece_8192128_clean.dir/pqclean_mceliece8192128_clean/decrypt.c.o
[782/2405] Building C object src/kem/classic_mceliece/CMakeFiles/classic_mceliece_6960119f_avx2.dir/pqclean_mceliece6960119f_avx2/decrypt.c.o
[783/2405] Building C object src/kem/classic_mceliece/CMakeFiles/classic_mceliece_8192128_clean.dir/pqclean_mceliece8192128_clean/encrypt.c.o
[784/2405] Building C object src/kem/classic_mceliece/CMakeFiles/classic_mceliece_8192128_clean.dir/pqclean_mceliece8192128_clean/operations.c.o
[785/2405] Building C object src/kem/classic_mceliece/CMakeFiles/classic_mceliece_8192128_clean.dir/pqclean_mceliece8192128_clean/root.c.o
[786/2405] Building C object src/kem/classic_mceliece/CMakeFiles/classic_mceliece_8192128_clean.dir/pqclean_mceliece8192128_clean/gf.c.o
[787/2405] Building C object src/kem/classic_mceliece/CMakeFiles/classic_mceliece_6960119f_avx2.dir/pqclean_mceliece6960119f_avx2/vec256.c.o
[788/2405] Building C object src/kem/classic_mceliece/CMakeFiles/classic_mceliece_8192128_clean.dir/pqclean_mceliece8192128_clean/synd.c.o
[789/2405] Building C object src/kem/classic_mceliece/CMakeFiles/classic_mceliece_8192128_clean.dir/pqclean_mceliece8192128_clean/transpose.c.o
[790/2405] Building C object src/kem/classic_mceliece/CMakeFiles/classic_mceliece_8192128_clean.dir/pqclean_mceliece8192128_clean/sk_gen.c.o
[791/2405] Building C object src/kem/classic_mceliece/CMakeFiles/classic_mceliece_8192128_clean.dir/pqclean_mceliece8192128_clean/util.c.o
[792/2405] Building C object src/kem/classic_mceliece/CMakeFiles/classic_mceliece_6960119f_avx2.dir/pqclean_mceliece6960119f_avx2/pk_gen.c.o
[793/2405] Building ASM object src/kem/classic_mceliece/CMakeFiles/classic_mceliece_8192128_avx2.dir/pqclean_mceliece8192128_avx2/consts.S.o
[794/2405] Building C object src/kem/classic_mceliece/CMakeFiles/classic_mceliece_8192128_avx2.dir/pqclean_mceliece8192128_avx2/aes256ctr.c.o
[795/2405] Building C object src/kem/classic_mceliece/CMakeFiles/classic_mceliece_8192128_clean.dir/pqclean_mceliece8192128_clean/pk_gen.c.o
[796/2405] Building C object src/kem/classic_mceliece/CMakeFiles/classic_mceliece_8192128_avx2.dir/pqclean_mceliece8192128_avx2/crypto_int16.c.o
[797/2405] Building C object src/kem/classic_mceliece/CMakeFiles/classic_mceliece_8192128_avx2.dir/pqclean_mceliece8192128_avx2/crypto_int32.c.o
[798/2405] Building C object src/kem/classic_mceliece/CMakeFiles/classic_mceliece_8192128_avx2.dir/pqclean_mceliece8192128_avx2/crypto_uint16.c.o
[799/2405] Building C object src/kem/classic_mceliece/CMakeFiles/classic_mceliece_8192128_avx2.dir/pqclean_mceliece8192128_avx2/crypto_uint64.c.o
[800/2405] Building C object src/kem/classic_mceliece/CMakeFiles/classic_mceliece_6960119f_avx2.dir/pqclean_mceliece6960119f_avx2/sk_gen.c.o
[801/2405] Building C object src/kem/classic_mceliece/CMakeFiles/classic_mceliece_8192128_clean.dir/pqclean_mceliece8192128_clean/controlbits.c.o
[802/2405] Building C object src/kem/classic_mceliece/CMakeFiles/classic_mceliece_8192128_avx2.dir/pqclean_mceliece8192128_avx2/crypto_uint32.c.o
[803/2405] Building C object src/kem/classic_mceliece/CMakeFiles/classic_mceliece_6960119f_avx2.dir/pqclean_mceliece6960119f_avx2/fft.c.o
[804/2405] Building C object src/kem/classic_mceliece/CMakeFiles/classic_mceliece_6960119f_avx2.dir/pqclean_mceliece6960119f_avx2/fft_tr.c.o
[805/2405] Building C object src/kem/classic_mceliece/CMakeFiles/classic_mceliece_8192128_avx2.dir/pqclean_mceliece8192128_avx2/controlbits.c.o
[806/2405] Building ASM object src/kem/classic_mceliece/CMakeFiles/classic_mceliece_8192128_avx2.dir/pqclean_mceliece8192128_avx2/syndrome_asm.S.o
[807/2405] Building ASM object src/kem/classic_mceliece/CMakeFiles/classic_mceliece_8192128_avx2.dir/pqclean_mceliece8192128_avx2/transpose_64x128_sp_asm.S.o
[808/2405] Building C object src/kem/classic_mceliece/CMakeFiles/classic_mceliece_8192128_avx2.dir/pqclean_mceliece8192128_avx2/encrypt.c.o
[809/2405] Building ASM object src/kem/classic_mceliece/CMakeFiles/classic_mceliece_8192128_avx2.dir/pqclean_mceliece8192128_avx2/transpose_64x64_asm.S.o
[810/2405] Building C object src/kem/classic_mceliece/CMakeFiles/classic_mceliece_8192128_avx2.dir/pqclean_mceliece8192128_avx2/operations.c.o
[811/2405] Building ASM object src/kem/classic_mceliece/CMakeFiles/classic_mceliece_8192128_avx2.dir/pqclean_mceliece8192128_avx2/transpose_64x256_sp_asm.S.o
[812/2405] Building C object src/kem/classic_mceliece/CMakeFiles/classic_mceliece_8192128_avx2.dir/pqclean_mceliece8192128_avx2/gf.c.o
[813/2405] Building ASM object src/kem/classic_mceliece/CMakeFiles/classic_mceliece_8192128_avx2.dir/pqclean_mceliece8192128_avx2/update_asm.S.o
[814/2405] Building ASM object src/kem/classic_mceliece/CMakeFiles/classic_mceliece_8192128_avx2.dir/pqclean_mceliece8192128_avx2/vec128_mul_asm.S.o
[815/2405] Building ASM object src/kem/classic_mceliece/CMakeFiles/classic_mceliece_8192128_avx2.dir/pqclean_mceliece8192128_avx2/vec256_ama_asm.S.o
[816/2405] Building ASM object src/kem/classic_mceliece/CMakeFiles/classic_mceliece_8192128_avx2.dir/pqclean_mceliece8192128_avx2/vec256_maa_asm.S.o
[817/2405] Building ASM object src/kem/classic_mceliece/CMakeFiles/classic_mceliece_8192128_avx2.dir/pqclean_mceliece8192128_avx2/vec256_mul_asm.S.o
[818/2405] Building C object src/kem/classic_mceliece/CMakeFiles/classic_mceliece_8192128_avx2.dir/pqclean_mceliece8192128_avx2/vec128.c.o
[819/2405] Building ASM object src/kem/classic_mceliece/CMakeFiles/classic_mceliece_8192128_avx2.dir/pqclean_mceliece8192128_avx2/vec_reduce_asm.S.o
[820/2405] Building C object src/kem/classic_mceliece/CMakeFiles/classic_mceliece_8192128f_clean.dir/pqclean_mceliece8192128f_clean/aes256ctr.c.o
[821/2405] Building C object src/kem/classic_mceliece/CMakeFiles/classic_mceliece_8192128f_clean.dir/pqclean_mceliece8192128f_clean/bm.c.o
[822/2405] Building C object src/kem/classic_mceliece/CMakeFiles/classic_mceliece_8192128f_clean.dir/kem_classic_mceliece_8192128f.c.o
[823/2405] Building C object src/kem/classic_mceliece/CMakeFiles/classic_mceliece_8192128f_clean.dir/pqclean_mceliece8192128f_clean/crypto_int16.c.o
[824/2405] Building C object src/kem/classic_mceliece/CMakeFiles/classic_mceliece_8192128_avx2.dir/pqclean_mceliece8192128_avx2/bm.c.o
[825/2405] Building C object src/kem/classic_mceliece/CMakeFiles/classic_mceliece_8192128f_clean.dir/pqclean_mceliece8192128f_clean/crypto_int32.c.o
[826/2405] Building C object src/kem/classic_mceliece/CMakeFiles/classic_mceliece_8192128_avx2.dir/pqclean_mceliece8192128_avx2/benes.c.o
[827/2405] Building C object src/kem/classic_mceliece/CMakeFiles/classic_mceliece_8192128f_clean.dir/pqclean_mceliece8192128f_clean/crypto_uint16.c.o
[828/2405] Building C object src/kem/classic_mceliece/CMakeFiles/classic_mceliece_8192128f_clean.dir/pqclean_mceliece8192128f_clean/crypto_uint32.c.o
[829/2405] Building C object src/kem/classic_mceliece/CMakeFiles/classic_mceliece_8192128f_clean.dir/pqclean_mceliece8192128f_clean/crypto_uint64.c.o
[830/2405] Building C object src/kem/classic_mceliece/CMakeFiles/classic_mceliece_8192128_avx2.dir/pqclean_mceliece8192128_avx2/decrypt.c.o
[831/2405] Building C object src/kem/classic_mceliece/CMakeFiles/classic_mceliece_8192128f_clean.dir/pqclean_mceliece8192128f_clean/decrypt.c.o
[832/2405] Building C object src/kem/classic_mceliece/CMakeFiles/classic_mceliece_8192128f_clean.dir/pqclean_mceliece8192128f_clean/benes.c.o
[833/2405] Building C object src/kem/classic_mceliece/CMakeFiles/classic_mceliece_8192128f_clean.dir/pqclean_mceliece8192128f_clean/encrypt.c.o
[834/2405] Building C object src/kem/classic_mceliece/CMakeFiles/classic_mceliece_8192128f_clean.dir/pqclean_mceliece8192128f_clean/operations.c.o
[835/2405] Building C object src/kem/classic_mceliece/CMakeFiles/classic_mceliece_8192128f_clean.dir/pqclean_mceliece8192128f_clean/gf.c.o
[836/2405] Building C object src/kem/classic_mceliece/CMakeFiles/classic_mceliece_8192128f_clean.dir/pqclean_mceliece8192128f_clean/root.c.o
[837/2405] Building C object src/kem/classic_mceliece/CMakeFiles/classic_mceliece_8192128_avx2.dir/pqclean_mceliece8192128_avx2/sk_gen.c.o
[838/2405] Building C object src/kem/classic_mceliece/CMakeFiles/classic_mceliece_8192128f_clean.dir/pqclean_mceliece8192128f_clean/transpose.c.o
[839/2405] Building C object src/kem/classic_mceliece/CMakeFiles/classic_mceliece_8192128f_clean.dir/pqclean_mceliece8192128f_clean/synd.c.o
[840/2405] Building C object src/kem/classic_mceliece/CMakeFiles/classic_mceliece_8192128f_clean.dir/pqclean_mceliece8192128f_clean/util.c.o
[841/2405] Building C object src/kem/classic_mceliece/CMakeFiles/classic_mceliece_8192128_avx2.dir/pqclean_mceliece8192128_avx2/vec256.c.o
[842/2405] Building C object src/kem/classic_mceliece/CMakeFiles/classic_mceliece_8192128f_clean.dir/pqclean_mceliece8192128f_clean/sk_gen.c.o
[843/2405] Building C object src/kem/classic_mceliece/CMakeFiles/classic_mceliece_8192128_avx2.dir/pqclean_mceliece8192128_avx2/pk_gen.c.o
[844/2405] Building ASM object src/kem/classic_mceliece/CMakeFiles/classic_mceliece_8192128f_avx2.dir/pqclean_mceliece8192128f_avx2/consts.S.o
[845/2405] Building C object src/kem/classic_mceliece/CMakeFiles/classic_mceliece_8192128f_avx2.dir/pqclean_mceliece8192128f_avx2/aes256ctr.c.o
[846/2405] Building C object src/kem/classic_mceliece/CMakeFiles/classic_mceliece_8192128f_avx2.dir/pqclean_mceliece8192128f_avx2/crypto_int32.c.o
[847/2405] Building C object src/kem/classic_mceliece/CMakeFiles/classic_mceliece_8192128f_avx2.dir/pqclean_mceliece8192128f_avx2/crypto_uint16.c.o
[848/2405] Building C object src/kem/classic_mceliece/CMakeFiles/classic_mceliece_8192128f_avx2.dir/pqclean_mceliece8192128f_avx2/crypto_int16.c.o
[849/2405] Building C object src/kem/classic_mceliece/CMakeFiles/classic_mceliece_8192128f_avx2.dir/pqclean_mceliece8192128f_avx2/crypto_uint32.c.o
[850/2405] Building C object src/kem/classic_mceliece/CMakeFiles/classic_mceliece_8192128f_avx2.dir/pqclean_mceliece8192128f_avx2/crypto_uint64.c.o
[851/2405] Building C object src/kem/classic_mceliece/CMakeFiles/classic_mceliece_8192128f_clean.dir/pqclean_mceliece8192128f_clean/pk_gen.c.o
[852/2405] Building C object src/kem/classic_mceliece/CMakeFiles/classic_mceliece_8192128_avx2.dir/pqclean_mceliece8192128_avx2/fft_tr.c.o
[853/2405] Building C object src/kem/classic_mceliece/CMakeFiles/classic_mceliece_8192128f_avx2.dir/pqclean_mceliece8192128f_avx2/encrypt.c.o
[854/2405] Building C object src/kem/classic_mceliece/CMakeFiles/classic_mceliece_8192128f_clean.dir/pqclean_mceliece8192128f_clean/controlbits.c.o
[855/2405] Building C object src/kem/classic_mceliece/CMakeFiles/classic_mceliece_8192128f_avx2.dir/pqclean_mceliece8192128f_avx2/controlbits.c.o
[856/2405] Building C object src/kem/classic_mceliece/CMakeFiles/classic_mceliece_8192128f_avx2.dir/pqclean_mceliece8192128f_avx2/gf.c.o
[857/2405] Building ASM object src/kem/classic_mceliece/CMakeFiles/classic_mceliece_8192128f_avx2.dir/pqclean_mceliece8192128f_avx2/syndrome_asm.S.o
[858/2405] Building C object src/kem/classic_mceliece/CMakeFiles/classic_mceliece_8192128f_avx2.dir/pqclean_mceliece8192128f_avx2/operations.c.o
[859/2405] Building ASM object src/kem/classic_mceliece/CMakeFiles/classic_mceliece_8192128f_avx2.dir/pqclean_mceliece8192128f_avx2/transpose_64x128_sp_asm.S.o
[860/2405] Building ASM object src/kem/classic_mceliece/CMakeFiles/classic_mceliece_8192128f_avx2.dir/pqclean_mceliece8192128f_avx2/transpose_64x256_sp_asm.S.o
[861/2405] Building ASM object src/kem/classic_mceliece/CMakeFiles/classic_mceliece_8192128f_avx2.dir/pqclean_mceliece8192128f_avx2/transpose_64x64_asm.S.o
[862/2405] Building ASM object src/kem/classic_mceliece/CMakeFiles/classic_mceliece_8192128f_avx2.dir/pqclean_mceliece8192128f_avx2/update_asm.S.o
[863/2405] Building ASM object src/kem/classic_mceliece/CMakeFiles/classic_mceliece_8192128f_avx2.dir/pqclean_mceliece8192128f_avx2/vec128_mul_asm.S.o
[864/2405] Building ASM object src/kem/classic_mceliece/CMakeFiles/classic_mceliece_8192128f_avx2.dir/pqclean_mceliece8192128f_avx2/vec256_ama_asm.S.o
[865/2405] Building ASM object src/kem/classic_mceliece/CMakeFiles/classic_mceliece_8192128f_avx2.dir/pqclean_mceliece8192128f_avx2/vec256_maa_asm.S.o
[866/2405] Building C object src/kem/classic_mceliece/CMakeFiles/classic_mceliece_8192128f_avx2.dir/pqclean_mceliece8192128f_avx2/vec128.c.o
[867/2405] Building ASM object src/kem/classic_mceliece/CMakeFiles/classic_mceliece_8192128f_avx2.dir/pqclean_mceliece8192128f_avx2/vec256_mul_asm.S.o
[868/2405] Building ASM object src/kem/classic_mceliece/CMakeFiles/classic_mceliece_8192128f_avx2.dir/pqclean_mceliece8192128f_avx2/vec_reduce_asm.S.o
[869/2405] Building C object src/kem/classic_mceliece/CMakeFiles/classic_mceliece_8192128f_avx2.dir/pqclean_mceliece8192128f_avx2/benes.c.o
[870/2405] Building C object src/kem/classic_mceliece/CMakeFiles/classic_mceliece_8192128_avx2.dir/pqclean_mceliece8192128_avx2/fft.c.o
[871/2405] Building C object src/kem/kyber/CMakeFiles/kyber_512_ref.dir/pqcrystals-kyber_kyber512_ref/cbd.c.o
[872/2405] Building C object src/kem/kyber/CMakeFiles/kyber_512_ref.dir/kem_kyber_512.c.o
[873/2405] Building C object src/kem/kyber/CMakeFiles/kyber_512_ref.dir/pqcrystals-kyber_kyber512_ref/indcpa.c.o
[874/2405] Building C object src/kem/classic_mceliece/CMakeFiles/classic_mceliece_8192128f_avx2.dir/pqclean_mceliece8192128f_avx2/bm.c.o
[875/2405] Building C object src/kem/kyber/CMakeFiles/kyber_512_ref.dir/pqcrystals-kyber_kyber512_ref/kem.c.o
[876/2405] Building C object src/kem/kyber/CMakeFiles/kyber_512_ref.dir/pqcrystals-kyber_kyber512_ref/reduce.c.o
[877/2405] Building C object src/kem/kyber/CMakeFiles/kyber_512_ref.dir/pqcrystals-kyber_kyber512_ref/ntt.c.o
[878/2405] Building ASM object src/kem/kyber/CMakeFiles/kyber_512_avx2.dir/pqcrystals-kyber_kyber512_avx2/basemul.S.o
[879/2405] Building C object src/kem/kyber/CMakeFiles/kyber_512_ref.dir/pqcrystals-kyber_kyber512_ref/symmetric-shake.c.o
[880/2405] Building C object src/kem/kyber/CMakeFiles/kyber_512_ref.dir/pqcrystals-kyber_kyber512_ref/polyvec.c.o
[881/2405] Building C object src/kem/classic_mceliece/CMakeFiles/classic_mceliece_8192128f_avx2.dir/pqclean_mceliece8192128f_avx2/decrypt.c.o
[882/2405] Building ASM object src/kem/kyber/CMakeFiles/kyber_512_avx2.dir/pqcrystals-kyber_kyber512_avx2/fq.S.o
[883/2405] Building C object src/kem/kyber/CMakeFiles/kyber_512_ref.dir/pqcrystals-kyber_kyber512_ref/verify.c.o
[884/2405] Building ASM object src/kem/kyber/CMakeFiles/kyber_512_avx2.dir/pqcrystals-kyber_kyber512_avx2/invntt.S.o
[885/2405] Building ASM object src/kem/kyber/CMakeFiles/kyber_512_avx2.dir/pqcrystals-kyber_kyber512_avx2/ntt.S.o
[886/2405] Building C object src/kem/kyber/CMakeFiles/kyber_512_ref.dir/pqcrystals-kyber_kyber512_ref/poly.c.o
[887/2405] Building C object src/kem/classic_mceliece/CMakeFiles/classic_mceliece_8192128f_avx2.dir/pqclean_mceliece8192128f_avx2/pk_gen.c.o
[888/2405] Building ASM object src/kem/kyber/CMakeFiles/kyber_512_avx2.dir/pqcrystals-kyber_kyber512_avx2/shuffle.S.o
[889/2405] Building C object src/kem/classic_mceliece/CMakeFiles/classic_mceliece_8192128f_avx2.dir/pqclean_mceliece8192128f_avx2/vec256.c.o
[890/2405] Building C object src/kem/classic_mceliece/CMakeFiles/classic_mceliece_8192128f_avx2.dir/pqclean_mceliece8192128f_avx2/fft_tr.c.o
[891/2405] Building C object src/kem/kyber/CMakeFiles/kyber_768_ref.dir/kem_kyber_768.c.o
[892/2405] Building C object src/kem/classic_mceliece/CMakeFiles/classic_mceliece_8192128f_avx2.dir/pqclean_mceliece8192128f_avx2/sk_gen.c.o
[893/2405] Building C object src/kem/kyber/CMakeFiles/kyber_768_ref.dir/pqcrystals-kyber_kyber768_ref/cbd.c.o
[894/2405] Building C object src/kem/kyber/CMakeFiles/kyber_512_avx2.dir/pqcrystals-kyber_kyber512_avx2/consts.c.o
[895/2405] Building C object src/kem/kyber/CMakeFiles/kyber_512_avx2.dir/pqcrystals-kyber_kyber512_avx2/rejsample.c.o
[896/2405] Building C object src/kem/kyber/CMakeFiles/kyber_512_avx2.dir/pqcrystals-kyber_kyber512_avx2/polyvec.c.o
[897/2405] Building C object src/kem/kyber/CMakeFiles/kyber_768_ref.dir/pqcrystals-kyber_kyber768_ref/indcpa.c.o
[898/2405] Building C object src/kem/kyber/CMakeFiles/kyber_768_ref.dir/pqcrystals-kyber_kyber768_ref/kem.c.o
[899/2405] Building C object src/kem/kyber/CMakeFiles/kyber_512_avx2.dir/pqcrystals-kyber_kyber512_avx2/indcpa.c.o
[900/2405] Building C object src/kem/kyber/CMakeFiles/kyber_512_avx2.dir/pqcrystals-kyber_kyber512_avx2/poly.c.o
[901/2405] Building C object src/kem/kyber/CMakeFiles/kyber_512_avx2.dir/pqcrystals-kyber_kyber512_avx2/kem.c.o
[902/2405] Building C object src/kem/kyber/CMakeFiles/kyber_768_ref.dir/pqcrystals-kyber_kyber768_ref/reduce.c.o
[903/2405] Building C object src/kem/kyber/CMakeFiles/kyber_768_ref.dir/pqcrystals-kyber_kyber768_ref/ntt.c.o
[904/2405] Building C object src/kem/kyber/CMakeFiles/kyber_512_avx2.dir/pqcrystals-kyber_kyber512_avx2/symmetric-shake.c.o
[905/2405] Building ASM object src/kem/kyber/CMakeFiles/kyber_768_avx2.dir/pqcrystals-kyber_kyber768_avx2/basemul.S.o
[906/2405] Building C object src/kem/kyber/CMakeFiles/kyber_512_avx2.dir/pqcrystals-kyber_kyber512_avx2/cbd.c.o
[907/2405] Building ASM object src/kem/kyber/CMakeFiles/kyber_768_avx2.dir/pqcrystals-kyber_kyber768_avx2/fq.S.o
[908/2405] Building ASM object src/kem/kyber/CMakeFiles/kyber_768_avx2.dir/pqcrystals-kyber_kyber768_avx2/invntt.S.o
[909/2405] Building C object src/kem/kyber/CMakeFiles/kyber_768_ref.dir/pqcrystals-kyber_kyber768_ref/symmetric-shake.c.o
[910/2405] Building C object src/kem/kyber/CMakeFiles/kyber_768_ref.dir/pqcrystals-kyber_kyber768_ref/verify.c.o
[911/2405] Building C object src/kem/kyber/CMakeFiles/kyber_768_ref.dir/pqcrystals-kyber_kyber768_ref/polyvec.c.o
[912/2405] Building ASM object src/kem/kyber/CMakeFiles/kyber_768_avx2.dir/pqcrystals-kyber_kyber768_avx2/ntt.S.o
[913/2405] Building ASM object src/kem/kyber/CMakeFiles/kyber_768_avx2.dir/pqcrystals-kyber_kyber768_avx2/shuffle.S.o
[914/2405] Building C object src/kem/classic_mceliece/CMakeFiles/classic_mceliece_8192128f_avx2.dir/pqclean_mceliece8192128f_avx2/fft.c.o
[915/2405] Building C object src/kem/kyber/CMakeFiles/kyber_768_ref.dir/pqcrystals-kyber_kyber768_ref/poly.c.o
[916/2405] Building C object src/kem/kyber/CMakeFiles/kyber_1024_ref.dir/kem_kyber_1024.c.o
[917/2405] Building C object src/kem/kyber/CMakeFiles/kyber_512_avx2.dir/pqcrystals-kyber_kyber512_avx2/verify.c.o
[918/2405] Building C object src/kem/kyber/CMakeFiles/kyber_1024_ref.dir/pqcrystals-kyber_kyber1024_ref/cbd.c.o
[919/2405] Building C object src/kem/kyber/CMakeFiles/kyber_1024_ref.dir/pqcrystals-kyber_kyber1024_ref/kem.c.o
[920/2405] Building C object src/kem/kyber/CMakeFiles/kyber_1024_ref.dir/pqcrystals-kyber_kyber1024_ref/ntt.c.o
[921/2405] Building C object src/kem/kyber/CMakeFiles/kyber_1024_ref.dir/pqcrystals-kyber_kyber1024_ref/indcpa.c.o
[922/2405] Building C object src/kem/kyber/CMakeFiles/kyber_768_avx2.dir/pqcrystals-kyber_kyber768_avx2/consts.c.o
[923/2405] Building C object src/kem/kyber/CMakeFiles/kyber_1024_ref.dir/pqcrystals-kyber_kyber1024_ref/reduce.c.o
[924/2405] Building C object src/kem/kyber/CMakeFiles/kyber_768_avx2.dir/pqcrystals-kyber_kyber768_avx2/cbd.c.o
[925/2405] Building ASM object src/kem/kyber/CMakeFiles/kyber_1024_avx2.dir/pqcrystals-kyber_kyber1024_avx2/basemul.S.o
[926/2405] Building C object src/kem/kyber/CMakeFiles/kyber_1024_ref.dir/pqcrystals-kyber_kyber1024_ref/symmetric-shake.c.o
[927/2405] Building C object src/kem/kyber/CMakeFiles/kyber_768_avx2.dir/pqcrystals-kyber_kyber768_avx2/polyvec.c.o
[928/2405] Building C object src/kem/kyber/CMakeFiles/kyber_1024_ref.dir/pqcrystals-kyber_kyber1024_ref/verify.c.o
[929/2405] Building C object src/kem/kyber/CMakeFiles/kyber_1024_ref.dir/pqcrystals-kyber_kyber1024_ref/polyvec.c.o
[930/2405] Building ASM object src/kem/kyber/CMakeFiles/kyber_1024_avx2.dir/pqcrystals-kyber_kyber1024_avx2/fq.S.o
[931/2405] Building C object src/kem/kyber/CMakeFiles/kyber_768_avx2.dir/pqcrystals-kyber_kyber768_avx2/poly.c.o
[932/2405] Building C object src/kem/kyber/CMakeFiles/kyber_768_avx2.dir/pqcrystals-kyber_kyber768_avx2/verify.c.o
[933/2405] Building ASM object src/kem/kyber/CMakeFiles/kyber_1024_avx2.dir/pqcrystals-kyber_kyber1024_avx2/invntt.S.o
[934/2405] Building ASM object src/kem/kyber/CMakeFiles/kyber_1024_avx2.dir/pqcrystals-kyber_kyber1024_avx2/ntt.S.o
[935/2405] Building C object src/kem/kyber/CMakeFiles/kyber_768_avx2.dir/pqcrystals-kyber_kyber768_avx2/indcpa.c.o
[936/2405] Building C object src/kem/kyber/CMakeFiles/kyber_768_avx2.dir/pqcrystals-kyber_kyber768_avx2/kem.c.o
[937/2405] Building C object src/kem/kyber/CMakeFiles/kyber_1024_ref.dir/pqcrystals-kyber_kyber1024_ref/poly.c.o
[938/2405] Building ASM object src/kem/kyber/CMakeFiles/kyber_1024_avx2.dir/pqcrystals-kyber_kyber1024_avx2/shuffle.S.o
[939/2405] Building C object src/kem/kyber/CMakeFiles/kyber_768_avx2.dir/pqcrystals-kyber_kyber768_avx2/rejsample.c.o
[940/2405] Building C object src/kem/kyber/CMakeFiles/kyber_768_avx2.dir/pqcrystals-kyber_kyber768_avx2/symmetric-shake.c.o
[941/2405] Building C object src/kem/ml_kem/CMakeFiles/ml_kem_512_ref.dir/kem_ml_kem_512.c.o
[942/2405] Building C object src/kem/ml_kem/CMakeFiles/ml_kem_512_ref.dir/mlkem-native_ml-kem-512_ref/mlkem/src/debug.c.o
[943/2405] Building C object src/kem/kyber/CMakeFiles/kyber_1024_avx2.dir/pqcrystals-kyber_kyber1024_avx2/cbd.c.o
[944/2405] Building C object src/kem/kyber/CMakeFiles/kyber_1024_avx2.dir/pqcrystals-kyber_kyber1024_avx2/kem.c.o
[945/2405] Building C object src/kem/ml_kem/CMakeFiles/ml_kem_512_ref.dir/mlkem-native_ml-kem-512_ref/mlkem/src/compress.c.o
[946/2405] Building C object src/kem/kyber/CMakeFiles/kyber_1024_avx2.dir/pqcrystals-kyber_kyber1024_avx2/indcpa.c.o
[947/2405] Building C object src/kem/kyber/CMakeFiles/kyber_1024_avx2.dir/pqcrystals-kyber_kyber1024_avx2/symmetric-shake.c.o
[948/2405] Building C object src/kem/ml_kem/CMakeFiles/ml_kem_512_ref.dir/mlkem-native_ml-kem-512_ref/mlkem/src/verify.c.o
[949/2405] Building C object src/kem/kyber/CMakeFiles/kyber_1024_avx2.dir/pqcrystals-kyber_kyber1024_avx2/consts.c.o
[950/2405] Building C object src/kem/kyber/CMakeFiles/kyber_1024_avx2.dir/pqcrystals-kyber_kyber1024_avx2/poly.c.o
[951/2405] Building C object src/kem/kyber/CMakeFiles/kyber_1024_avx2.dir/pqcrystals-kyber_kyber1024_avx2/rejsample.c.o
[952/2405] Building C object src/kem/kyber/CMakeFiles/kyber_1024_avx2.dir/pqcrystals-kyber_kyber1024_avx2/verify.c.o
[953/2405] Building C object src/kem/kyber/CMakeFiles/kyber_1024_avx2.dir/pqcrystals-kyber_kyber1024_avx2/polyvec.c.o
[954/2405] Building ASM object src/kem/ml_kem/CMakeFiles/ml_kem_512_x86_64.dir/mlkem-native_ml-kem-512_x86_64/mlkem/src/native/x86_64/src/basemul.S.o
[955/2405] Building C object src/kem/ml_kem/CMakeFiles/ml_kem_512_ref.dir/mlkem-native_ml-kem-512_ref/mlkem/src/indcpa.c.o
[956/2405] Building ASM object src/kem/ml_kem/CMakeFiles/ml_kem_512_x86_64.dir/mlkem-native_ml-kem-512_x86_64/mlkem/src/native/x86_64/src/intt.S.o
[957/2405] Building C object src/kem/ml_kem/CMakeFiles/ml_kem_512_ref.dir/mlkem-native_ml-kem-512_ref/mlkem/src/kem.c.o
[958/2405] Building ASM object src/kem/ml_kem/CMakeFiles/ml_kem_512_x86_64.dir/mlkem-native_ml-kem-512_x86_64/mlkem/src/native/x86_64/src/mulcache_compute.S.o
[959/2405] Building ASM object src/kem/ml_kem/CMakeFiles/ml_kem_512_x86_64.dir/mlkem-native_ml-kem-512_x86_64/mlkem/src/native/x86_64/src/nttfrombytes.S.o
[960/2405] Building ASM object src/kem/ml_kem/CMakeFiles/ml_kem_512_x86_64.dir/mlkem-native_ml-kem-512_x86_64/mlkem/src/native/x86_64/src/ntt.S.o
[961/2405] Building ASM object src/kem/ml_kem/CMakeFiles/ml_kem_512_x86_64.dir/mlkem-native_ml-kem-512_x86_64/mlkem/src/native/x86_64/src/ntttobytes.S.o
[962/2405] Building ASM object src/kem/ml_kem/CMakeFiles/ml_kem_512_x86_64.dir/mlkem-native_ml-kem-512_x86_64/mlkem/src/native/x86_64/src/nttunpack.S.o
[963/2405] Building ASM object src/kem/ml_kem/CMakeFiles/ml_kem_512_x86_64.dir/mlkem-native_ml-kem-512_x86_64/mlkem/src/native/x86_64/src/reduce.S.o
[964/2405] Building C object src/kem/ml_kem/CMakeFiles/ml_kem_512_x86_64.dir/mlkem-native_ml-kem-512_x86_64/mlkem/src/debug.c.o
[965/2405] Building C object src/kem/ml_kem/CMakeFiles/ml_kem_512_x86_64.dir/mlkem-native_ml-kem-512_x86_64/mlkem/src/native/x86_64/src/basemul.c.o
[966/2405] Building ASM object src/kem/ml_kem/CMakeFiles/ml_kem_512_x86_64.dir/mlkem-native_ml-kem-512_x86_64/mlkem/src/native/x86_64/src/tomont.S.o
[967/2405] Building C object src/kem/ml_kem/CMakeFiles/ml_kem_512_x86_64.dir/mlkem-native_ml-kem-512_x86_64/mlkem/src/indcpa.c.o
[968/2405] Building C object src/kem/ml_kem/CMakeFiles/ml_kem_512_ref.dir/mlkem-native_ml-kem-512_ref/mlkem/src/sampling.c.o
[969/2405] Building C object src/kem/ml_kem/CMakeFiles/ml_kem_512_ref.dir/mlkem-native_ml-kem-512_ref/mlkem/src/poly.c.o
[970/2405] Building C object src/kem/ml_kem/CMakeFiles/ml_kem_512_x86_64.dir/mlkem-native_ml-kem-512_x86_64/mlkem/src/compress.c.o
[971/2405] Building C object src/kem/ml_kem/CMakeFiles/ml_kem_512_x86_64.dir/mlkem-native_ml-kem-512_x86_64/mlkem/src/native/x86_64/src/consts.c.o
[972/2405] Building C object src/kem/ml_kem/CMakeFiles/ml_kem_512_ref.dir/mlkem-native_ml-kem-512_ref/mlkem/src/poly_k.c.o
[973/2405] Building C object src/kem/ml_kem/CMakeFiles/ml_kem_768_ref.dir/kem_ml_kem_768.c.o
[974/2405] Building C object src/kem/ml_kem/CMakeFiles/ml_kem_768_ref.dir/mlkem-native_ml-kem-768_ref/mlkem/src/debug.c.o
[975/2405] Building C object src/kem/ml_kem/CMakeFiles/ml_kem_512_x86_64.dir/mlkem-native_ml-kem-512_x86_64/mlkem/src/native/x86_64/src/compress_avx2.c.o
[976/2405] Building C object src/kem/ml_kem/CMakeFiles/ml_kem_768_ref.dir/mlkem-native_ml-kem-768_ref/mlkem/src/compress.c.o
[977/2405] Building C object src/kem/ml_kem/CMakeFiles/ml_kem_512_x86_64.dir/mlkem-native_ml-kem-512_x86_64/mlkem/src/kem.c.o
[978/2405] Building C object src/kem/ml_kem/CMakeFiles/ml_kem_512_x86_64.dir/mlkem-native_ml-kem-512_x86_64/mlkem/src/verify.c.o
[979/2405] Building C object src/kem/ml_kem/CMakeFiles/ml_kem_768_ref.dir/mlkem-native_ml-kem-768_ref/mlkem/src/verify.c.o
[980/2405] Building C object src/kem/ml_kem/CMakeFiles/ml_kem_512_x86_64.dir/mlkem-native_ml-kem-512_x86_64/mlkem/src/native/x86_64/src/rej_uniform_table.c.o
[981/2405] Building C object src/kem/ml_kem/CMakeFiles/ml_kem_512_x86_64.dir/mlkem-native_ml-kem-512_x86_64/mlkem/src/poly.c.o
[982/2405] Building C object src/kem/ml_kem/CMakeFiles/ml_kem_512_x86_64.dir/mlkem-native_ml-kem-512_x86_64/mlkem/src/poly_k.c.o
[983/2405] Building C object src/kem/ml_kem/CMakeFiles/ml_kem_768_ref.dir/mlkem-native_ml-kem-768_ref/mlkem/src/kem.c.o
[984/2405] Building C object src/kem/ml_kem/CMakeFiles/ml_kem_512_x86_64.dir/mlkem-native_ml-kem-512_x86_64/mlkem/src/sampling.c.o
[985/2405] Building C object src/kem/ml_kem/CMakeFiles/ml_kem_512_x86_64.dir/mlkem-native_ml-kem-512_x86_64/mlkem/src/native/x86_64/src/rej_uniform_avx2.c.o
[986/2405] Building ASM object src/kem/ml_kem/CMakeFiles/ml_kem_768_x86_64.dir/mlkem-native_ml-kem-768_x86_64/mlkem/src/native/x86_64/src/basemul.S.o
[987/2405] Building ASM object src/kem/ml_kem/CMakeFiles/ml_kem_768_x86_64.dir/mlkem-native_ml-kem-768_x86_64/mlkem/src/native/x86_64/src/intt.S.o
[988/2405] Building ASM object src/kem/ml_kem/CMakeFiles/ml_kem_768_x86_64.dir/mlkem-native_ml-kem-768_x86_64/mlkem/src/native/x86_64/src/mulcache_compute.S.o
[989/2405] Building C object src/kem/ml_kem/CMakeFiles/ml_kem_768_ref.dir/mlkem-native_ml-kem-768_ref/mlkem/src/indcpa.c.o
[990/2405] Building ASM object src/kem/ml_kem/CMakeFiles/ml_kem_768_x86_64.dir/mlkem-native_ml-kem-768_x86_64/mlkem/src/native/x86_64/src/ntt.S.o
[991/2405] Building ASM object src/kem/ml_kem/CMakeFiles/ml_kem_768_x86_64.dir/mlkem-native_ml-kem-768_x86_64/mlkem/src/native/x86_64/src/nttfrombytes.S.o
[992/2405] Building ASM object src/kem/ml_kem/CMakeFiles/ml_kem_768_x86_64.dir/mlkem-native_ml-kem-768_x86_64/mlkem/src/native/x86_64/src/ntttobytes.S.o
[993/2405] Building ASM object src/kem/ml_kem/CMakeFiles/ml_kem_768_x86_64.dir/mlkem-native_ml-kem-768_x86_64/mlkem/src/native/x86_64/src/nttunpack.S.o
[994/2405] Building ASM object src/kem/ml_kem/CMakeFiles/ml_kem_768_x86_64.dir/mlkem-native_ml-kem-768_x86_64/mlkem/src/native/x86_64/src/reduce.S.o
[995/2405] Building C object src/kem/ml_kem/CMakeFiles/ml_kem_768_ref.dir/mlkem-native_ml-kem-768_ref/mlkem/src/poly.c.o
[996/2405] Building C object src/kem/ml_kem/CMakeFiles/ml_kem_768_x86_64.dir/mlkem-native_ml-kem-768_x86_64/mlkem/src/debug.c.o
[997/2405] Building ASM object src/kem/ml_kem/CMakeFiles/ml_kem_768_x86_64.dir/mlkem-native_ml-kem-768_x86_64/mlkem/src/native/x86_64/src/tomont.S.o
[998/2405] Building C object src/kem/ml_kem/CMakeFiles/ml_kem_768_ref.dir/mlkem-native_ml-kem-768_ref/mlkem/src/sampling.c.o
[999/2405] Building C object src/kem/ml_kem/CMakeFiles/ml_kem_768_x86_64.dir/mlkem-native_ml-kem-768_x86_64/mlkem/src/indcpa.c.o
[1000/2405] Building C object src/kem/ml_kem/CMakeFiles/ml_kem_768_ref.dir/mlkem-native_ml-kem-768_ref/mlkem/src/poly_k.c.o
[1001/2405] Building C object src/kem/ml_kem/CMakeFiles/ml_kem_768_x86_64.dir/mlkem-native_ml-kem-768_x86_64/mlkem/src/compress.c.o
[1002/2405] Building C object src/kem/ml_kem/CMakeFiles/ml_kem_768_x86_64.dir/mlkem-native_ml-kem-768_x86_64/mlkem/src/native/x86_64/src/basemul.c.o
[1003/2405] Building C object src/kem/ml_kem/CMakeFiles/ml_kem_1024_ref.dir/kem_ml_kem_1024.c.o
[1004/2405] Building C object src/kem/ml_kem/CMakeFiles/ml_kem_1024_ref.dir/mlkem-native_ml-kem-1024_ref/mlkem/src/debug.c.o
[1005/2405] Building C object src/kem/ml_kem/CMakeFiles/ml_kem_768_x86_64.dir/mlkem-native_ml-kem-768_x86_64/mlkem/src/native/x86_64/src/consts.c.o
[1006/2405] Building C object src/kem/ml_kem/CMakeFiles/ml_kem_768_x86_64.dir/mlkem-native_ml-kem-768_x86_64/mlkem/src/kem.c.o
[1007/2405] Building C object src/kem/ml_kem/CMakeFiles/ml_kem_768_x86_64.dir/mlkem-native_ml-kem-768_x86_64/mlkem/src/native/x86_64/src/compress_avx2.c.o
[1008/2405] Building C object src/kem/ml_kem/CMakeFiles/ml_kem_1024_ref.dir/mlkem-native_ml-kem-1024_ref/mlkem/src/compress.c.o
[1009/2405] Building C object src/kem/ml_kem/CMakeFiles/ml_kem_768_x86_64.dir/mlkem-native_ml-kem-768_x86_64/mlkem/src/native/x86_64/src/rej_uniform_table.c.o
[1010/2405] Building C object src/kem/ml_kem/CMakeFiles/ml_kem_768_x86_64.dir/mlkem-native_ml-kem-768_x86_64/mlkem/src/native/x86_64/src/rej_uniform_avx2.c.o
[1011/2405] Building C object src/kem/ml_kem/CMakeFiles/ml_kem_1024_ref.dir/mlkem-native_ml-kem-1024_ref/mlkem/src/verify.c.o
[1012/2405] Building C object src/kem/ml_kem/CMakeFiles/ml_kem_768_x86_64.dir/mlkem-native_ml-kem-768_x86_64/mlkem/src/poly.c.o
[1013/2405] Building C object src/kem/ml_kem/CMakeFiles/ml_kem_768_x86_64.dir/mlkem-native_ml-kem-768_x86_64/mlkem/src/verify.c.o
[1014/2405] Building C object src/kem/ml_kem/CMakeFiles/ml_kem_768_x86_64.dir/mlkem-native_ml-kem-768_x86_64/mlkem/src/sampling.c.o
[1015/2405] Building ASM object src/kem/ml_kem/CMakeFiles/ml_kem_1024_x86_64.dir/mlkem-native_ml-kem-1024_x86_64/mlkem/src/native/x86_64/src/basemul.S.o
[1016/2405] Building C object src/kem/ml_kem/CMakeFiles/ml_kem_768_x86_64.dir/mlkem-native_ml-kem-768_x86_64/mlkem/src/poly_k.c.o
[1017/2405] Building C object src/kem/ml_kem/CMakeFiles/ml_kem_1024_ref.dir/mlkem-native_ml-kem-1024_ref/mlkem/src/indcpa.c.o
[1018/2405] Building C object src/kem/ml_kem/CMakeFiles/ml_kem_1024_ref.dir/mlkem-native_ml-kem-1024_ref/mlkem/src/kem.c.o
[1019/2405] Building ASM object src/kem/ml_kem/CMakeFiles/ml_kem_1024_x86_64.dir/mlkem-native_ml-kem-1024_x86_64/mlkem/src/native/x86_64/src/intt.S.o
[1020/2405] Building ASM object src/kem/ml_kem/CMakeFiles/ml_kem_1024_x86_64.dir/mlkem-native_ml-kem-1024_x86_64/mlkem/src/native/x86_64/src/mulcache_compute.S.o
[1021/2405] Building ASM object src/kem/ml_kem/CMakeFiles/ml_kem_1024_x86_64.dir/mlkem-native_ml-kem-1024_x86_64/mlkem/src/native/x86_64/src/ntt.S.o
[1022/2405] Building ASM object src/kem/ml_kem/CMakeFiles/ml_kem_1024_x86_64.dir/mlkem-native_ml-kem-1024_x86_64/mlkem/src/native/x86_64/src/nttfrombytes.S.o
[1023/2405] Building C object src/kem/ml_kem/CMakeFiles/ml_kem_1024_ref.dir/mlkem-native_ml-kem-1024_ref/mlkem/src/sampling.c.o
[1024/2405] Building C object src/kem/ml_kem/CMakeFiles/ml_kem_1024_x86_64.dir/mlkem-native_ml-kem-1024_x86_64/mlkem/src/debug.c.o
[1025/2405] Building ASM object src/kem/ml_kem/CMakeFiles/ml_kem_1024_x86_64.dir/mlkem-native_ml-kem-1024_x86_64/mlkem/src/native/x86_64/src/ntttobytes.S.o
[1026/2405] Building ASM object src/kem/ml_kem/CMakeFiles/ml_kem_1024_x86_64.dir/mlkem-native_ml-kem-1024_x86_64/mlkem/src/native/x86_64/src/nttunpack.S.o
[1027/2405] Building ASM object src/kem/ml_kem/CMakeFiles/ml_kem_1024_x86_64.dir/mlkem-native_ml-kem-1024_x86_64/mlkem/src/native/x86_64/src/reduce.S.o
[1028/2405] Building ASM object src/kem/ml_kem/CMakeFiles/ml_kem_1024_x86_64.dir/mlkem-native_ml-kem-1024_x86_64/mlkem/src/native/x86_64/src/tomont.S.o
[1029/2405] Building C object src/kem/ml_kem/CMakeFiles/ml_kem_1024_ref.dir/mlkem-native_ml-kem-1024_ref/mlkem/src/poly.c.o
[1030/2405] Building C object src/kem/ml_kem/CMakeFiles/ml_kem_1024_x86_64.dir/mlkem-native_ml-kem-1024_x86_64/mlkem/src/compress.c.o
[1031/2405] Building C object src/kem/ml_kem/CMakeFiles/ml_kem_1024_x86_64.dir/mlkem-native_ml-kem-1024_x86_64/mlkem/src/indcpa.c.o
[1032/2405] Building C object src/kem/ml_kem/CMakeFiles/ml_kem_1024_x86_64.dir/mlkem-native_ml-kem-1024_x86_64/mlkem/src/native/x86_64/src/basemul.c.o
[1033/2405] Building C object src/sig/ml_dsa/CMakeFiles/ml_dsa_44_ref.dir/sig_ml_dsa_44.c.o
[1034/2405] Building C object src/kem/ml_kem/CMakeFiles/ml_kem_1024_ref.dir/mlkem-native_ml-kem-1024_ref/mlkem/src/poly_k.c.o
[1035/2405] Building C object src/sig/ml_dsa/CMakeFiles/ml_dsa_44_ref.dir/pqcrystals-dilithium-standard_ml-dsa-44_ref/ntt.c.o
[1036/2405] Building C object src/kem/ml_kem/CMakeFiles/ml_kem_1024_x86_64.dir/mlkem-native_ml-kem-1024_x86_64/mlkem/src/kem.c.o
[1037/2405] Building C object src/sig/ml_dsa/CMakeFiles/ml_dsa_44_ref.dir/pqcrystals-dilithium-standard_ml-dsa-44_ref/reduce.c.o
[1038/2405] Building C object src/sig/ml_dsa/CMakeFiles/ml_dsa_44_ref.dir/pqcrystals-dilithium-standard_ml-dsa-44_ref/packing.c.o
[1039/2405] Building C object src/kem/ml_kem/CMakeFiles/ml_kem_1024_x86_64.dir/mlkem-native_ml-kem-1024_x86_64/mlkem/src/native/x86_64/src/consts.c.o
[1040/2405] Building C object src/sig/ml_dsa/CMakeFiles/ml_dsa_44_ref.dir/pqcrystals-dilithium-standard_ml-dsa-44_ref/polyvec.c.o
[1041/2405] Building C object src/kem/ml_kem/CMakeFiles/ml_kem_1024_x86_64.dir/mlkem-native_ml-kem-1024_x86_64/mlkem/src/native/x86_64/src/compress_avx2.c.o
[1042/2405] Building C object src/sig/ml_dsa/CMakeFiles/ml_dsa_44_ref.dir/pqcrystals-dilithium-standard_ml-dsa-44_ref/rounding.c.o
[1043/2405] Building ASM object src/sig/ml_dsa/CMakeFiles/ml_dsa_44_avx2.dir/pqcrystals-dilithium-standard_ml-dsa-44_avx2/invntt.S.o
[1044/2405] Building ASM object src/sig/ml_dsa/CMakeFiles/ml_dsa_44_avx2.dir/pqcrystals-dilithium-standard_ml-dsa-44_avx2/ntt.S.o
[1045/2405] Building C object src/sig/ml_dsa/CMakeFiles/ml_dsa_44_ref.dir/pqcrystals-dilithium-standard_ml-dsa-44_ref/symmetric-shake.c.o
[1046/2405] Building ASM object src/sig/ml_dsa/CMakeFiles/ml_dsa_44_avx2.dir/pqcrystals-dilithium-standard_ml-dsa-44_avx2/pointwise.S.o
[1047/2405] Building C object src/kem/ml_kem/CMakeFiles/ml_kem_1024_x86_64.dir/mlkem-native_ml-kem-1024_x86_64/mlkem/src/native/x86_64/src/rej_uniform_table.c.o
[1048/2405] Building C object src/sig/ml_dsa/CMakeFiles/ml_dsa_44_ref.dir/pqcrystals-dilithium-standard_ml-dsa-44_ref/sign.c.o
[1049/2405] Building C object src/kem/ml_kem/CMakeFiles/ml_kem_1024_x86_64.dir/mlkem-native_ml-kem-1024_x86_64/mlkem/src/verify.c.o
[1050/2405] Building ASM object src/sig/ml_dsa/CMakeFiles/ml_dsa_44_avx2.dir/pqcrystals-dilithium-standard_ml-dsa-44_avx2/shuffle.S.o
[1051/2405] Building C object src/kem/ml_kem/CMakeFiles/ml_kem_1024_x86_64.dir/mlkem-native_ml-kem-1024_x86_64/mlkem/src/poly.c.o
[1052/2405] Building C object src/kem/ml_kem/CMakeFiles/ml_kem_1024_x86_64.dir/mlkem-native_ml-kem-1024_x86_64/mlkem/src/native/x86_64/src/rej_uniform_avx2.c.o
[1053/2405] Building C object src/kem/ml_kem/CMakeFiles/ml_kem_1024_x86_64.dir/mlkem-native_ml-kem-1024_x86_64/mlkem/src/poly_k.c.o
[1054/2405] Building C object src/sig/ml_dsa/CMakeFiles/ml_dsa_44_avx2.dir/pqcrystals-dilithium-standard_ml-dsa-44_avx2/symmetric-shake.c.o
[1055/2405] Building C object src/sig/ml_dsa/CMakeFiles/ml_dsa_65_ref.dir/sig_ml_dsa_65.c.o
[1056/2405] Building C object src/sig/ml_dsa/CMakeFiles/ml_dsa_65_ref.dir/pqcrystals-dilithium-standard_ml-dsa-65_ref/ntt.c.o
[1057/2405] Building C object src/sig/ml_dsa/CMakeFiles/ml_dsa_44_avx2.dir/pqcrystals-dilithium-standard_ml-dsa-44_avx2/consts.c.o
[1058/2405] Building C object src/sig/ml_dsa/CMakeFiles/ml_dsa_44_ref.dir/pqcrystals-dilithium-standard_ml-dsa-44_ref/poly.c.o
[1059/2405] Building C object src/sig/ml_dsa/CMakeFiles/ml_dsa_65_ref.dir/pqcrystals-dilithium-standard_ml-dsa-65_ref/polyvec.c.o
[1060/2405] Building C object src/sig/ml_dsa/CMakeFiles/ml_dsa_65_ref.dir/pqcrystals-dilithium-standard_ml-dsa-65_ref/packing.c.o
[1061/2405] Building C object src/sig/ml_dsa/CMakeFiles/ml_dsa_65_ref.dir/pqcrystals-dilithium-standard_ml-dsa-65_ref/reduce.c.o
[1062/2405] Building C object src/sig/ml_dsa/CMakeFiles/ml_dsa_65_ref.dir/pqcrystals-dilithium-standard_ml-dsa-65_ref/rounding.c.o
[1063/2405] Building C object src/sig/ml_dsa/CMakeFiles/ml_dsa_65_ref.dir/pqcrystals-dilithium-standard_ml-dsa-65_ref/symmetric-shake.c.o
[1064/2405] Building ASM object src/sig/ml_dsa/CMakeFiles/ml_dsa_65_avx2.dir/pqcrystals-dilithium-standard_ml-dsa-65_avx2/invntt.S.o
[1065/2405] Building C object src/sig/ml_dsa/CMakeFiles/ml_dsa_65_ref.dir/pqcrystals-dilithium-standard_ml-dsa-65_ref/sign.c.o
[1066/2405] Building ASM object src/sig/ml_dsa/CMakeFiles/ml_dsa_65_avx2.dir/pqcrystals-dilithium-standard_ml-dsa-65_avx2/ntt.S.o
[1067/2405] Building ASM object src/sig/ml_dsa/CMakeFiles/ml_dsa_65_avx2.dir/pqcrystals-dilithium-standard_ml-dsa-65_avx2/pointwise.S.o
[1068/2405] Building C object src/kem/ml_kem/CMakeFiles/ml_kem_1024_x86_64.dir/mlkem-native_ml-kem-1024_x86_64/mlkem/src/sampling.c.o
[1069/2405] Building C object src/sig/ml_dsa/CMakeFiles/ml_dsa_44_avx2.dir/pqcrystals-dilithium-standard_ml-dsa-44_avx2/rounding.c.o
[1070/2405] Building C object src/sig/ml_dsa/CMakeFiles/ml_dsa_44_avx2.dir/pqcrystals-dilithium-standard_ml-dsa-44_avx2/packing.c.o
[1071/2405] Building C object src/sig/ml_dsa/CMakeFiles/ml_dsa_65_ref.dir/pqcrystals-dilithium-standard_ml-dsa-65_ref/poly.c.o
[1072/2405] Building C object src/sig/ml_dsa/CMakeFiles/ml_dsa_44_avx2.dir/pqcrystals-dilithium-standard_ml-dsa-44_avx2/rejsample.c.o
[1073/2405] Building ASM object src/sig/ml_dsa/CMakeFiles/ml_dsa_65_avx2.dir/pqcrystals-dilithium-standard_ml-dsa-65_avx2/shuffle.S.o
[1074/2405] Building C object src/sig/ml_dsa/CMakeFiles/ml_dsa_44_avx2.dir/pqcrystals-dilithium-standard_ml-dsa-44_avx2/polyvec.c.o
[1075/2405] Building C object src/sig/ml_dsa/CMakeFiles/ml_dsa_65_avx2.dir/pqcrystals-dilithium-standard_ml-dsa-65_avx2/symmetric-shake.c.o
[1076/2405] Building C object src/sig/ml_dsa/CMakeFiles/ml_dsa_87_ref.dir/sig_ml_dsa_87.c.o
[1077/2405] Building C object src/sig/ml_dsa/CMakeFiles/ml_dsa_87_ref.dir/pqcrystals-dilithium-standard_ml-dsa-87_ref/ntt.c.o
[1078/2405] Building C object src/sig/ml_dsa/CMakeFiles/ml_dsa_65_avx2.dir/pqcrystals-dilithium-standard_ml-dsa-65_avx2/consts.c.o
[1079/2405] Building C object src/sig/ml_dsa/CMakeFiles/ml_dsa_87_ref.dir/pqcrystals-dilithium-standard_ml-dsa-87_ref/packing.c.o
[1080/2405] Building C object src/sig/ml_dsa/CMakeFiles/ml_dsa_87_ref.dir/pqcrystals-dilithium-standard_ml-dsa-87_ref/reduce.c.o
[1081/2405] Building C object src/sig/ml_dsa/CMakeFiles/ml_dsa_87_ref.dir/pqcrystals-dilithium-standard_ml-dsa-87_ref/rounding.c.o
[1082/2405] Building C object src/sig/ml_dsa/CMakeFiles/ml_dsa_87_ref.dir/pqcrystals-dilithium-standard_ml-dsa-87_ref/polyvec.c.o
[1083/2405] Building C object src/sig/ml_dsa/CMakeFiles/ml_dsa_44_avx2.dir/pqcrystals-dilithium-standard_ml-dsa-44_avx2/sign.c.o
[1084/2405] Building C object src/sig/ml_dsa/CMakeFiles/ml_dsa_87_ref.dir/pqcrystals-dilithium-standard_ml-dsa-87_ref/symmetric-shake.c.o
[1085/2405] Building ASM object src/sig/ml_dsa/CMakeFiles/ml_dsa_87_avx2.dir/pqcrystals-dilithium-standard_ml-dsa-87_avx2/invntt.S.o
[1086/2405] Building ASM object src/sig/ml_dsa/CMakeFiles/ml_dsa_87_avx2.dir/pqcrystals-dilithium-standard_ml-dsa-87_avx2/ntt.S.o
[1087/2405] Building ASM object src/sig/ml_dsa/CMakeFiles/ml_dsa_87_avx2.dir/pqcrystals-dilithium-standard_ml-dsa-87_avx2/pointwise.S.o
[1088/2405] Building C object src/sig/ml_dsa/CMakeFiles/ml_dsa_87_ref.dir/pqcrystals-dilithium-standard_ml-dsa-87_ref/sign.c.o
[1089/2405] Building C object src/sig/ml_dsa/CMakeFiles/ml_dsa_65_avx2.dir/pqcrystals-dilithium-standard_ml-dsa-65_avx2/packing.c.o
[1090/2405] Building C object src/sig/ml_dsa/CMakeFiles/ml_dsa_65_avx2.dir/pqcrystals-dilithium-standard_ml-dsa-65_avx2/polyvec.c.o
[1091/2405] Building C object src/sig/ml_dsa/CMakeFiles/ml_dsa_65_avx2.dir/pqcrystals-dilithium-standard_ml-dsa-65_avx2/rejsample.c.o
[1092/2405] Building ASM object src/sig/ml_dsa/CMakeFiles/ml_dsa_87_avx2.dir/pqcrystals-dilithium-standard_ml-dsa-87_avx2/shuffle.S.o
[1093/2405] Building C object src/sig/ml_dsa/CMakeFiles/ml_dsa_65_avx2.dir/pqcrystals-dilithium-standard_ml-dsa-65_avx2/rounding.c.o
[1094/2405] Building C object src/sig/ml_dsa/CMakeFiles/ml_dsa_87_avx2.dir/pqcrystals-dilithium-standard_ml-dsa-87_avx2/symmetric-shake.c.o
[1095/2405] Building C object src/sig/ml_dsa/CMakeFiles/ml_dsa_44_avx2.dir/pqcrystals-dilithium-standard_ml-dsa-44_avx2/poly.c.o
[1096/2405] Building C object src/sig/ml_dsa/CMakeFiles/ml_dsa_65_avx2.dir/pqcrystals-dilithium-standard_ml-dsa-65_avx2/sign.c.o
[1097/2405] Building C object src/sig/ml_dsa/CMakeFiles/ml_dsa_87_ref.dir/pqcrystals-dilithium-standard_ml-dsa-87_ref/poly.c.o
[1098/2405] Building C object src/sig/falcon/CMakeFiles/falcon_512_clean.dir/sig_falcon_512.c.o
[1099/2405] Building C object src/sig/ml_dsa/CMakeFiles/ml_dsa_87_avx2.dir/pqcrystals-dilithium-standard_ml-dsa-87_avx2/consts.c.o
[1100/2405] Building C object src/sig/ml_dsa/CMakeFiles/ml_dsa_65_avx2.dir/pqcrystals-dilithium-standard_ml-dsa-65_avx2/poly.c.o
[1101/2405] Building C object src/sig/falcon/CMakeFiles/falcon_512_clean.dir/pqclean_falcon-512_clean/common.c.o
[1102/2405] Building C object src/sig/falcon/CMakeFiles/falcon_512_clean.dir/pqclean_falcon-512_clean/codec.c.o
[1103/2405] Building C object src/sig/ml_dsa/CMakeFiles/ml_dsa_87_avx2.dir/pqcrystals-dilithium-standard_ml-dsa-87_avx2/packing.c.o
[1104/2405] Building C object src/sig/falcon/CMakeFiles/falcon_512_clean.dir/pqclean_falcon-512_clean/fpr.c.o
[1105/2405] Building C object src/sig/falcon/CMakeFiles/falcon_512_clean.dir/pqclean_falcon-512_clean/pqclean.c.o
[1106/2405] Building C object src/sig/falcon/CMakeFiles/falcon_512_clean.dir/pqclean_falcon-512_clean/fft.c.o
[1107/2405] Building C object src/sig/ml_dsa/CMakeFiles/ml_dsa_87_avx2.dir/pqcrystals-dilithium-standard_ml-dsa-87_avx2/polyvec.c.o
[1108/2405] Building C object src/sig/ml_dsa/CMakeFiles/ml_dsa_87_avx2.dir/pqcrystals-dilithium-standard_ml-dsa-87_avx2/rejsample.c.o
[1109/2405] Building C object src/sig/falcon/CMakeFiles/falcon_512_clean.dir/pqclean_falcon-512_clean/rng.c.o
[1110/2405] Building C object src/sig/ml_dsa/CMakeFiles/ml_dsa_87_avx2.dir/pqcrystals-dilithium-standard_ml-dsa-87_avx2/rounding.c.o
[1111/2405] Building C object src/sig/ml_dsa/CMakeFiles/ml_dsa_87_avx2.dir/pqcrystals-dilithium-standard_ml-dsa-87_avx2/sign.c.o
[1112/2405] Building C object src/sig/falcon/CMakeFiles/falcon_512_clean.dir/pqclean_falcon-512_clean/sign.c.o
[1113/2405] Building C object src/sig/ml_dsa/CMakeFiles/ml_dsa_87_avx2.dir/pqcrystals-dilithium-standard_ml-dsa-87_avx2/poly.c.o
[1114/2405] Building C object src/sig/falcon/CMakeFiles/falcon_512_avx2.dir/pqclean_falcon-512_avx2/fpr.c.o
[1115/2405] Building C object src/sig/falcon/CMakeFiles/falcon_512_avx2.dir/pqclean_falcon-512_avx2/pqclean.c.o
[1116/2405] Building C object src/sig/falcon/CMakeFiles/falcon_512_avx2.dir/pqclean_falcon-512_avx2/codec.c.o
[1117/2405] Building C object src/sig/falcon/CMakeFiles/falcon_1024_clean.dir/sig_falcon_1024.c.o
[1118/2405] Building C object src/sig/falcon/CMakeFiles/falcon_512_avx2.dir/pqclean_falcon-512_avx2/rng.c.o
[1119/2405] Building C object src/sig/falcon/CMakeFiles/falcon_512_avx2.dir/pqclean_falcon-512_avx2/common.c.o
[1120/2405] Building C object src/sig/falcon/CMakeFiles/falcon_512_clean.dir/pqclean_falcon-512_clean/vrfy.c.o
[1121/2405] Building C object src/sig/falcon/CMakeFiles/falcon_1024_clean.dir/pqclean_falcon-1024_clean/codec.c.o
[1122/2405] Building C object src/sig/falcon/CMakeFiles/falcon_1024_clean.dir/pqclean_falcon-1024_clean/pqclean.c.o
[1123/2405] Building C object src/sig/falcon/CMakeFiles/falcon_1024_clean.dir/pqclean_falcon-1024_clean/fpr.c.o
[1124/2405] Building C object src/sig/falcon/CMakeFiles/falcon_1024_clean.dir/pqclean_falcon-1024_clean/common.c.o
[1125/2405] Building C object src/sig/falcon/CMakeFiles/falcon_512_avx2.dir/pqclean_falcon-512_avx2/fft.c.o
[1126/2405] Building C object src/sig/falcon/CMakeFiles/falcon_1024_clean.dir/pqclean_falcon-1024_clean/fft.c.o
[1127/2405] Building C object src/sig/falcon/CMakeFiles/falcon_1024_clean.dir/pqclean_falcon-1024_clean/rng.c.o
[1128/2405] Building C object src/sig/falcon/CMakeFiles/falcon_1024_clean.dir/pqclean_falcon-1024_clean/sign.c.o
[1129/2405] Building C object src/sig/falcon/CMakeFiles/falcon_512_avx2.dir/pqclean_falcon-512_avx2/sign.c.o
[1130/2405] Building C object src/sig/falcon/CMakeFiles/falcon_1024_avx2.dir/pqclean_falcon-1024_avx2/codec.c.o
[1131/2405] Building C object src/sig/falcon/CMakeFiles/falcon_1024_avx2.dir/pqclean_falcon-1024_avx2/fpr.c.o
[1132/2405] Building C object src/sig/falcon/CMakeFiles/falcon_1024_avx2.dir/pqclean_falcon-1024_avx2/common.c.o
[1133/2405] Building C object src/sig/falcon/CMakeFiles/falcon_512_avx2.dir/pqclean_falcon-512_avx2/vrfy.c.o
[1134/2405] Building C object src/sig/falcon/CMakeFiles/falcon_1024_avx2.dir/pqclean_falcon-1024_avx2/pqclean.c.o
[1135/2405] Building C object src/sig/falcon/CMakeFiles/falcon_padded_512_clean.dir/sig_falcon_padded_512.c.o
[1136/2405] Building C object src/sig/falcon/CMakeFiles/falcon_padded_512_clean.dir/pqclean_falcon-padded-512_clean/codec.c.o
[1137/2405] Building C object src/sig/falcon/CMakeFiles/falcon_1024_clean.dir/pqclean_falcon-1024_clean/vrfy.c.o
[1138/2405] Building C object src/sig/falcon/CMakeFiles/falcon_1024_avx2.dir/pqclean_falcon-1024_avx2/fft.c.o
[1139/2405] Building C object src/sig/falcon/CMakeFiles/falcon_1024_avx2.dir/pqclean_falcon-1024_avx2/rng.c.o
[1140/2405] Building C object src/sig/falcon/CMakeFiles/falcon_padded_512_clean.dir/pqclean_falcon-padded-512_clean/common.c.o
[1141/2405] Building C object src/sig/falcon/CMakeFiles/falcon_padded_512_clean.dir/pqclean_falcon-padded-512_clean/fft.c.o
[1142/2405] Building C object src/sig/falcon/CMakeFiles/falcon_padded_512_clean.dir/pqclean_falcon-padded-512_clean/pqclean.c.o
[1143/2405] Building C object src/sig/falcon/CMakeFiles/falcon_padded_512_clean.dir/pqclean_falcon-padded-512_clean/fpr.c.o
[1144/2405] Building C object src/sig/falcon/CMakeFiles/falcon_padded_512_clean.dir/pqclean_falcon-padded-512_clean/rng.c.o
[1145/2405] Building C object src/sig/falcon/CMakeFiles/falcon_512_clean.dir/pqclean_falcon-512_clean/keygen.c.o
[1146/2405] Building C object src/sig/falcon/CMakeFiles/falcon_padded_512_clean.dir/pqclean_falcon-padded-512_clean/sign.c.o
[1147/2405] Building C object src/sig/falcon/CMakeFiles/falcon_padded_512_avx2.dir/pqclean_falcon-padded-512_avx2/codec.c.o
[1148/2405] Building C object src/sig/falcon/CMakeFiles/falcon_1024_avx2.dir/pqclean_falcon-1024_avx2/vrfy.c.o
[1149/2405] Building C object src/sig/falcon/CMakeFiles/falcon_padded_512_avx2.dir/pqclean_falcon-padded-512_avx2/common.c.o
[1150/2405] Building C object src/sig/falcon/CMakeFiles/falcon_padded_512_clean.dir/pqclean_falcon-padded-512_clean/vrfy.c.o
[1151/2405] Building C object src/sig/falcon/CMakeFiles/falcon_padded_512_avx2.dir/pqclean_falcon-padded-512_avx2/fpr.c.o
[1152/2405] Building C object src/sig/falcon/CMakeFiles/falcon_1024_avx2.dir/pqclean_falcon-1024_avx2/sign.c.o
[1153/2405] Building C object src/sig/falcon/CMakeFiles/falcon_padded_1024_clean.dir/sig_falcon_padded_1024.c.o
[1154/2405] Building C object src/sig/falcon/CMakeFiles/falcon_padded_512_avx2.dir/pqclean_falcon-padded-512_avx2/fft.c.o
[1155/2405] Building C object src/sig/falcon/CMakeFiles/falcon_padded_1024_clean.dir/pqclean_falcon-padded-1024_clean/codec.c.o
[1156/2405] Building C object src/sig/falcon/CMakeFiles/falcon_padded_1024_clean.dir/pqclean_falcon-padded-1024_clean/common.c.o
[1157/2405] Building C object src/sig/falcon/CMakeFiles/falcon_1024_clean.dir/pqclean_falcon-1024_clean/keygen.c.o
[1158/2405] Building C object src/sig/falcon/CMakeFiles/falcon_padded_1024_clean.dir/pqclean_falcon-padded-1024_clean/fpr.c.o
[1159/2405] Building C object src/sig/falcon/CMakeFiles/falcon_padded_1024_clean.dir/pqclean_falcon-padded-1024_clean/pqclean.c.o
[1160/2405] Building C object src/sig/falcon/CMakeFiles/falcon_padded_1024_clean.dir/pqclean_falcon-padded-1024_clean/fft.c.o
[1161/2405] Building C object src/sig/falcon/CMakeFiles/falcon_padded_512_avx2.dir/pqclean_falcon-padded-512_avx2/pqclean.c.o
[1162/2405] Building C object src/sig/falcon/CMakeFiles/falcon_padded_512_avx2.dir/pqclean_falcon-padded-512_avx2/rng.c.o
[1163/2405] Building C object src/sig/falcon/CMakeFiles/falcon_padded_1024_clean.dir/pqclean_falcon-padded-1024_clean/rng.c.o
[1164/2405] Building C object src/sig/falcon/CMakeFiles/falcon_padded_1024_clean.dir/pqclean_falcon-padded-1024_clean/sign.c.o
[1165/2405] Building C object src/sig/falcon/CMakeFiles/falcon_padded_1024_avx2.dir/pqclean_falcon-padded-1024_avx2/codec.c.o
[1166/2405] Building C object src/sig/falcon/CMakeFiles/falcon_padded_1024_clean.dir/pqclean_falcon-padded-1024_clean/vrfy.c.o
[1167/2405] Building C object src/sig/falcon/CMakeFiles/falcon_padded_512_clean.dir/pqclean_falcon-padded-512_clean/keygen.c.o
[1168/2405] Building C object src/sig/falcon/CMakeFiles/falcon_512_avx2.dir/pqclean_falcon-512_avx2/keygen.c.o
[1169/2405] Building C object src/sig/falcon/CMakeFiles/falcon_padded_1024_avx2.dir/pqclean_falcon-padded-1024_avx2/common.c.o
[1170/2405] Building C object src/sig/falcon/CMakeFiles/falcon_padded_512_avx2.dir/pqclean_falcon-padded-512_avx2/sign.c.o
[1171/2405] Building C object src/sig/falcon/CMakeFiles/falcon_padded_1024_avx2.dir/pqclean_falcon-padded-1024_avx2/fpr.c.o
[1172/2405] Building C object src/sig/sphincs/CMakeFiles/sphincs_sha2_128f_simple_clean.dir/sig_sphincs_sha2_128f_simple.c.o
[1173/2405] Building C object src/sig/sphincs/CMakeFiles/sphincs_sha2_128f_simple_clean.dir/pqclean_sphincs-sha2-128f-simple_clean/address.c.o
[1174/2405] Building C object src/sig/sphincs/CMakeFiles/sphincs_sha2_128f_simple_clean.dir/pqclean_sphincs-sha2-128f-simple_clean/context_sha2.c.o
[1175/2405] Building C object src/sig/sphincs/CMakeFiles/sphincs_sha2_128f_simple_clean.dir/pqclean_sphincs-sha2-128f-simple_clean/hash_sha2.c.o
[1176/2405] Building C object src/sig/sphincs/CMakeFiles/sphincs_sha2_128f_simple_clean.dir/pqclean_sphincs-sha2-128f-simple_clean/fors.c.o
[1177/2405] Building C object src/sig/falcon/CMakeFiles/falcon_padded_512_avx2.dir/pqclean_falcon-padded-512_avx2/vrfy.c.o
[1178/2405] Building C object src/sig/sphincs/CMakeFiles/sphincs_sha2_128f_simple_clean.dir/pqclean_sphincs-sha2-128f-simple_clean/merkle.c.o
[1179/2405] Building C object src/sig/falcon/CMakeFiles/falcon_padded_1024_avx2.dir/pqclean_falcon-padded-1024_avx2/rng.c.o
[1180/2405] Building C object src/sig/sphincs/CMakeFiles/sphincs_sha2_128f_simple_clean.dir/pqclean_sphincs-sha2-128f-simple_clean/thash_sha2_simple.c.o
[1181/2405] Building C object src/sig/sphincs/CMakeFiles/sphincs_sha2_128f_simple_clean.dir/pqclean_sphincs-sha2-128f-simple_clean/sign.c.o
[1182/2405] Building C object src/sig/sphincs/CMakeFiles/sphincs_sha2_128f_simple_clean.dir/pqclean_sphincs-sha2-128f-simple_clean/utilsx1.c.o
[1183/2405] Building C object src/sig/falcon/CMakeFiles/falcon_padded_1024_avx2.dir/pqclean_falcon-padded-1024_avx2/fft.c.o
[1184/2405] Building C object src/sig/sphincs/CMakeFiles/sphincs_sha2_128f_simple_clean.dir/pqclean_sphincs-sha2-128f-simple_clean/wots.c.o
[1185/2405] Building C object src/sig/sphincs/CMakeFiles/sphincs_sha2_128f_simple_clean.dir/pqclean_sphincs-sha2-128f-simple_clean/utils.c.o
[1186/2405] Building C object src/sig/sphincs/CMakeFiles/sphincs_sha2_128f_simple_clean.dir/pqclean_sphincs-sha2-128f-simple_clean/wotsx1.c.o
[1187/2405] Building C object src/sig/falcon/CMakeFiles/falcon_padded_1024_avx2.dir/pqclean_falcon-padded-1024_avx2/pqclean.c.o
[1188/2405] Building C object src/sig/sphincs/CMakeFiles/sphincs_sha2_128f_simple_avx2.dir/pqclean_sphincs-sha2-128f-simple_avx2/fors.c.o
[1189/2405] Building C object src/sig/sphincs/CMakeFiles/sphincs_sha2_128f_simple_avx2.dir/pqclean_sphincs-sha2-128f-simple_avx2/address.c.o
[1190/2405] Building C object src/sig/sphincs/CMakeFiles/sphincs_sha2_128f_simple_avx2.dir/pqclean_sphincs-sha2-128f-simple_avx2/context_sha2.c.o
[1191/2405] Building C object src/sig/sphincs/CMakeFiles/sphincs_sha2_128f_simple_avx2.dir/pqclean_sphincs-sha2-128f-simple_avx2/hash_sha2.c.o
[1192/2405] Building C object src/sig/sphincs/CMakeFiles/sphincs_sha2_128f_simple_avx2.dir/pqclean_sphincs-sha2-128f-simple_avx2/hash_sha2x8.c.o
[1193/2405] Building C object src/sig/sphincs/CMakeFiles/sphincs_sha2_128f_simple_avx2.dir/pqclean_sphincs-sha2-128f-simple_avx2/merkle.c.o
[1194/2405] Building C object src/sig/falcon/CMakeFiles/falcon_padded_1024_avx2.dir/pqclean_falcon-padded-1024_avx2/vrfy.c.o
[1195/2405] Building C object src/sig/falcon/CMakeFiles/falcon_padded_1024_avx2.dir/pqclean_falcon-padded-1024_avx2/sign.c.o
[1196/2405] Building C object src/sig/falcon/CMakeFiles/falcon_padded_1024_clean.dir/pqclean_falcon-padded-1024_clean/keygen.c.o
[1197/2405] Building C object src/sig/falcon/CMakeFiles/falcon_1024_avx2.dir/pqclean_falcon-1024_avx2/keygen.c.o
[1198/2405] Building C object src/sig/sphincs/CMakeFiles/sphincs_sha2_128s_simple_clean.dir/pqclean_sphincs-sha2-128s-simple_clean/address.c.o
[1199/2405] Building C object src/sig/sphincs/CMakeFiles/sphincs_sha2_128s_simple_clean.dir/sig_sphincs_sha2_128s_simple.c.o
[1200/2405] Building C object src/sig/sphincs/CMakeFiles/sphincs_sha2_128s_simple_clean.dir/pqclean_sphincs-sha2-128s-simple_clean/context_sha2.c.o
[1201/2405] Building C object src/sig/sphincs/CMakeFiles/sphincs_sha2_128f_simple_avx2.dir/pqclean_sphincs-sha2-128f-simple_avx2/sign.c.o
[1202/2405] Building C object src/sig/sphincs/CMakeFiles/sphincs_sha2_128f_simple_avx2.dir/pqclean_sphincs-sha2-128f-simple_avx2/utilsx8.c.o
[1203/2405] Building C object src/sig/sphincs/CMakeFiles/sphincs_sha2_128f_simple_avx2.dir/pqclean_sphincs-sha2-128f-simple_avx2/sha256x8.c.o
[1204/2405] Building C object src/sig/sphincs/CMakeFiles/sphincs_sha2_128s_simple_clean.dir/pqclean_sphincs-sha2-128s-simple_clean/hash_sha2.c.o
[1205/2405] Building C object src/sig/sphincs/CMakeFiles/sphincs_sha2_128s_simple_clean.dir/pqclean_sphincs-sha2-128s-simple_clean/merkle.c.o
[1206/2405] Building C object src/sig/sphincs/CMakeFiles/sphincs_sha2_128s_simple_clean.dir/pqclean_sphincs-sha2-128s-simple_clean/fors.c.o
[1207/2405] Building C object src/sig/sphincs/CMakeFiles/sphincs_sha2_128s_simple_clean.dir/pqclean_sphincs-sha2-128s-simple_clean/thash_sha2_simple.c.o
[1208/2405] Building C object src/sig/sphincs/CMakeFiles/sphincs_sha2_128s_simple_clean.dir/pqclean_sphincs-sha2-128s-simple_clean/utilsx1.c.o
[1209/2405] Building C object src/sig/sphincs/CMakeFiles/sphincs_sha2_128s_simple_clean.dir/pqclean_sphincs-sha2-128s-simple_clean/utils.c.o
[1210/2405] Building C object src/sig/sphincs/CMakeFiles/sphincs_sha2_128s_simple_clean.dir/pqclean_sphincs-sha2-128s-simple_clean/sign.c.o
[1211/2405] Building C object src/sig/sphincs/CMakeFiles/sphincs_sha2_128s_simple_clean.dir/pqclean_sphincs-sha2-128s-simple_clean/wotsx1.c.o
[1212/2405] Building C object src/sig/sphincs/CMakeFiles/sphincs_sha2_128s_simple_clean.dir/pqclean_sphincs-sha2-128s-simple_clean/wots.c.o
[1213/2405] Building C object src/sig/sphincs/CMakeFiles/sphincs_sha2_128f_simple_avx2.dir/pqclean_sphincs-sha2-128f-simple_avx2/utils.c.o
[1214/2405] Building C object src/sig/sphincs/CMakeFiles/sphincs_sha2_128f_simple_avx2.dir/pqclean_sphincs-sha2-128f-simple_avx2/thash_sha2_simple.c.o
[1215/2405] Building C object src/sig/sphincs/CMakeFiles/sphincs_sha2_128f_simple_avx2.dir/pqclean_sphincs-sha2-128f-simple_avx2/thash_sha2_simplex8.c.o
[1216/2405] Building C object src/sig/sphincs/CMakeFiles/sphincs_sha2_128f_simple_avx2.dir/pqclean_sphincs-sha2-128f-simple_avx2/wots.c.o
[1217/2405] Building C object src/sig/sphincs/CMakeFiles/sphincs_sha2_128s_simple_avx2.dir/pqclean_sphincs-sha2-128s-simple_avx2/address.c.o
[1218/2405] Building C object src/sig/sphincs/CMakeFiles/sphincs_sha2_128s_simple_avx2.dir/pqclean_sphincs-sha2-128s-simple_avx2/merkle.c.o
[1219/2405] Building C object src/sig/sphincs/CMakeFiles/sphincs_sha2_128s_simple_avx2.dir/pqclean_sphincs-sha2-128s-simple_avx2/context_sha2.c.o
[1220/2405] Building C object src/sig/sphincs/CMakeFiles/sphincs_sha2_128s_simple_avx2.dir/pqclean_sphincs-sha2-128s-simple_avx2/sha256x8.c.o
[1221/2405] Building C object src/sig/sphincs/CMakeFiles/sphincs_sha2_128s_simple_avx2.dir/pqclean_sphincs-sha2-128s-simple_avx2/hash_sha2x8.c.o
[1222/2405] Building C object src/sig/sphincs/CMakeFiles/sphincs_sha2_128s_simple_avx2.dir/pqclean_sphincs-sha2-128s-simple_avx2/hash_sha2.c.o
[1223/2405] Building C object src/sig/sphincs/CMakeFiles/sphincs_sha2_128s_simple_avx2.dir/pqclean_sphincs-sha2-128s-simple_avx2/sign.c.o
[1224/2405] Building C object src/sig/sphincs/CMakeFiles/sphincs_sha2_128s_simple_avx2.dir/pqclean_sphincs-sha2-128s-simple_avx2/fors.c.o
[1225/2405] Building C object src/sig/sphincs/CMakeFiles/sphincs_sha2_128f_simple_avx2.dir/pqclean_sphincs-sha2-128f-simple_avx2/sha256avx.c.o
[1226/2405] Building C object src/sig/sphincs/CMakeFiles/sphincs_sha2_192f_simple_clean.dir/sig_sphincs_sha2_192f_simple.c.o
[1227/2405] Building C object src/sig/sphincs/CMakeFiles/sphincs_sha2_192f_simple_clean.dir/pqclean_sphincs-sha2-192f-simple_clean/address.c.o
[1228/2405] Building C object src/sig/sphincs/CMakeFiles/sphincs_sha2_192f_simple_clean.dir/pqclean_sphincs-sha2-192f-simple_clean/context_sha2.c.o
[1229/2405] Building C object src/sig/sphincs/CMakeFiles/sphincs_sha2_192f_simple_clean.dir/pqclean_sphincs-sha2-192f-simple_clean/hash_sha2.c.o
[1230/2405] Building C object src/sig/sphincs/CMakeFiles/sphincs_sha2_128s_simple_avx2.dir/pqclean_sphincs-sha2-128s-simple_avx2/utilsx8.c.o
[1231/2405] Building C object src/sig/sphincs/CMakeFiles/sphincs_sha2_192f_simple_clean.dir/pqclean_sphincs-sha2-192f-simple_clean/sign.c.o
[1232/2405] Building C object src/sig/sphincs/CMakeFiles/sphincs_sha2_192f_simple_clean.dir/pqclean_sphincs-sha2-192f-simple_clean/merkle.c.o
[1233/2405] Building C object src/sig/sphincs/CMakeFiles/sphincs_sha2_128s_simple_avx2.dir/pqclean_sphincs-sha2-128s-simple_avx2/thash_sha2_simplex8.c.o
[1234/2405] Building C object src/sig/sphincs/CMakeFiles/sphincs_sha2_192f_simple_clean.dir/pqclean_sphincs-sha2-192f-simple_clean/fors.c.o
[1235/2405] Building C object src/sig/sphincs/CMakeFiles/sphincs_sha2_128s_simple_avx2.dir/pqclean_sphincs-sha2-128s-simple_avx2/utils.c.o
[1236/2405] Building C object src/sig/sphincs/CMakeFiles/sphincs_sha2_192f_simple_clean.dir/pqclean_sphincs-sha2-192f-simple_clean/thash_sha2_simple.c.o
[1237/2405] Building C object src/sig/sphincs/CMakeFiles/sphincs_sha2_192f_simple_clean.dir/pqclean_sphincs-sha2-192f-simple_clean/utilsx1.c.o
[1238/2405] Building C object src/sig/sphincs/CMakeFiles/sphincs_sha2_192f_simple_clean.dir/pqclean_sphincs-sha2-192f-simple_clean/utils.c.o
[1239/2405] Building C object src/sig/sphincs/CMakeFiles/sphincs_sha2_192f_simple_clean.dir/pqclean_sphincs-sha2-192f-simple_clean/wotsx1.c.o
[1240/2405] Building C object src/sig/sphincs/CMakeFiles/sphincs_sha2_128s_simple_avx2.dir/pqclean_sphincs-sha2-128s-simple_avx2/thash_sha2_simple.c.o
[1241/2405] Building C object src/sig/sphincs/CMakeFiles/sphincs_sha2_192f_simple_clean.dir/pqclean_sphincs-sha2-192f-simple_clean/wots.c.o
[1242/2405] Building C object src/sig/sphincs/CMakeFiles/sphincs_sha2_128s_simple_avx2.dir/pqclean_sphincs-sha2-128s-simple_avx2/sha256avx.c.o
[1243/2405] Building C object src/sig/sphincs/CMakeFiles/sphincs_sha2_128s_simple_avx2.dir/pqclean_sphincs-sha2-128s-simple_avx2/wots.c.o
[1244/2405] Building C object src/sig/sphincs/CMakeFiles/sphincs_sha2_192f_simple_avx2.dir/pqclean_sphincs-sha2-192f-simple_avx2/address.c.o
[1245/2405] Building C object src/sig/sphincs/CMakeFiles/sphincs_sha2_192f_simple_avx2.dir/pqclean_sphincs-sha2-192f-simple_avx2/hash_sha2.c.o
[1246/2405] Building C object src/sig/sphincs/CMakeFiles/sphincs_sha2_192f_simple_avx2.dir/pqclean_sphincs-sha2-192f-simple_avx2/merkle.c.o
[1247/2405] Building C object src/sig/sphincs/CMakeFiles/sphincs_sha2_192f_simple_avx2.dir/pqclean_sphincs-sha2-192f-simple_avx2/hash_sha2x8.c.o
[1248/2405] Building C object src/sig/sphincs/CMakeFiles/sphincs_sha2_192f_simple_avx2.dir/pqclean_sphincs-sha2-192f-simple_avx2/fors.c.o
[1249/2405] Building C object src/sig/falcon/CMakeFiles/falcon_padded_512_avx2.dir/pqclean_falcon-padded-512_avx2/keygen.c.o
[1250/2405] Building C object src/sig/sphincs/CMakeFiles/sphincs_sha2_192f_simple_avx2.dir/pqclean_sphincs-sha2-192f-simple_avx2/context_sha2.c.o
[1251/2405] Building C object src/sig/sphincs/CMakeFiles/sphincs_sha2_192s_simple_clean.dir/pqclean_sphincs-sha2-192s-simple_clean/address.c.o
[1252/2405] Building C object src/sig/sphincs/CMakeFiles/sphincs_sha2_192s_simple_clean.dir/sig_sphincs_sha2_192s_simple.c.o
[1253/2405] Building C object src/sig/sphincs/CMakeFiles/sphincs_sha2_192f_simple_avx2.dir/pqclean_sphincs-sha2-192f-simple_avx2/sha256x8.c.o
[1254/2405] Building C object src/sig/sphincs/CMakeFiles/sphincs_sha2_192s_simple_clean.dir/pqclean_sphincs-sha2-192s-simple_clean/context_sha2.c.o
[1255/2405] Building C object src/sig/sphincs/CMakeFiles/sphincs_sha2_192f_simple_avx2.dir/pqclean_sphincs-sha2-192f-simple_avx2/sign.c.o
[1256/2405] Building C object src/sig/sphincs/CMakeFiles/sphincs_sha2_192s_simple_clean.dir/pqclean_sphincs-sha2-192s-simple_clean/hash_sha2.c.o
[1257/2405] Building C object src/sig/sphincs/CMakeFiles/sphincs_sha2_192s_simple_clean.dir/pqclean_sphincs-sha2-192s-simple_clean/fors.c.o
[1258/2405] Building C object src/sig/sphincs/CMakeFiles/sphincs_sha2_192s_simple_clean.dir/pqclean_sphincs-sha2-192s-simple_clean/merkle.c.o
[1259/2405] Building C object src/sig/sphincs/CMakeFiles/sphincs_sha2_192s_simple_clean.dir/pqclean_sphincs-sha2-192s-simple_clean/sign.c.o
[1260/2405] Building C object src/sig/sphincs/CMakeFiles/sphincs_sha2_192f_simple_avx2.dir/pqclean_sphincs-sha2-192f-simple_avx2/thash_sha2_simplex8.c.o
[1261/2405] Building C object src/sig/sphincs/CMakeFiles/sphincs_sha2_192s_simple_clean.dir/pqclean_sphincs-sha2-192s-simple_clean/thash_sha2_simple.c.o
[1262/2405] Building C object src/sig/sphincs/CMakeFiles/sphincs_sha2_192f_simple_avx2.dir/pqclean_sphincs-sha2-192f-simple_avx2/thash_sha2_simple.c.o
[1263/2405] Building C object src/sig/sphincs/CMakeFiles/sphincs_sha2_192s_simple_clean.dir/pqclean_sphincs-sha2-192s-simple_clean/utils.c.o
[1264/2405] Building C object src/sig/sphincs/CMakeFiles/sphincs_sha2_192s_simple_clean.dir/pqclean_sphincs-sha2-192s-simple_clean/utilsx1.c.o
[1265/2405] Building C object src/sig/sphincs/CMakeFiles/sphincs_sha2_192s_simple_clean.dir/pqclean_sphincs-sha2-192s-simple_clean/wots.c.o
[1266/2405] Building C object src/sig/sphincs/CMakeFiles/sphincs_sha2_192f_simple_avx2.dir/pqclean_sphincs-sha2-192f-simple_avx2/sha512x4.c.o
[1267/2405] Building C object src/sig/sphincs/CMakeFiles/sphincs_sha2_192s_simple_clean.dir/pqclean_sphincs-sha2-192s-simple_clean/wotsx1.c.o
[1268/2405] Building C object src/sig/sphincs/CMakeFiles/sphincs_sha2_192f_simple_avx2.dir/pqclean_sphincs-sha2-192f-simple_avx2/utils.c.o
[1269/2405] Building C object src/sig/sphincs/CMakeFiles/sphincs_sha2_192f_simple_avx2.dir/pqclean_sphincs-sha2-192f-simple_avx2/utilsx8.c.o
[1270/2405] Building C object src/sig/sphincs/CMakeFiles/sphincs_sha2_192f_simple_avx2.dir/pqclean_sphincs-sha2-192f-simple_avx2/sha256avx.c.o
[1271/2405] Building C object src/sig/sphincs/CMakeFiles/sphincs_sha2_192f_simple_avx2.dir/pqclean_sphincs-sha2-192f-simple_avx2/wots.c.o
[1272/2405] Building C object src/sig/falcon/CMakeFiles/falcon_padded_1024_avx2.dir/pqclean_falcon-padded-1024_avx2/keygen.c.o
[1273/2405] Building C object src/sig/sphincs/CMakeFiles/sphincs_sha2_192s_simple_avx2.dir/pqclean_sphincs-sha2-192s-simple_avx2/context_sha2.c.o
[1274/2405] Building C object src/sig/sphincs/CMakeFiles/sphincs_sha2_192s_simple_avx2.dir/pqclean_sphincs-sha2-192s-simple_avx2/address.c.o
[1275/2405] Building C object src/sig/sphincs/CMakeFiles/sphincs_sha2_192s_simple_avx2.dir/pqclean_sphincs-sha2-192s-simple_avx2/hash_sha2x8.c.o
[1276/2405] Building C object src/sig/sphincs/CMakeFiles/sphincs_sha2_192s_simple_avx2.dir/pqclean_sphincs-sha2-192s-simple_avx2/hash_sha2.c.o
[1277/2405] Building C object src/sig/sphincs/CMakeFiles/sphincs_sha2_192s_simple_avx2.dir/pqclean_sphincs-sha2-192s-simple_avx2/merkle.c.o
[1278/2405] Building C object src/sig/sphincs/CMakeFiles/sphincs_sha2_192s_simple_avx2.dir/pqclean_sphincs-sha2-192s-simple_avx2/fors.c.o
[1279/2405] Building C object src/sig/sphincs/CMakeFiles/sphincs_sha2_256f_simple_clean.dir/sig_sphincs_sha2_256f_simple.c.o
[1280/2405] Building C object src/sig/sphincs/CMakeFiles/sphincs_sha2_256f_simple_clean.dir/pqclean_sphincs-sha2-256f-simple_clean/address.c.o
[1281/2405] Building C object src/sig/sphincs/CMakeFiles/sphincs_sha2_192s_simple_avx2.dir/pqclean_sphincs-sha2-192s-simple_avx2/thash_sha2_simple.c.o
[1282/2405] Building C object src/sig/sphincs/CMakeFiles/sphincs_sha2_256f_simple_clean.dir/pqclean_sphincs-sha2-256f-simple_clean/context_sha2.c.o
[1283/2405] Building C object src/sig/sphincs/CMakeFiles/sphincs_sha2_192s_simple_avx2.dir/pqclean_sphincs-sha2-192s-simple_avx2/sign.c.o
[1284/2405] Building C object src/sig/sphincs/CMakeFiles/sphincs_sha2_192s_simple_avx2.dir/pqclean_sphincs-sha2-192s-simple_avx2/sha256x8.c.o
[1285/2405] Building C object src/sig/sphincs/CMakeFiles/sphincs_sha2_256f_simple_clean.dir/pqclean_sphincs-sha2-256f-simple_clean/merkle.c.o
[1286/2405] Building C object src/sig/sphincs/CMakeFiles/sphincs_sha2_256f_simple_clean.dir/pqclean_sphincs-sha2-256f-simple_clean/thash_sha2_simple.c.o
[1287/2405] Building C object src/sig/sphincs/CMakeFiles/sphincs_sha2_256f_simple_clean.dir/pqclean_sphincs-sha2-256f-simple_clean/fors.c.o
[1288/2405] Building C object src/sig/sphincs/CMakeFiles/sphincs_sha2_256f_simple_clean.dir/pqclean_sphincs-sha2-256f-simple_clean/hash_sha2.c.o
[1289/2405] Building C object src/sig/sphincs/CMakeFiles/sphincs_sha2_256f_simple_clean.dir/pqclean_sphincs-sha2-256f-simple_clean/sign.c.o
[1290/2405] Building C object src/sig/sphincs/CMakeFiles/sphincs_sha2_256f_simple_clean.dir/pqclean_sphincs-sha2-256f-simple_clean/utilsx1.c.o
[1291/2405] Building C object src/sig/sphincs/CMakeFiles/sphincs_sha2_256f_simple_clean.dir/pqclean_sphincs-sha2-256f-simple_clean/wotsx1.c.o
[1292/2405] Building C object src/sig/sphincs/CMakeFiles/sphincs_sha2_256f_simple_clean.dir/pqclean_sphincs-sha2-256f-simple_clean/wots.c.o
[1293/2405] Building C object src/sig/sphincs/CMakeFiles/sphincs_sha2_256f_simple_clean.dir/pqclean_sphincs-sha2-256f-simple_clean/utils.c.o
[1294/2405] Building C object src/sig/sphincs/CMakeFiles/sphincs_sha2_192s_simple_avx2.dir/pqclean_sphincs-sha2-192s-simple_avx2/thash_sha2_simplex8.c.o
[1295/2405] Building C object src/sig/sphincs/CMakeFiles/sphincs_sha2_192s_simple_avx2.dir/pqclean_sphincs-sha2-192s-simple_avx2/utils.c.o
[1296/2405] Building C object src/sig/sphincs/CMakeFiles/sphincs_sha2_192s_simple_avx2.dir/pqclean_sphincs-sha2-192s-simple_avx2/sha512x4.c.o
[1297/2405] Building C object src/sig/sphincs/CMakeFiles/sphincs_sha2_192s_simple_avx2.dir/pqclean_sphincs-sha2-192s-simple_avx2/utilsx8.c.o
[1298/2405] Building C object src/sig/sphincs/CMakeFiles/sphincs_sha2_192s_simple_avx2.dir/pqclean_sphincs-sha2-192s-simple_avx2/wots.c.o
[1299/2405] Building C object src/sig/sphincs/CMakeFiles/sphincs_sha2_192s_simple_avx2.dir/pqclean_sphincs-sha2-192s-simple_avx2/sha256avx.c.o
[1300/2405] Building C object src/sig/sphincs/CMakeFiles/sphincs_sha2_256f_simple_avx2.dir/pqclean_sphincs-sha2-256f-simple_avx2/hash_sha2x8.c.o
[1301/2405] Building C object src/sig/sphincs/CMakeFiles/sphincs_sha2_256f_simple_avx2.dir/pqclean_sphincs-sha2-256f-simple_avx2/merkle.c.o
[1302/2405] Building C object src/sig/sphincs/CMakeFiles/sphincs_sha2_256f_simple_avx2.dir/pqclean_sphincs-sha2-256f-simple_avx2/hash_sha2.c.o
[1303/2405] Building C object src/sig/sphincs/CMakeFiles/sphincs_sha2_256f_simple_avx2.dir/pqclean_sphincs-sha2-256f-simple_avx2/context_sha2.c.o
[1304/2405] Building C object src/sig/sphincs/CMakeFiles/sphincs_sha2_256f_simple_avx2.dir/pqclean_sphincs-sha2-256f-simple_avx2/fors.c.o
[1305/2405] Building C object src/sig/sphincs/CMakeFiles/sphincs_sha2_256s_simple_clean.dir/sig_sphincs_sha2_256s_simple.c.o
[1306/2405] Building C object src/sig/sphincs/CMakeFiles/sphincs_sha2_256s_simple_clean.dir/pqclean_sphincs-sha2-256s-simple_clean/address.c.o
[1307/2405] Building C object src/sig/sphincs/CMakeFiles/sphincs_sha2_256f_simple_avx2.dir/pqclean_sphincs-sha2-256f-simple_avx2/address.c.o
[1308/2405] Building C object src/sig/sphincs/CMakeFiles/sphincs_sha2_256f_simple_avx2.dir/pqclean_sphincs-sha2-256f-simple_avx2/sha256x8.c.o
[1309/2405] Building C object src/sig/sphincs/CMakeFiles/sphincs_sha2_256s_simple_clean.dir/pqclean_sphincs-sha2-256s-simple_clean/context_sha2.c.o
[1310/2405] Building C object src/sig/sphincs/CMakeFiles/sphincs_sha2_256f_simple_avx2.dir/pqclean_sphincs-sha2-256f-simple_avx2/sign.c.o
[1311/2405] Building C object src/sig/sphincs/CMakeFiles/sphincs_sha2_256f_simple_avx2.dir/pqclean_sphincs-sha2-256f-simple_avx2/thash_sha2_simple.c.o
[1312/2405] Building C object src/sig/sphincs/CMakeFiles/sphincs_sha2_256s_simple_clean.dir/pqclean_sphincs-sha2-256s-simple_clean/fors.c.o
[1313/2405] Building C object src/sig/sphincs/CMakeFiles/sphincs_sha2_256s_simple_clean.dir/pqclean_sphincs-sha2-256s-simple_clean/hash_sha2.c.o
[1314/2405] Building C object src/sig/sphincs/CMakeFiles/sphincs_sha2_256s_simple_clean.dir/pqclean_sphincs-sha2-256s-simple_clean/merkle.c.o
[1315/2405] Building C object src/sig/sphincs/CMakeFiles/sphincs_sha2_256f_simple_avx2.dir/pqclean_sphincs-sha2-256f-simple_avx2/thash_sha2_simplex8.c.o
[1316/2405] Building C object src/sig/sphincs/CMakeFiles/sphincs_sha2_256s_simple_clean.dir/pqclean_sphincs-sha2-256s-simple_clean/thash_sha2_simple.c.o
[1317/2405] Building C object src/sig/sphincs/CMakeFiles/sphincs_sha2_256s_simple_clean.dir/pqclean_sphincs-sha2-256s-simple_clean/sign.c.o
[1318/2405] Building C object src/sig/sphincs/CMakeFiles/sphincs_sha2_256s_simple_clean.dir/pqclean_sphincs-sha2-256s-simple_clean/utils.c.o
[1319/2405] Building C object src/sig/sphincs/CMakeFiles/sphincs_sha2_256s_simple_clean.dir/pqclean_sphincs-sha2-256s-simple_clean/wots.c.o
[1320/2405] Building C object src/sig/sphincs/CMakeFiles/sphincs_sha2_256s_simple_clean.dir/pqclean_sphincs-sha2-256s-simple_clean/wotsx1.c.o
[1321/2405] Building C object src/sig/sphincs/CMakeFiles/sphincs_sha2_256s_simple_clean.dir/pqclean_sphincs-sha2-256s-simple_clean/utilsx1.c.o
[1322/2405] Building C object src/sig/sphincs/CMakeFiles/sphincs_sha2_256f_simple_avx2.dir/pqclean_sphincs-sha2-256f-simple_avx2/sha512x4.c.o
[1323/2405] Building C object src/sig/sphincs/CMakeFiles/sphincs_sha2_256f_simple_avx2.dir/pqclean_sphincs-sha2-256f-simple_avx2/utilsx8.c.o
[1324/2405] Building C object src/sig/sphincs/CMakeFiles/sphincs_sha2_256f_simple_avx2.dir/pqclean_sphincs-sha2-256f-simple_avx2/wots.c.o
[1325/2405] Building C object src/sig/sphincs/CMakeFiles/sphincs_sha2_256f_simple_avx2.dir/pqclean_sphincs-sha2-256f-simple_avx2/utils.c.o
[1326/2405] Building C object src/sig/sphincs/CMakeFiles/sphincs_sha2_256s_simple_avx2.dir/pqclean_sphincs-sha2-256s-simple_avx2/context_sha2.c.o
[1327/2405] Building C object src/sig/sphincs/CMakeFiles/sphincs_sha2_256s_simple_avx2.dir/pqclean_sphincs-sha2-256s-simple_avx2/fors.c.o
[1328/2405] Building C object src/sig/sphincs/CMakeFiles/sphincs_sha2_256s_simple_avx2.dir/pqclean_sphincs-sha2-256s-simple_avx2/hash_sha2x8.c.o
[1329/2405] Building C object src/sig/sphincs/CMakeFiles/sphincs_sha2_256f_simple_avx2.dir/pqclean_sphincs-sha2-256f-simple_avx2/sha256avx.c.o
[1330/2405] Building C object src/sig/sphincs/CMakeFiles/sphincs_sha2_256s_simple_avx2.dir/pqclean_sphincs-sha2-256s-simple_avx2/address.c.o
[1331/2405] Building C object src/sig/sphincs/CMakeFiles/sphincs_sha2_256s_simple_avx2.dir/pqclean_sphincs-sha2-256s-simple_avx2/sha256x8.c.o
[1332/2405] Building C object src/sig/sphincs/CMakeFiles/sphincs_shake_128f_simple_clean.dir/sig_sphincs_shake_128f_simple.c.o
[1333/2405] Building C object src/sig/sphincs/CMakeFiles/sphincs_shake_128f_simple_clean.dir/pqclean_sphincs-shake-128f-simple_clean/address.c.o
[1334/2405] Building C object src/sig/sphincs/CMakeFiles/sphincs_sha2_256s_simple_avx2.dir/pqclean_sphincs-sha2-256s-simple_avx2/hash_sha2.c.o
[1335/2405] Building C object src/sig/sphincs/CMakeFiles/sphincs_shake_128f_simple_clean.dir/pqclean_sphincs-shake-128f-simple_clean/context_shake.c.o
[1336/2405] Building C object src/sig/sphincs/CMakeFiles/sphincs_sha2_256s_simple_avx2.dir/pqclean_sphincs-sha2-256s-simple_avx2/sign.c.o
[1337/2405] Building C object src/sig/sphincs/CMakeFiles/sphincs_sha2_256s_simple_avx2.dir/pqclean_sphincs-sha2-256s-simple_avx2/merkle.c.o
[1338/2405] Building C object src/sig/sphincs/CMakeFiles/sphincs_shake_128f_simple_clean.dir/pqclean_sphincs-shake-128f-simple_clean/hash_shake.c.o
[1339/2405] Building C object src/sig/sphincs/CMakeFiles/sphincs_shake_128f_simple_clean.dir/pqclean_sphincs-shake-128f-simple_clean/merkle.c.o
[1340/2405] Building C object src/sig/sphincs/CMakeFiles/sphincs_shake_128f_simple_clean.dir/pqclean_sphincs-shake-128f-simple_clean/fors.c.o
[1341/2405] Building C object src/sig/sphincs/CMakeFiles/sphincs_shake_128f_simple_clean.dir/pqclean_sphincs-shake-128f-simple_clean/sign.c.o
[1342/2405] Building C object src/sig/sphincs/CMakeFiles/sphincs_shake_128f_simple_clean.dir/pqclean_sphincs-shake-128f-simple_clean/thash_shake_simple.c.o
[1343/2405] Building C object src/sig/sphincs/CMakeFiles/sphincs_shake_128f_simple_clean.dir/pqclean_sphincs-shake-128f-simple_clean/utils.c.o
[1344/2405] Building C object src/sig/sphincs/CMakeFiles/sphincs_shake_128f_simple_clean.dir/pqclean_sphincs-shake-128f-simple_clean/utilsx1.c.o
[1345/2405] Building C object src/sig/sphincs/CMakeFiles/sphincs_shake_128f_simple_clean.dir/pqclean_sphincs-shake-128f-simple_clean/wots.c.o
[1346/2405] Building C object src/sig/sphincs/CMakeFiles/sphincs_sha2_256s_simple_avx2.dir/pqclean_sphincs-sha2-256s-simple_avx2/thash_sha2_simple.c.o
[1347/2405] Building C object src/sig/sphincs/CMakeFiles/sphincs_shake_128f_simple_avx2.dir/pqclean_sphincs-shake-128f-simple_avx2/address.c.o
[1348/2405] Building C object src/sig/sphincs/CMakeFiles/sphincs_shake_128f_simple_avx2.dir/pqclean_sphincs-shake-128f-simple_avx2/context_shake.c.o
[1349/2405] Building C object src/sig/sphincs/CMakeFiles/sphincs_shake_128f_simple_clean.dir/pqclean_sphincs-shake-128f-simple_clean/wotsx1.c.o
[1350/2405] Building C object src/sig/sphincs/CMakeFiles/sphincs_sha2_256s_simple_avx2.dir/pqclean_sphincs-sha2-256s-simple_avx2/sha512x4.c.o
[1351/2405] Building C object src/sig/sphincs/CMakeFiles/sphincs_shake_128f_simple_avx2.dir/pqclean_sphincs-shake-128f-simple_avx2/thash_shake_simple.c.o
[1352/2405] Building C object src/sig/sphincs/CMakeFiles/sphincs_shake_128f_simple_avx2.dir/pqclean_sphincs-shake-128f-simple_avx2/fors.c.o
[1353/2405] Building C object src/sig/sphincs/CMakeFiles/sphincs_shake_128f_simple_avx2.dir/pqclean_sphincs-shake-128f-simple_avx2/hash_shake.c.o
[1354/2405] Building C object src/sig/sphincs/CMakeFiles/sphincs_shake_128f_simple_avx2.dir/pqclean_sphincs-shake-128f-simple_avx2/merkle.c.o
[1355/2405] Building C object src/sig/sphincs/CMakeFiles/sphincs_sha2_256s_simple_avx2.dir/pqclean_sphincs-sha2-256s-simple_avx2/utils.c.o
[1356/2405] Building C object src/sig/sphincs/CMakeFiles/sphincs_shake_128f_simple_avx2.dir/pqclean_sphincs-shake-128f-simple_avx2/utilsx4.c.o
[1357/2405] Building C object src/sig/sphincs/CMakeFiles/sphincs_shake_128f_simple_avx2.dir/pqclean_sphincs-shake-128f-simple_avx2/sign.c.o
[1358/2405] Building C object src/sig/sphincs/CMakeFiles/sphincs_shake_128f_simple_avx2.dir/pqclean_sphincs-shake-128f-simple_avx2/utils.c.o
[1359/2405] Building C object src/sig/sphincs/CMakeFiles/sphincs_shake_128s_simple_clean.dir/pqclean_sphincs-shake-128s-simple_clean/context_shake.c.o
[1360/2405] Building C object src/sig/sphincs/CMakeFiles/sphincs_shake_128s_simple_clean.dir/sig_sphincs_shake_128s_simple.c.o
[1361/2405] Building C object src/sig/sphincs/CMakeFiles/sphincs_shake_128s_simple_clean.dir/pqclean_sphincs-shake-128s-simple_clean/address.c.o
[1362/2405] Building C object src/sig/sphincs/CMakeFiles/sphincs_sha2_256s_simple_avx2.dir/pqclean_sphincs-sha2-256s-simple_avx2/thash_sha2_simplex8.c.o
[1363/2405] Building C object src/sig/sphincs/CMakeFiles/sphincs_sha2_256s_simple_avx2.dir/pqclean_sphincs-sha2-256s-simple_avx2/utilsx8.c.o
[1364/2405] Building C object src/sig/sphincs/CMakeFiles/sphincs_shake_128s_simple_clean.dir/pqclean_sphincs-shake-128s-simple_clean/merkle.c.o
[1365/2405] Building C object src/sig/sphincs/CMakeFiles/sphincs_shake_128f_simple_avx2.dir/pqclean_sphincs-shake-128f-simple_avx2/wots.c.o
[1366/2405] Building C object src/sig/sphincs/CMakeFiles/sphincs_shake_128s_simple_clean.dir/pqclean_sphincs-shake-128s-simple_clean/hash_shake.c.o
[1367/2405] Building C object src/sig/sphincs/CMakeFiles/sphincs_shake_128s_simple_clean.dir/pqclean_sphincs-shake-128s-simple_clean/fors.c.o
[1368/2405] Building C object src/sig/sphincs/CMakeFiles/sphincs_shake_128s_simple_clean.dir/pqclean_sphincs-shake-128s-simple_clean/thash_shake_simple.c.o
[1369/2405] Building C object src/sig/sphincs/CMakeFiles/sphincs_sha2_256s_simple_avx2.dir/pqclean_sphincs-sha2-256s-simple_avx2/wots.c.o
[1370/2405] Building C object src/sig/sphincs/CMakeFiles/sphincs_shake_128s_simple_clean.dir/pqclean_sphincs-shake-128s-simple_clean/utilsx1.c.o
[1371/2405] Building C object src/sig/sphincs/CMakeFiles/sphincs_shake_128s_simple_clean.dir/pqclean_sphincs-shake-128s-simple_clean/wotsx1.c.o
[1372/2405] Building C object src/sig/sphincs/CMakeFiles/sphincs_shake_128s_simple_clean.dir/pqclean_sphincs-shake-128s-simple_clean/utils.c.o
[1373/2405] Building C object src/sig/sphincs/CMakeFiles/sphincs_shake_128s_simple_avx2.dir/pqclean_sphincs-shake-128s-simple_avx2/context_shake.c.o
[1374/2405] Building C object src/sig/sphincs/CMakeFiles/sphincs_shake_128s_simple_clean.dir/pqclean_sphincs-shake-128s-simple_clean/sign.c.o
[1375/2405] Building C object src/sig/sphincs/CMakeFiles/sphincs_shake_128s_simple_avx2.dir/pqclean_sphincs-shake-128s-simple_avx2/address.c.o
[1376/2405] Building C object src/sig/sphincs/CMakeFiles/sphincs_shake_128s_simple_clean.dir/pqclean_sphincs-shake-128s-simple_clean/wots.c.o
[1377/2405] Building C object src/sig/sphincs/CMakeFiles/sphincs_shake_128s_simple_avx2.dir/pqclean_sphincs-shake-128s-simple_avx2/thash_shake_simple.c.o
[1378/2405] Building C object src/sig/sphincs/CMakeFiles/sphincs_shake_128s_simple_avx2.dir/pqclean_sphincs-shake-128s-simple_avx2/hash_shake.c.o
[1379/2405] Building C object src/sig/sphincs/CMakeFiles/sphincs_sha2_256s_simple_avx2.dir/pqclean_sphincs-sha2-256s-simple_avx2/sha256avx.c.o
[1380/2405] Building C object src/sig/sphincs/CMakeFiles/sphincs_shake_128s_simple_avx2.dir/pqclean_sphincs-shake-128s-simple_avx2/sign.c.o
[1381/2405] Building C object src/sig/sphincs/CMakeFiles/sphincs_shake_128s_simple_avx2.dir/pqclean_sphincs-shake-128s-simple_avx2/merkle.c.o
[1382/2405] Building C object src/sig/sphincs/CMakeFiles/sphincs_shake_192f_simple_clean.dir/pqclean_sphincs-shake-192f-simple_clean/context_shake.c.o
[1383/2405] Building C object src/sig/sphincs/CMakeFiles/sphincs_shake_128s_simple_avx2.dir/pqclean_sphincs-shake-128s-simple_avx2/utilsx4.c.o
[1384/2405] Building C object src/sig/sphincs/CMakeFiles/sphincs_shake_128s_simple_avx2.dir/pqclean_sphincs-shake-128s-simple_avx2/utils.c.o
[1385/2405] Building C object src/sig/sphincs/CMakeFiles/sphincs_shake_192f_simple_clean.dir/pqclean_sphincs-shake-192f-simple_clean/address.c.o
[1386/2405] Building C object src/sig/sphincs/CMakeFiles/sphincs_shake_128s_simple_avx2.dir/pqclean_sphincs-shake-128s-simple_avx2/fors.c.o
[1387/2405] Building C object src/sig/sphincs/CMakeFiles/sphincs_shake_192f_simple_clean.dir/pqclean_sphincs-shake-192f-simple_clean/merkle.c.o
[1388/2405] Building C object src/sig/sphincs/CMakeFiles/sphincs_shake_192f_simple_clean.dir/sig_sphincs_shake_192f_simple.c.o
[1389/2405] Building C object src/sig/sphincs/CMakeFiles/sphincs_shake_128s_simple_avx2.dir/pqclean_sphincs-shake-128s-simple_avx2/wots.c.o
[1390/2405] Building C object src/sig/sphincs/CMakeFiles/sphincs_shake_192f_simple_clean.dir/pqclean_sphincs-shake-192f-simple_clean/thash_shake_simple.c.o
[1391/2405] Building C object src/sig/sphincs/CMakeFiles/sphincs_shake_192f_simple_clean.dir/pqclean_sphincs-shake-192f-simple_clean/fors.c.o
[1392/2405] Building C object src/sig/sphincs/CMakeFiles/sphincs_shake_192f_simple_clean.dir/pqclean_sphincs-shake-192f-simple_clean/hash_shake.c.o
[1393/2405] Building C object src/sig/sphincs/CMakeFiles/sphincs_shake_192f_simple_clean.dir/pqclean_sphincs-shake-192f-simple_clean/sign.c.o
[1394/2405] Building C object src/sig/sphincs/CMakeFiles/sphincs_shake_192f_simple_clean.dir/pqclean_sphincs-shake-192f-simple_clean/utilsx1.c.o
[1395/2405] Building C object src/sig/sphincs/CMakeFiles/sphincs_shake_192f_simple_clean.dir/pqclean_sphincs-shake-192f-simple_clean/wotsx1.c.o
[1396/2405] Building C object src/sig/sphincs/CMakeFiles/sphincs_shake_192f_simple_avx2.dir/pqclean_sphincs-shake-192f-simple_avx2/context_shake.c.o
[1397/2405] Building C object src/sig/sphincs/CMakeFiles/sphincs_shake_128f_simple_avx2.dir/pqclean_sphincs-shake-128f-simple_avx2/hash_shakex4.c.o
[1398/2405] Building C object src/sig/sphincs/CMakeFiles/sphincs_shake_192f_simple_avx2.dir/pqclean_sphincs-shake-192f-simple_avx2/address.c.o
[1399/2405] Building C object src/sig/sphincs/CMakeFiles/sphincs_shake_192f_simple_clean.dir/pqclean_sphincs-shake-192f-simple_clean/utils.c.o
[1400/2405] Building C object src/sig/sphincs/CMakeFiles/sphincs_shake_192f_simple_clean.dir/pqclean_sphincs-shake-192f-simple_clean/wots.c.o
[1401/2405] Building C object src/sig/sphincs/CMakeFiles/sphincs_shake_192f_simple_avx2.dir/pqclean_sphincs-shake-192f-simple_avx2/hash_shake.c.o
[1402/2405] Building C object src/sig/sphincs/CMakeFiles/sphincs_shake_192f_simple_avx2.dir/pqclean_sphincs-shake-192f-simple_avx2/thash_shake_simple.c.o
[1403/2405] Building C object src/sig/sphincs/CMakeFiles/sphincs_shake_192f_simple_avx2.dir/pqclean_sphincs-shake-192f-simple_avx2/merkle.c.o
[1404/2405] Building C object src/sig/sphincs/CMakeFiles/sphincs_shake_192f_simple_avx2.dir/pqclean_sphincs-shake-192f-simple_avx2/fors.c.o
[1405/2405] Building C object src/sig/sphincs/CMakeFiles/sphincs_shake_128f_simple_avx2.dir/pqclean_sphincs-shake-128f-simple_avx2/thash_shake_simplex4.c.o
[1406/2405] Building C object src/sig/sphincs/CMakeFiles/sphincs_shake_192f_simple_avx2.dir/pqclean_sphincs-shake-192f-simple_avx2/utilsx4.c.o
[1407/2405] Building C object src/sig/sphincs/CMakeFiles/sphincs_shake_192f_simple_avx2.dir/pqclean_sphincs-shake-192f-simple_avx2/sign.c.o
[1408/2405] Building C object src/sig/sphincs/CMakeFiles/sphincs_shake_192s_simple_clean.dir/pqclean_sphincs-shake-192s-simple_clean/address.c.o
[1409/2405] Building C object src/sig/sphincs/CMakeFiles/sphincs_shake_192s_simple_clean.dir/pqclean_sphincs-shake-192s-simple_clean/context_shake.c.o
[1410/2405] Building C object src/sig/sphincs/CMakeFiles/sphincs_shake_192s_simple_clean.dir/sig_sphincs_shake_192s_simple.c.o
[1411/2405] Building C object src/sig/sphincs/CMakeFiles/sphincs_shake_192f_simple_avx2.dir/pqclean_sphincs-shake-192f-simple_avx2/utils.c.o
[1412/2405] Building C object src/sig/sphincs/CMakeFiles/sphincs_shake_192s_simple_clean.dir/pqclean_sphincs-shake-192s-simple_clean/hash_shake.c.o
[1413/2405] Building C object src/sig/sphincs/CMakeFiles/sphincs_shake_192s_simple_clean.dir/pqclean_sphincs-shake-192s-simple_clean/merkle.c.o
[1414/2405] Building C object src/sig/sphincs/CMakeFiles/sphincs_shake_192f_simple_avx2.dir/pqclean_sphincs-shake-192f-simple_avx2/wots.c.o
[1415/2405] Building C object src/sig/sphincs/CMakeFiles/sphincs_shake_192s_simple_clean.dir/pqclean_sphincs-shake-192s-simple_clean/thash_shake_simple.c.o
[1416/2405] Building C object src/sig/sphincs/CMakeFiles/sphincs_shake_192s_simple_clean.dir/pqclean_sphincs-shake-192s-simple_clean/sign.c.o
[1417/2405] Building C object src/sig/sphincs/CMakeFiles/sphincs_shake_192s_simple_clean.dir/pqclean_sphincs-shake-192s-simple_clean/utilsx1.c.o
[1418/2405] Building C object src/sig/sphincs/CMakeFiles/sphincs_shake_192s_simple_clean.dir/pqclean_sphincs-shake-192s-simple_clean/fors.c.o
[1419/2405] Building C object src/sig/sphincs/CMakeFiles/sphincs_shake_192s_simple_clean.dir/pqclean_sphincs-shake-192s-simple_clean/wots.c.o
[1420/2405] Building C object src/sig/sphincs/CMakeFiles/sphincs_shake_192s_simple_clean.dir/pqclean_sphincs-shake-192s-simple_clean/wotsx1.c.o
[1421/2405] Building C object src/sig/sphincs/CMakeFiles/sphincs_shake_192s_simple_avx2.dir/pqclean_sphincs-shake-192s-simple_avx2/address.c.o
[1422/2405] Building C object src/sig/sphincs/CMakeFiles/sphincs_shake_128s_simple_avx2.dir/pqclean_sphincs-shake-128s-simple_avx2/hash_shakex4.c.o
[1423/2405] Building C object src/sig/sphincs/CMakeFiles/sphincs_shake_192s_simple_clean.dir/pqclean_sphincs-shake-192s-simple_clean/utils.c.o
[1424/2405] Building C object src/sig/sphincs/CMakeFiles/sphincs_shake_192s_simple_avx2.dir/pqclean_sphincs-shake-192s-simple_avx2/context_shake.c.o
[1425/2405] Building C object src/sig/sphincs/CMakeFiles/sphincs_shake_192s_simple_avx2.dir/pqclean_sphincs-shake-192s-simple_avx2/merkle.c.o
[1426/2405] Building C object src/sig/sphincs/CMakeFiles/sphincs_shake_192s_simple_avx2.dir/pqclean_sphincs-shake-192s-simple_avx2/hash_shake.c.o
[1427/2405] Building C object src/sig/sphincs/CMakeFiles/sphincs_shake_192s_simple_avx2.dir/pqclean_sphincs-shake-192s-simple_avx2/thash_shake_simple.c.o
[1428/2405] Building C object src/sig/sphincs/CMakeFiles/sphincs_shake_192s_simple_avx2.dir/pqclean_sphincs-shake-192s-simple_avx2/utilsx4.c.o
[1429/2405] Building C object src/sig/sphincs/CMakeFiles/sphincs_shake_192s_simple_avx2.dir/pqclean_sphincs-shake-192s-simple_avx2/fors.c.o
[1430/2405] Building C object src/sig/sphincs/CMakeFiles/sphincs_shake_192s_simple_avx2.dir/pqclean_sphincs-shake-192s-simple_avx2/sign.c.o
[1431/2405] Building C object src/sig/sphincs/CMakeFiles/sphincs_shake_128s_simple_avx2.dir/pqclean_sphincs-shake-128s-simple_avx2/thash_shake_simplex4.c.o
[1432/2405] Building C object src/sig/sphincs/CMakeFiles/sphincs_shake_256f_simple_clean.dir/pqclean_sphincs-shake-256f-simple_clean/context_shake.c.o
[1433/2405] Building C object src/sig/sphincs/CMakeFiles/sphincs_shake_192s_simple_avx2.dir/pqclean_sphincs-shake-192s-simple_avx2/utils.c.o
[1434/2405] Building C object src/sig/sphincs/CMakeFiles/sphincs_shake_256f_simple_clean.dir/sig_sphincs_shake_256f_simple.c.o
[1435/2405] Building C object src/sig/sphincs/CMakeFiles/sphincs_shake_256f_simple_clean.dir/pqclean_sphincs-shake-256f-simple_clean/address.c.o
[1436/2405] Building C object src/sig/sphincs/CMakeFiles/sphincs_shake_256f_simple_clean.dir/pqclean_sphincs-shake-256f-simple_clean/merkle.c.o
[1437/2405] Building C object src/sig/sphincs/CMakeFiles/sphincs_shake_256f_simple_clean.dir/pqclean_sphincs-shake-256f-simple_clean/hash_shake.c.o
[1438/2405] Building C object src/sig/sphincs/CMakeFiles/sphincs_shake_192f_simple_avx2.dir/pqclean_sphincs-shake-192f-simple_avx2/hash_shakex4.c.o
[1439/2405] Building C object src/sig/sphincs/CMakeFiles/sphincs_shake_256f_simple_clean.dir/pqclean_sphincs-shake-256f-simple_clean/utilsx1.c.o
[1440/2405] Building C object src/sig/sphincs/CMakeFiles/sphincs_shake_256f_simple_clean.dir/pqclean_sphincs-shake-256f-simple_clean/fors.c.o
[1441/2405] Building C object src/sig/sphincs/CMakeFiles/sphincs_shake_192s_simple_avx2.dir/pqclean_sphincs-shake-192s-simple_avx2/wots.c.o
[1442/2405] Building C object src/sig/sphincs/CMakeFiles/sphincs_shake_256f_simple_clean.dir/pqclean_sphincs-shake-256f-simple_clean/thash_shake_simple.c.o
[1443/2405] Building C object src/sig/sphincs/CMakeFiles/sphincs_shake_256f_simple_clean.dir/pqclean_sphincs-shake-256f-simple_clean/sign.c.o
[1444/2405] Building C object src/sig/sphincs/CMakeFiles/sphincs_shake_256f_simple_avx2.dir/pqclean_sphincs-shake-256f-simple_avx2/context_shake.c.o
[1445/2405] Building C object src/sig/sphincs/CMakeFiles/sphincs_shake_256f_simple_clean.dir/pqclean_sphincs-shake-256f-simple_clean/wotsx1.c.o
[1446/2405] Building C object src/sig/sphincs/CMakeFiles/sphincs_shake_256f_simple_avx2.dir/pqclean_sphincs-shake-256f-simple_avx2/address.c.o
[1447/2405] Building C object src/sig/sphincs/CMakeFiles/sphincs_shake_256f_simple_clean.dir/pqclean_sphincs-shake-256f-simple_clean/wots.c.o
[1448/2405] Building C object src/sig/sphincs/CMakeFiles/sphincs_shake_256f_simple_clean.dir/pqclean_sphincs-shake-256f-simple_clean/utils.c.o
[1449/2405] Building C object src/sig/sphincs/CMakeFiles/sphincs_shake_256f_simple_avx2.dir/pqclean_sphincs-shake-256f-simple_avx2/merkle.c.o
[1450/2405] Building C object src/sig/sphincs/CMakeFiles/sphincs_shake_256f_simple_avx2.dir/pqclean_sphincs-shake-256f-simple_avx2/hash_shake.c.o
[1451/2405] Building C object src/sig/sphincs/CMakeFiles/sphincs_shake_256f_simple_avx2.dir/pqclean_sphincs-shake-256f-simple_avx2/thash_shake_simple.c.o
[1452/2405] Building C object src/sig/sphincs/CMakeFiles/sphincs_shake_192f_simple_avx2.dir/pqclean_sphincs-shake-192f-simple_avx2/thash_shake_simplex4.c.o
[1453/2405] Building C object src/sig/sphincs/CMakeFiles/sphincs_shake_256f_simple_avx2.dir/pqclean_sphincs-shake-256f-simple_avx2/fors.c.o
[1454/2405] Building C object src/sig/sphincs/CMakeFiles/sphincs_shake_256f_simple_avx2.dir/pqclean_sphincs-shake-256f-simple_avx2/sign.c.o
[1455/2405] Building C object src/sig/sphincs/CMakeFiles/sphincs_shake_256f_simple_avx2.dir/pqclean_sphincs-shake-256f-simple_avx2/utilsx4.c.o
[1456/2405] Building C object src/sig/sphincs/CMakeFiles/sphincs_shake_256s_simple_clean.dir/pqclean_sphincs-shake-256s-simple_clean/context_shake.c.o
[1457/2405] Building C object src/sig/sphincs/CMakeFiles/sphincs_shake_256s_simple_clean.dir/pqclean_sphincs-shake-256s-simple_clean/address.c.o
[1458/2405] Building C object src/sig/sphincs/CMakeFiles/sphincs_shake_256s_simple_clean.dir/sig_sphincs_shake_256s_simple.c.o
[1459/2405] Building C object src/sig/sphincs/CMakeFiles/sphincs_shake_256f_simple_avx2.dir/pqclean_sphincs-shake-256f-simple_avx2/utils.c.o
[1460/2405] Building C object src/sig/sphincs/CMakeFiles/sphincs_shake_256s_simple_clean.dir/pqclean_sphincs-shake-256s-simple_clean/merkle.c.o
[1461/2405] Building C object src/sig/sphincs/CMakeFiles/sphincs_shake_256f_simple_avx2.dir/pqclean_sphincs-shake-256f-simple_avx2/wots.c.o
[1462/2405] Building C object src/sig/sphincs/CMakeFiles/sphincs_shake_256s_simple_clean.dir/pqclean_sphincs-shake-256s-simple_clean/hash_shake.c.o
[1463/2405] Building C object src/sig/sphincs/CMakeFiles/sphincs_shake_256s_simple_clean.dir/pqclean_sphincs-shake-256s-simple_clean/thash_shake_simple.c.o
[1464/2405] Building C object src/sig/sphincs/CMakeFiles/sphincs_shake_256s_simple_clean.dir/pqclean_sphincs-shake-256s-simple_clean/sign.c.o
[1465/2405] Building C object src/sig/sphincs/CMakeFiles/sphincs_shake_256s_simple_clean.dir/pqclean_sphincs-shake-256s-simple_clean/wotsx1.c.o
[1466/2405] Building C object src/sig/sphincs/CMakeFiles/sphincs_shake_256s_simple_avx2.dir/pqclean_sphincs-shake-256s-simple_avx2/context_shake.c.o
[1467/2405] Building C object src/sig/sphincs/CMakeFiles/sphincs_shake_256s_simple_clean.dir/pqclean_sphincs-shake-256s-simple_clean/fors.c.o
[1468/2405] Building C object src/sig/sphincs/CMakeFiles/sphincs_shake_256s_simple_clean.dir/pqclean_sphincs-shake-256s-simple_clean/utilsx1.c.o
[1469/2405] Building C object src/sig/sphincs/CMakeFiles/sphincs_shake_256s_simple_clean.dir/pqclean_sphincs-shake-256s-simple_clean/utils.c.o
[1470/2405] Building C object src/sig/sphincs/CMakeFiles/sphincs_shake_256s_simple_clean.dir/pqclean_sphincs-shake-256s-simple_clean/wots.c.o
[1471/2405] Building C object src/sig/sphincs/CMakeFiles/sphincs_shake_256s_simple_avx2.dir/pqclean_sphincs-shake-256s-simple_avx2/address.c.o
[1472/2405] Building C object src/sig/sphincs/CMakeFiles/sphincs_shake_192s_simple_avx2.dir/pqclean_sphincs-shake-192s-simple_avx2/thash_shake_simplex4.c.o
[1473/2405] Building C object src/sig/sphincs/CMakeFiles/sphincs_shake_256s_simple_avx2.dir/pqclean_sphincs-shake-256s-simple_avx2/hash_shake.c.o
[1474/2405] Building C object src/sig/sphincs/CMakeFiles/sphincs_shake_192s_simple_avx2.dir/pqclean_sphincs-shake-192s-simple_avx2/hash_shakex4.c.o
[1475/2405] Building C object src/sig/sphincs/CMakeFiles/sphincs_shake_256s_simple_avx2.dir/pqclean_sphincs-shake-256s-simple_avx2/merkle.c.o
[1476/2405] Building C object src/sig/sphincs/CMakeFiles/sphincs_shake_256s_simple_avx2.dir/pqclean_sphincs-shake-256s-simple_avx2/utilsx4.c.o
[1477/2405] Building C object src/sig/sphincs/CMakeFiles/sphincs_shake_256s_simple_avx2.dir/pqclean_sphincs-shake-256s-simple_avx2/thash_shake_simple.c.o
[1478/2405] Building C object src/sig/sphincs/CMakeFiles/sphincs_shake_256s_simple_avx2.dir/pqclean_sphincs-shake-256s-simple_avx2/sign.c.o
[1479/2405] Building C object src/sig/mayo/CMakeFiles/mayo_1_opt.dir/pqmayo_mayo-1_opt/api.c.o
[1480/2405] Building C object src/sig/sphincs/CMakeFiles/sphincs_shake_256s_simple_avx2.dir/pqclean_sphincs-shake-256s-simple_avx2/utils.c.o
[1481/2405] Building C object src/sig/sphincs/CMakeFiles/sphincs_shake_256s_simple_avx2.dir/pqclean_sphincs-shake-256s-simple_avx2/fors.c.o
[1482/2405] Building C object src/sig/mayo/CMakeFiles/mayo_1_opt.dir/pqmayo_mayo-1_opt/params.c.o
[1483/2405] Building C object src/sig/sphincs/CMakeFiles/sphincs_shake_256s_simple_avx2.dir/pqclean_sphincs-shake-256s-simple_avx2/wots.c.o
[1484/2405] Building C object src/sig/mayo/CMakeFiles/mayo_1_avx2.dir/pqmayo_mayo-1_avx2/api.c.o
[1485/2405] Building C object src/sig/mayo/CMakeFiles/mayo_1_opt.dir/sig_mayo_1.c.o
[1486/2405] Building C object src/sig/mayo/CMakeFiles/mayo_1_avx2.dir/pqmayo_mayo-1_avx2/params.c.o
[1487/2405] Building C object src/sig/sphincs/CMakeFiles/sphincs_shake_256f_simple_avx2.dir/pqclean_sphincs-shake-256f-simple_avx2/hash_shakex4.c.o
[1488/2405] Building C object src/sig/mayo/CMakeFiles/mayo_2_opt.dir/pqmayo_mayo-2_opt/api.c.o
[1489/2405] Building C object src/sig/mayo/CMakeFiles/mayo_2_opt.dir/pqmayo_mayo-2_opt/params.c.o
[1490/2405] Building C object src/sig/sphincs/CMakeFiles/sphincs_shake_256f_simple_avx2.dir/pqclean_sphincs-shake-256f-simple_avx2/thash_shake_simplex4.c.o
[1491/2405] Building C object src/sig/mayo/CMakeFiles/mayo_2_opt.dir/sig_mayo_2.c.o
[1492/2405] Building C object src/sig/mayo/CMakeFiles/mayo_2_avx2.dir/pqmayo_mayo-2_avx2/api.c.o
[1493/2405] Building C object src/sig/mayo/CMakeFiles/mayo_2_avx2.dir/pqmayo_mayo-2_avx2/params.c.o
[1494/2405] Building C object src/sig/mayo/CMakeFiles/mayo_3_opt.dir/pqmayo_mayo-3_opt/api.c.o
[1495/2405] Building C object src/sig/sphincs/CMakeFiles/sphincs_shake_256s_simple_avx2.dir/pqclean_sphincs-shake-256s-simple_avx2/hash_shakex4.c.o
[1496/2405] Building C object src/sig/mayo/CMakeFiles/mayo_1_opt.dir/pqmayo_mayo-1_opt/arithmetic.c.o
[1497/2405] Building C object src/sig/mayo/CMakeFiles/mayo_3_opt.dir/sig_mayo_3.c.o
[1498/2405] Building C object src/sig/mayo/CMakeFiles/mayo_3_opt.dir/pqmayo_mayo-3_opt/params.c.o
[1499/2405] Building C object src/sig/mayo/CMakeFiles/mayo_3_avx2.dir/pqmayo_mayo-3_avx2/api.c.o
[1500/2405] Building C object src/sig/sphincs/CMakeFiles/sphincs_shake_256s_simple_avx2.dir/pqclean_sphincs-shake-256s-simple_avx2/thash_shake_simplex4.c.o
[1501/2405] Building C object src/sig/mayo/CMakeFiles/mayo_3_avx2.dir/pqmayo_mayo-3_avx2/params.c.o
[1502/2405] Building C object src/sig/mayo/CMakeFiles/mayo_2_opt.dir/pqmayo_mayo-2_opt/arithmetic.c.o
[1503/2405] Building C object src/sig/mayo/CMakeFiles/mayo_5_opt.dir/sig_mayo_5.c.o
[1504/2405] Building C object src/sig/mayo/CMakeFiles/mayo_5_opt.dir/pqmayo_mayo-5_opt/api.c.o
[1505/2405] Building C object src/sig/mayo/CMakeFiles/mayo_3_opt.dir/pqmayo_mayo-3_opt/arithmetic.c.o
[1506/2405] Building C object src/sig/mayo/CMakeFiles/mayo_1_avx2.dir/pqmayo_mayo-1_avx2/arithmetic.c.o
[1507/2405] Building C object src/sig/mayo/CMakeFiles/mayo_5_opt.dir/pqmayo_mayo-5_opt/params.c.o
[1508/2405] Building C object src/sig/mayo/CMakeFiles/mayo_2_avx2.dir/pqmayo_mayo-2_avx2/arithmetic.c.o
[1509/2405] Building C object src/sig/mayo/CMakeFiles/mayo_5_avx2.dir/pqmayo_mayo-5_avx2/api.c.o
[1510/2405] Building C object src/sig/mayo/CMakeFiles/mayo_5_opt.dir/pqmayo_mayo-5_opt/arithmetic.c.o
[1511/2405] Building C object src/sig/mayo/CMakeFiles/mayo_5_avx2.dir/pqmayo_mayo-5_avx2/params.c.o
[1512/2405] Building C object src/sig/mayo/CMakeFiles/mayo_1_opt.dir/pqmayo_mayo-1_opt/mayo.c.o
[1513/2405] Building C object src/sig/cross/CMakeFiles/cross_rsdp_128_balanced_clean.dir/sig_cross_rsdp_128_balanced.c.o
[1514/2405] Building C object src/sig/cross/CMakeFiles/cross_rsdp_128_balanced_clean.dir/upcross_cross-rsdp-128-balanced_clean/merkle.c.o
[1515/2405] Building C object src/sig/cross/CMakeFiles/cross_rsdp_128_balanced_clean.dir/upcross_cross-rsdp-128-balanced_clean/csprng_hash.c.o
[1516/2405] Building C object src/sig/mayo/CMakeFiles/mayo_3_avx2.dir/pqmayo_mayo-3_avx2/arithmetic.c.o
[1517/2405] Building C object src/sig/cross/CMakeFiles/cross_rsdp_128_balanced_clean.dir/upcross_cross-rsdp-128-balanced_clean/sign.c.o
[1518/2405] Building C object src/sig/mayo/CMakeFiles/mayo_2_opt.dir/pqmayo_mayo-2_opt/mayo.c.o
[1519/2405] Building C object src/sig/cross/CMakeFiles/cross_rsdp_128_balanced_clean.dir/upcross_cross-rsdp-128-balanced_clean/seedtree.c.o
[1520/2405] Building C object src/sig/cross/CMakeFiles/cross_rsdp_128_balanced_clean.dir/upcross_cross-rsdp-128-balanced_clean/pack_unpack.c.o
[1521/2405] Building C object src/sig/cross/CMakeFiles/cross_rsdp_128_balanced_clean.dir/upcross_cross-rsdp-128-balanced_clean/CROSS.c.o
[1522/2405] Building C object src/sig/mayo/CMakeFiles/mayo_3_opt.dir/pqmayo_mayo-3_opt/mayo.c.o
[1523/2405] Building C object src/sig/mayo/CMakeFiles/mayo_5_avx2.dir/pqmayo_mayo-5_avx2/arithmetic.c.o
[1524/2405] Building C object src/sig/cross/CMakeFiles/cross_rsdp_128_balanced_avx2.dir/upcross_cross-rsdp-128-balanced_avx2/sign.c.o
[1525/2405] Building C object src/sig/cross/CMakeFiles/cross_rsdp_128_balanced_avx2.dir/upcross_cross-rsdp-128-balanced_avx2/pack_unpack.c.o
[1526/2405] Building C object src/sig/mayo/CMakeFiles/mayo_5_opt.dir/pqmayo_mayo-5_opt/mayo.c.o
[1527/2405] Building C object src/sig/mayo/CMakeFiles/mayo_2_avx2.dir/pqmayo_mayo-2_avx2/mayo.c.o
[1528/2405] Building C object src/sig/mayo/CMakeFiles/mayo_1_avx2.dir/pqmayo_mayo-1_avx2/mayo.c.o
[1529/2405] Building C object src/sig/cross/CMakeFiles/cross_rsdp_128_fast_clean.dir/sig_cross_rsdp_128_fast.c.o
[1530/2405] Building C object src/sig/cross/CMakeFiles/cross_rsdp_128_fast_clean.dir/upcross_cross-rsdp-128-fast_clean/csprng_hash.c.o
[1531/2405] Building C object src/sig/cross/CMakeFiles/cross_rsdp_128_balanced_avx2.dir/upcross_cross-rsdp-128-balanced_avx2/csprng_hash.c.o
[1532/2405] Building C object src/sig/cross/CMakeFiles/cross_rsdp_128_fast_clean.dir/upcross_cross-rsdp-128-fast_clean/merkle.c.o
[1533/2405] Building C object src/sig/cross/CMakeFiles/cross_rsdp_128_fast_clean.dir/upcross_cross-rsdp-128-fast_clean/seedtree.c.o
[1534/2405] Building C object src/sig/cross/CMakeFiles/cross_rsdp_128_fast_clean.dir/upcross_cross-rsdp-128-fast_clean/sign.c.o
[1535/2405] Building C object src/sig/cross/CMakeFiles/cross_rsdp_128_fast_clean.dir/upcross_cross-rsdp-128-fast_clean/pack_unpack.c.o
[1536/2405] Building C object src/sig/cross/CMakeFiles/cross_rsdp_128_fast_avx2.dir/upcross_cross-rsdp-128-fast_avx2/sign.c.o
[1537/2405] Building C object src/sig/cross/CMakeFiles/cross_rsdp_128_fast_avx2.dir/upcross_cross-rsdp-128-fast_avx2/pack_unpack.c.o
[1538/2405] Building C object src/sig/cross/CMakeFiles/cross_rsdp_128_small_clean.dir/sig_cross_rsdp_128_small.c.o
[1539/2405] Building C object src/sig/cross/CMakeFiles/cross_rsdp_128_balanced_avx2.dir/upcross_cross-rsdp-128-balanced_avx2/seedtree.c.o
[1540/2405] Building C object src/sig/cross/CMakeFiles/cross_rsdp_128_balanced_avx2.dir/upcross_cross-rsdp-128-balanced_avx2/merkle.c.o
[1541/2405] Building C object src/sig/cross/CMakeFiles/cross_rsdp_128_small_clean.dir/upcross_cross-rsdp-128-small_clean/csprng_hash.c.o
[1542/2405] Building C object src/sig/cross/CMakeFiles/cross_rsdp_128_fast_avx2.dir/upcross_cross-rsdp-128-fast_avx2/csprng_hash.c.o
[1543/2405] Building C object src/sig/cross/CMakeFiles/cross_rsdp_128_fast_clean.dir/upcross_cross-rsdp-128-fast_clean/CROSS.c.o
[1544/2405] Building C object src/sig/cross/CMakeFiles/cross_rsdp_128_fast_avx2.dir/upcross_cross-rsdp-128-fast_avx2/seedtree.c.o
[1545/2405] Building C object src/sig/cross/CMakeFiles/cross_rsdp_128_small_clean.dir/upcross_cross-rsdp-128-small_clean/sign.c.o
[1546/2405] Building C object src/sig/cross/CMakeFiles/cross_rsdp_128_small_clean.dir/upcross_cross-rsdp-128-small_clean/merkle.c.o
[1547/2405] Building C object src/sig/cross/CMakeFiles/cross_rsdp_128_small_clean.dir/upcross_cross-rsdp-128-small_clean/pack_unpack.c.o
[1548/2405] Building C object src/sig/cross/CMakeFiles/cross_rsdp_128_fast_avx2.dir/upcross_cross-rsdp-128-fast_avx2/merkle.c.o
[1549/2405] Building C object src/sig/cross/CMakeFiles/cross_rsdp_128_small_clean.dir/upcross_cross-rsdp-128-small_clean/seedtree.c.o
[1550/2405] Building C object src/sig/cross/CMakeFiles/cross_rsdp_128_balanced_avx2.dir/upcross_cross-rsdp-128-balanced_avx2/CROSS.c.o
[1551/2405] Building C object src/sig/cross/CMakeFiles/cross_rsdp_128_small_avx2.dir/upcross_cross-rsdp-128-small_avx2/sign.c.o
[1552/2405] Building C object src/sig/cross/CMakeFiles/cross_rsdp_192_balanced_clean.dir/sig_cross_rsdp_192_balanced.c.o
[1553/2405] Building C object src/sig/cross/CMakeFiles/cross_rsdp_128_small_avx2.dir/upcross_cross-rsdp-128-small_avx2/pack_unpack.c.o
[1554/2405] Building C object src/sig/mayo/CMakeFiles/mayo_3_avx2.dir/pqmayo_mayo-3_avx2/mayo.c.o
[1555/2405] Building C object src/sig/cross/CMakeFiles/cross_rsdp_192_balanced_clean.dir/upcross_cross-rsdp-192-balanced_clean/csprng_hash.c.o
[1556/2405] Building C object src/sig/cross/CMakeFiles/cross_rsdp_192_balanced_clean.dir/upcross_cross-rsdp-192-balanced_clean/sign.c.o
[1557/2405] Building C object src/sig/cross/CMakeFiles/cross_rsdp_128_small_clean.dir/upcross_cross-rsdp-128-small_clean/CROSS.c.o
[1558/2405] Building C object src/sig/cross/CMakeFiles/cross_rsdp_192_balanced_clean.dir/upcross_cross-rsdp-192-balanced_clean/pack_unpack.c.o
[1559/2405] Building C object src/sig/mayo/CMakeFiles/mayo_5_avx2.dir/pqmayo_mayo-5_avx2/mayo.c.o
[1560/2405] Building C object src/sig/cross/CMakeFiles/cross_rsdp_192_balanced_clean.dir/upcross_cross-rsdp-192-balanced_clean/seedtree.c.o
[1561/2405] Building C object src/sig/cross/CMakeFiles/cross_rsdp_192_balanced_clean.dir/upcross_cross-rsdp-192-balanced_clean/merkle.c.o
[1562/2405] Building C object src/sig/cross/CMakeFiles/cross_rsdp_192_balanced_avx2.dir/upcross_cross-rsdp-192-balanced_avx2/sign.c.o
[1563/2405] Building C object src/sig/cross/CMakeFiles/cross_rsdp_128_small_avx2.dir/upcross_cross-rsdp-128-small_avx2/merkle.c.o
[1564/2405] Building C object src/sig/cross/CMakeFiles/cross_rsdp_128_small_avx2.dir/upcross_cross-rsdp-128-small_avx2/seedtree.c.o
[1565/2405] Building C object src/sig/cross/CMakeFiles/cross_rsdp_128_small_avx2.dir/upcross_cross-rsdp-128-small_avx2/csprng_hash.c.o
[1566/2405] Building C object src/sig/cross/CMakeFiles/cross_rsdp_128_fast_avx2.dir/upcross_cross-rsdp-128-fast_avx2/CROSS.c.o
[1567/2405] Building C object src/sig/cross/CMakeFiles/cross_rsdp_192_fast_clean.dir/sig_cross_rsdp_192_fast.c.o
[1568/2405] Building C object src/sig/cross/CMakeFiles/cross_rsdp_192_balanced_avx2.dir/upcross_cross-rsdp-192-balanced_avx2/pack_unpack.c.o
[1569/2405] Building C object src/sig/cross/CMakeFiles/cross_rsdp_192_fast_clean.dir/upcross_cross-rsdp-192-fast_clean/csprng_hash.c.o
[1570/2405] Building C object src/sig/cross/CMakeFiles/cross_rsdp_192_fast_clean.dir/upcross_cross-rsdp-192-fast_clean/merkle.c.o
[1571/2405] Building C object src/sig/cross/CMakeFiles/cross_rsdp_192_fast_clean.dir/upcross_cross-rsdp-192-fast_clean/seedtree.c.o
[1572/2405] Building C object src/sig/cross/CMakeFiles/cross_rsdp_192_fast_clean.dir/upcross_cross-rsdp-192-fast_clean/sign.c.o
[1573/2405] Building C object src/sig/cross/CMakeFiles/cross_rsdp_192_fast_clean.dir/upcross_cross-rsdp-192-fast_clean/pack_unpack.c.o
[1574/2405] Building C object src/sig/cross/CMakeFiles/cross_rsdp_192_balanced_avx2.dir/upcross_cross-rsdp-192-balanced_avx2/csprng_hash.c.o
[1575/2405] Building C object src/sig/cross/CMakeFiles/cross_rsdp_192_balanced_clean.dir/upcross_cross-rsdp-192-balanced_clean/CROSS.c.o
[1576/2405] Building C object src/sig/cross/CMakeFiles/cross_rsdp_192_fast_avx2.dir/upcross_cross-rsdp-192-fast_avx2/sign.c.o
[1577/2405] Building C object src/sig/cross/CMakeFiles/cross_rsdp_192_balanced_avx2.dir/upcross_cross-rsdp-192-balanced_avx2/merkle.c.o
[1578/2405] Building C object src/sig/cross/CMakeFiles/cross_rsdp_192_small_clean.dir/sig_cross_rsdp_192_small.c.o
[1579/2405] Building C object src/sig/cross/CMakeFiles/cross_rsdp_192_small_clean.dir/upcross_cross-rsdp-192-small_clean/csprng_hash.c.o
[1580/2405] Building C object src/sig/cross/CMakeFiles/cross_rsdp_128_small_avx2.dir/upcross_cross-rsdp-128-small_avx2/CROSS.c.o
[1581/2405] Building C object src/sig/cross/CMakeFiles/cross_rsdp_192_fast_avx2.dir/upcross_cross-rsdp-192-fast_avx2/pack_unpack.c.o
[1582/2405] Building C object src/sig/cross/CMakeFiles/cross_rsdp_192_balanced_avx2.dir/upcross_cross-rsdp-192-balanced_avx2/seedtree.c.o
[1583/2405] Building C object src/sig/cross/CMakeFiles/cross_rsdp_192_small_clean.dir/upcross_cross-rsdp-192-small_clean/sign.c.o
[1584/2405] Building C object src/sig/cross/CMakeFiles/cross_rsdp_192_small_clean.dir/upcross_cross-rsdp-192-small_clean/merkle.c.o
[1585/2405] Building C object src/sig/cross/CMakeFiles/cross_rsdp_192_fast_avx2.dir/upcross_cross-rsdp-192-fast_avx2/csprng_hash.c.o
[1586/2405] Building C object src/sig/cross/CMakeFiles/cross_rsdp_192_small_clean.dir/upcross_cross-rsdp-192-small_clean/pack_unpack.c.o
[1587/2405] Building C object src/sig/cross/CMakeFiles/cross_rsdp_192_small_clean.dir/upcross_cross-rsdp-192-small_clean/seedtree.c.o
[1588/2405] Building C object src/sig/cross/CMakeFiles/cross_rsdp_192_small_avx2.dir/upcross_cross-rsdp-192-small_avx2/sign.c.o
[1589/2405] Building C object src/sig/cross/CMakeFiles/cross_rsdp_192_fast_avx2.dir/upcross_cross-rsdp-192-fast_avx2/merkle.c.o
[1590/2405] Building C object src/sig/cross/CMakeFiles/cross_rsdp_192_fast_clean.dir/upcross_cross-rsdp-192-fast_clean/CROSS.c.o
[1591/2405] Building C object src/sig/cross/CMakeFiles/cross_rsdp_256_balanced_clean.dir/sig_cross_rsdp_256_balanced.c.o
[1592/2405] Building C object src/sig/cross/CMakeFiles/cross_rsdp_192_fast_avx2.dir/upcross_cross-rsdp-192-fast_avx2/seedtree.c.o
[1593/2405] Building C object src/sig/cross/CMakeFiles/cross_rsdp_256_balanced_clean.dir/upcross_cross-rsdp-256-balanced_clean/csprng_hash.c.o
[1594/2405] Building C object src/sig/cross/CMakeFiles/cross_rsdp_192_small_avx2.dir/upcross_cross-rsdp-192-small_avx2/pack_unpack.c.o
[1595/2405] Building C object src/sig/cross/CMakeFiles/cross_rsdp_256_balanced_clean.dir/upcross_cross-rsdp-256-balanced_clean/sign.c.o
[1596/2405] Building C object src/sig/cross/CMakeFiles/cross_rsdp_192_balanced_avx2.dir/upcross_cross-rsdp-192-balanced_avx2/CROSS.c.o
[1597/2405] Building C object src/sig/cross/CMakeFiles/cross_rsdp_256_balanced_clean.dir/upcross_cross-rsdp-256-balanced_clean/merkle.c.o
[1598/2405] Building C object src/sig/cross/CMakeFiles/cross_rsdp_256_balanced_clean.dir/upcross_cross-rsdp-256-balanced_clean/pack_unpack.c.o
[1599/2405] Building C object src/sig/cross/CMakeFiles/cross_rsdp_256_balanced_clean.dir/upcross_cross-rsdp-256-balanced_clean/seedtree.c.o
[1600/2405] Building C object src/sig/cross/CMakeFiles/cross_rsdp_192_small_clean.dir/upcross_cross-rsdp-192-small_clean/CROSS.c.o
[1601/2405] Building C object src/sig/cross/CMakeFiles/cross_rsdp_256_balanced_avx2.dir/upcross_cross-rsdp-256-balanced_avx2/sign.c.o
[1602/2405] Building C object src/sig/cross/CMakeFiles/cross_rsdp_192_small_avx2.dir/upcross_cross-rsdp-192-small_avx2/csprng_hash.c.o
[1603/2405] Building C object src/sig/cross/CMakeFiles/cross_rsdp_192_small_avx2.dir/upcross_cross-rsdp-192-small_avx2/seedtree.c.o
[1604/2405] Building C object src/sig/cross/CMakeFiles/cross_rsdp_192_small_avx2.dir/upcross_cross-rsdp-192-small_avx2/merkle.c.o
[1605/2405] Building C object src/sig/cross/CMakeFiles/cross_rsdp_256_fast_clean.dir/sig_cross_rsdp_256_fast.c.o
[1606/2405] Building C object src/sig/cross/CMakeFiles/cross_rsdp_192_fast_avx2.dir/upcross_cross-rsdp-192-fast_avx2/CROSS.c.o
[1607/2405] Building C object src/sig/cross/CMakeFiles/cross_rsdp_256_balanced_avx2.dir/upcross_cross-rsdp-256-balanced_avx2/pack_unpack.c.o
[1608/2405] Building C object src/sig/cross/CMakeFiles/cross_rsdp_256_fast_clean.dir/upcross_cross-rsdp-256-fast_clean/csprng_hash.c.o
[1609/2405] Building C object src/sig/cross/CMakeFiles/cross_rsdp_256_fast_clean.dir/upcross_cross-rsdp-256-fast_clean/merkle.c.o
[1610/2405] Building C object src/sig/cross/CMakeFiles/cross_rsdp_256_fast_clean.dir/upcross_cross-rsdp-256-fast_clean/seedtree.c.o
[1611/2405] Building C object src/sig/cross/CMakeFiles/cross_rsdp_256_fast_clean.dir/upcross_cross-rsdp-256-fast_clean/sign.c.o
[1612/2405] Building C object src/sig/cross/CMakeFiles/cross_rsdp_256_fast_clean.dir/upcross_cross-rsdp-256-fast_clean/pack_unpack.c.o
[1613/2405] Building C object src/sig/cross/CMakeFiles/cross_rsdp_256_balanced_avx2.dir/upcross_cross-rsdp-256-balanced_avx2/csprng_hash.c.o
[1614/2405] Building C object src/sig/cross/CMakeFiles/cross_rsdp_256_balanced_clean.dir/upcross_cross-rsdp-256-balanced_clean/CROSS.c.o
[1615/2405] Building C object src/sig/cross/CMakeFiles/cross_rsdp_256_fast_avx2.dir/upcross_cross-rsdp-256-fast_avx2/sign.c.o
[1616/2405] Building C object src/sig/cross/CMakeFiles/cross_rsdp_256_balanced_avx2.dir/upcross_cross-rsdp-256-balanced_avx2/merkle.c.o
[1617/2405] Building C object src/sig/cross/CMakeFiles/cross_rsdp_256_small_clean.dir/sig_cross_rsdp_256_small.c.o
[1618/2405] Building C object src/sig/cross/CMakeFiles/cross_rsdp_256_balanced_avx2.dir/upcross_cross-rsdp-256-balanced_avx2/seedtree.c.o
[1619/2405] Building C object src/sig/cross/CMakeFiles/cross_rsdp_256_fast_avx2.dir/upcross_cross-rsdp-256-fast_avx2/pack_unpack.c.o
[1620/2405] Building C object src/sig/cross/CMakeFiles/cross_rsdp_192_small_avx2.dir/upcross_cross-rsdp-192-small_avx2/CROSS.c.o
[1621/2405] Building C object src/sig/cross/CMakeFiles/cross_rsdp_256_small_clean.dir/upcross_cross-rsdp-256-small_clean/csprng_hash.c.o
[1622/2405] Building C object src/sig/cross/CMakeFiles/cross_rsdp_256_small_clean.dir/upcross_cross-rsdp-256-small_clean/merkle.c.o
[1623/2405] Building C object src/sig/cross/CMakeFiles/cross_rsdp_256_small_clean.dir/upcross_cross-rsdp-256-small_clean/seedtree.c.o
[1624/2405] Building C object src/sig/cross/CMakeFiles/cross_rsdp_256_small_clean.dir/upcross_cross-rsdp-256-small_clean/sign.c.o
[1625/2405] Building C object src/sig/cross/CMakeFiles/cross_rsdp_256_small_clean.dir/upcross_cross-rsdp-256-small_clean/pack_unpack.c.o
[1626/2405] Building C object src/sig/cross/CMakeFiles/cross_rsdp_256_fast_clean.dir/upcross_cross-rsdp-256-fast_clean/CROSS.c.o
[1627/2405] Building C object src/sig/cross/CMakeFiles/cross_rsdp_256_fast_avx2.dir/upcross_cross-rsdp-256-fast_avx2/csprng_hash.c.o
[1628/2405] Building C object src/sig/cross/CMakeFiles/cross_rsdp_256_fast_avx2.dir/upcross_cross-rsdp-256-fast_avx2/merkle.c.o
[1629/2405] Building C object src/sig/cross/CMakeFiles/cross_rsdp_256_fast_avx2.dir/upcross_cross-rsdp-256-fast_avx2/seedtree.c.o
[1630/2405] Building C object src/sig/cross/CMakeFiles/cross_rsdp_256_small_avx2.dir/upcross_cross-rsdp-256-small_avx2/sign.c.o
[1631/2405] Building C object src/sig/cross/CMakeFiles/cross_rsdpg_128_balanced_clean.dir/sig_cross_rsdpg_128_balanced.c.o
[1632/2405] Building C object src/sig/cross/CMakeFiles/cross_rsdpg_128_balanced_clean.dir/upcross_cross-rsdpg-128-balanced_clean/csprng_hash.c.o
[1633/2405] Building C object src/sig/cross/CMakeFiles/cross_rsdp_256_small_avx2.dir/upcross_cross-rsdp-256-small_avx2/pack_unpack.c.o
[1634/2405] Building C object src/sig/cross/CMakeFiles/cross_rsdpg_128_balanced_clean.dir/upcross_cross-rsdpg-128-balanced_clean/merkle.c.o
[1635/2405] Building C object src/sig/cross/CMakeFiles/cross_rsdpg_128_balanced_clean.dir/upcross_cross-rsdpg-128-balanced_clean/sign.c.o
[1636/2405] Building C object src/sig/cross/CMakeFiles/cross_rsdpg_128_balanced_clean.dir/upcross_cross-rsdpg-128-balanced_clean/seedtree.c.o
[1637/2405] Building C object src/sig/cross/CMakeFiles/cross_rsdp_256_balanced_avx2.dir/upcross_cross-rsdp-256-balanced_avx2/CROSS.c.o
[1638/2405] Building C object src/sig/cross/CMakeFiles/cross_rsdp_256_small_avx2.dir/upcross_cross-rsdp-256-small_avx2/csprng_hash.c.o
[1639/2405] Building C object src/sig/cross/CMakeFiles/cross_rsdpg_128_balanced_clean.dir/upcross_cross-rsdpg-128-balanced_clean/pack_unpack.c.o
[1640/2405] Building C object src/sig/cross/CMakeFiles/cross_rsdp_256_small_clean.dir/upcross_cross-rsdp-256-small_clean/CROSS.c.o
[1641/2405] Building C object src/sig/cross/CMakeFiles/cross_rsdp_256_small_avx2.dir/upcross_cross-rsdp-256-small_avx2/merkle.c.o
[1642/2405] Building C object src/sig/cross/CMakeFiles/cross_rsdpg_128_balanced_avx2.dir/upcross_cross-rsdpg-128-balanced_avx2/sign.c.o
[1643/2405] Building C object src/sig/cross/CMakeFiles/cross_rsdpg_128_fast_clean.dir/upcross_cross-rsdpg-128-fast_clean/csprng_hash.c.o
[1644/2405] Building C object src/sig/cross/CMakeFiles/cross_rsdpg_128_balanced_avx2.dir/upcross_cross-rsdpg-128-balanced_avx2/pack_unpack.c.o
[1645/2405] Building C object src/sig/cross/CMakeFiles/cross_rsdpg_128_fast_clean.dir/sig_cross_rsdpg_128_fast.c.o
[1646/2405] Building C object src/sig/cross/CMakeFiles/cross_rsdpg_128_fast_clean.dir/upcross_cross-rsdpg-128-fast_clean/merkle.c.o
[1647/2405] Building C object src/sig/cross/CMakeFiles/cross_rsdp_256_small_avx2.dir/upcross_cross-rsdp-256-small_avx2/seedtree.c.o
[1648/2405] Building C object src/sig/cross/CMakeFiles/cross_rsdpg_128_fast_clean.dir/upcross_cross-rsdpg-128-fast_clean/sign.c.o
[1649/2405] Building C object src/sig/cross/CMakeFiles/cross_rsdpg_128_fast_clean.dir/upcross_cross-rsdpg-128-fast_clean/seedtree.c.o
[1650/2405] Building C object src/sig/cross/CMakeFiles/cross_rsdpg_128_balanced_avx2.dir/upcross_cross-rsdpg-128-balanced_avx2/csprng_hash.c.o
[1651/2405] Building C object src/sig/cross/CMakeFiles/cross_rsdpg_128_balanced_avx2.dir/upcross_cross-rsdpg-128-balanced_avx2/merkle.c.o
[1652/2405] Building C object src/sig/cross/CMakeFiles/cross_rsdpg_128_fast_clean.dir/upcross_cross-rsdpg-128-fast_clean/pack_unpack.c.o
[1653/2405] Building C object src/sig/cross/CMakeFiles/cross_rsdpg_128_fast_avx2.dir/upcross_cross-rsdpg-128-fast_avx2/sign.c.o
[1654/2405] Building C object src/sig/cross/CMakeFiles/cross_rsdpg_128_balanced_avx2.dir/upcross_cross-rsdpg-128-balanced_avx2/seedtree.c.o
[1655/2405] Building C object src/sig/cross/CMakeFiles/cross_rsdp_256_fast_avx2.dir/upcross_cross-rsdp-256-fast_avx2/CROSS.c.o
[1656/2405] Building C object src/sig/cross/CMakeFiles/cross_rsdpg_128_small_clean.dir/sig_cross_rsdpg_128_small.c.o
[1657/2405] Building C object src/sig/cross/CMakeFiles/cross_rsdpg_128_fast_avx2.dir/upcross_cross-rsdpg-128-fast_avx2/pack_unpack.c.o
[1658/2405] Building C object src/sig/cross/CMakeFiles/cross_rsdpg_128_small_clean.dir/upcross_cross-rsdpg-128-small_clean/csprng_hash.c.o
[1659/2405] Building C object src/sig/cross/CMakeFiles/cross_rsdp_256_small_avx2.dir/upcross_cross-rsdp-256-small_avx2/CROSS.c.o
[1660/2405] Building C object src/sig/cross/CMakeFiles/cross_rsdpg_128_small_clean.dir/upcross_cross-rsdpg-128-small_clean/merkle.c.o
[1661/2405] Building C object src/sig/cross/CMakeFiles/cross_rsdpg_128_small_clean.dir/upcross_cross-rsdpg-128-small_clean/seedtree.c.o
[1662/2405] Building C object src/sig/cross/CMakeFiles/cross_rsdpg_128_fast_avx2.dir/upcross_cross-rsdpg-128-fast_avx2/seedtree.c.o
[1663/2405] Building C object src/sig/cross/CMakeFiles/cross_rsdpg_128_small_clean.dir/upcross_cross-rsdpg-128-small_clean/sign.c.o
[1664/2405] Building C object src/sig/cross/CMakeFiles/cross_rsdpg_128_fast_avx2.dir/upcross_cross-rsdpg-128-fast_avx2/csprng_hash.c.o
[1665/2405] Building C object src/sig/cross/CMakeFiles/cross_rsdpg_128_fast_avx2.dir/upcross_cross-rsdpg-128-fast_avx2/merkle.c.o
[1666/2405] Building C object src/sig/cross/CMakeFiles/cross_rsdpg_128_small_clean.dir/upcross_cross-rsdpg-128-small_clean/pack_unpack.c.o
[1667/2405] Building C object src/sig/cross/CMakeFiles/cross_rsdpg_128_balanced_clean.dir/upcross_cross-rsdpg-128-balanced_clean/CROSS.c.o
[1668/2405] Building C object src/sig/cross/CMakeFiles/cross_rsdpg_128_small_avx2.dir/upcross_cross-rsdpg-128-small_avx2/sign.c.o
[1669/2405] Building C object src/sig/cross/CMakeFiles/cross_rsdpg_192_balanced_clean.dir/sig_cross_rsdpg_192_balanced.c.o
[1670/2405] Building C object src/sig/cross/CMakeFiles/cross_rsdpg_128_small_avx2.dir/upcross_cross-rsdpg-128-small_avx2/pack_unpack.c.o
[1671/2405] Building C object src/sig/cross/CMakeFiles/cross_rsdpg_192_balanced_clean.dir/upcross_cross-rsdpg-192-balanced_clean/csprng_hash.c.o
[1672/2405] Building C object src/sig/cross/CMakeFiles/cross_rsdpg_128_small_avx2.dir/upcross_cross-rsdpg-128-small_avx2/csprng_hash.c.o
[1673/2405] Building C object src/sig/cross/CMakeFiles/cross_rsdpg_192_balanced_clean.dir/upcross_cross-rsdpg-192-balanced_clean/merkle.c.o
[1674/2405] Building C object src/sig/cross/CMakeFiles/cross_rsdpg_128_balanced_avx2.dir/upcross_cross-rsdpg-128-balanced_avx2/CROSS.c.o
[1675/2405] Building C object src/sig/cross/CMakeFiles/cross_rsdpg_192_balanced_clean.dir/upcross_cross-rsdpg-192-balanced_clean/sign.c.o
[1676/2405] Building C object src/sig/cross/CMakeFiles/cross_rsdpg_192_balanced_clean.dir/upcross_cross-rsdpg-192-balanced_clean/seedtree.c.o
[1677/2405] Building C object src/sig/cross/CMakeFiles/cross_rsdpg_128_fast_clean.dir/upcross_cross-rsdpg-128-fast_clean/CROSS.c.o
[1678/2405] Building C object src/sig/cross/CMakeFiles/cross_rsdpg_192_balanced_clean.dir/upcross_cross-rsdpg-192-balanced_clean/pack_unpack.c.o
[1679/2405] Building C object src/sig/cross/CMakeFiles/cross_rsdpg_128_small_avx2.dir/upcross_cross-rsdpg-128-small_avx2/seedtree.c.o
[1680/2405] Building C object src/sig/cross/CMakeFiles/cross_rsdpg_128_small_avx2.dir/upcross_cross-rsdpg-128-small_avx2/merkle.c.o
[1681/2405] Building C object src/sig/cross/CMakeFiles/cross_rsdpg_192_balanced_avx2.dir/upcross_cross-rsdpg-192-balanced_avx2/sign.c.o
[1682/2405] Building C object src/sig/cross/CMakeFiles/cross_rsdpg_192_fast_clean.dir/sig_cross_rsdpg_192_fast.c.o
[1683/2405] Building C object src/sig/cross/CMakeFiles/cross_rsdpg_192_fast_clean.dir/upcross_cross-rsdpg-192-fast_clean/csprng_hash.c.o
[1684/2405] Building C object src/sig/cross/CMakeFiles/cross_rsdpg_192_balanced_avx2.dir/upcross_cross-rsdpg-192-balanced_avx2/pack_unpack.c.o
[1685/2405] Building C object src/sig/cross/CMakeFiles/cross_rsdpg_192_fast_clean.dir/upcross_cross-rsdpg-192-fast_clean/merkle.c.o
[1686/2405] Building C object src/sig/cross/CMakeFiles/cross_rsdpg_192_fast_clean.dir/upcross_cross-rsdpg-192-fast_clean/sign.c.o
[1687/2405] Building C object src/sig/cross/CMakeFiles/cross_rsdpg_192_fast_clean.dir/upcross_cross-rsdpg-192-fast_clean/seedtree.c.o
[1688/2405] Building C object src/sig/cross/CMakeFiles/cross_rsdpg_192_fast_clean.dir/upcross_cross-rsdpg-192-fast_clean/pack_unpack.c.o
[1689/2405] Building C object src/sig/cross/CMakeFiles/cross_rsdpg_192_balanced_avx2.dir/upcross_cross-rsdpg-192-balanced_avx2/csprng_hash.c.o
[1690/2405] Building C object src/sig/cross/CMakeFiles/cross_rsdpg_128_small_clean.dir/upcross_cross-rsdpg-128-small_clean/CROSS.c.o
[1691/2405] Building C object src/sig/cross/CMakeFiles/cross_rsdpg_128_fast_avx2.dir/upcross_cross-rsdpg-128-fast_avx2/CROSS.c.o
[1692/2405] Building C object src/sig/cross/CMakeFiles/cross_rsdpg_192_balanced_avx2.dir/upcross_cross-rsdpg-192-balanced_avx2/seedtree.c.o
[1693/2405] Building C object src/sig/cross/CMakeFiles/cross_rsdpg_192_balanced_avx2.dir/upcross_cross-rsdpg-192-balanced_avx2/merkle.c.o
[1694/2405] Building C object src/sig/cross/CMakeFiles/cross_rsdpg_192_fast_avx2.dir/upcross_cross-rsdpg-192-fast_avx2/sign.c.o
[1695/2405] Building C object src/sig/cross/CMakeFiles/cross_rsdpg_192_small_clean.dir/sig_cross_rsdpg_192_small.c.o
[1696/2405] Building C object src/sig/cross/CMakeFiles/cross_rsdpg_192_fast_avx2.dir/upcross_cross-rsdpg-192-fast_avx2/pack_unpack.c.o
[1697/2405] Building C object src/sig/cross/CMakeFiles/cross_rsdpg_192_small_clean.dir/upcross_cross-rsdpg-192-small_clean/csprng_hash.c.o
[1698/2405] Building C object src/sig/cross/CMakeFiles/cross_rsdpg_192_small_clean.dir/upcross_cross-rsdpg-192-small_clean/merkle.c.o
[1699/2405] Building C object src/sig/cross/CMakeFiles/cross_rsdpg_192_fast_avx2.dir/upcross_cross-rsdpg-192-fast_avx2/csprng_hash.c.o
[1700/2405] Building C object src/sig/cross/CMakeFiles/cross_rsdpg_128_small_avx2.dir/upcross_cross-rsdpg-128-small_avx2/CROSS.c.o
[1701/2405] Building C object src/sig/cross/CMakeFiles/cross_rsdpg_192_small_clean.dir/upcross_cross-rsdpg-192-small_clean/seedtree.c.o
[1702/2405] Building C object src/sig/cross/CMakeFiles/cross_rsdpg_192_small_clean.dir/upcross_cross-rsdpg-192-small_clean/sign.c.o
[1703/2405] Building C object src/sig/cross/CMakeFiles/cross_rsdpg_192_small_clean.dir/upcross_cross-rsdpg-192-small_clean/pack_unpack.c.o
[1704/2405] Building C object src/sig/cross/CMakeFiles/cross_rsdpg_192_balanced_clean.dir/upcross_cross-rsdpg-192-balanced_clean/CROSS.c.o
[1705/2405] Building C object src/sig/cross/CMakeFiles/cross_rsdpg_192_fast_avx2.dir/upcross_cross-rsdpg-192-fast_avx2/seedtree.c.o
[1706/2405] Building C object src/sig/cross/CMakeFiles/cross_rsdpg_192_fast_avx2.dir/upcross_cross-rsdpg-192-fast_avx2/merkle.c.o
[1707/2405] Building C object src/sig/cross/CMakeFiles/cross_rsdpg_192_small_avx2.dir/upcross_cross-rsdpg-192-small_avx2/sign.c.o
[1708/2405] Building C object src/sig/cross/CMakeFiles/cross_rsdpg_256_balanced_clean.dir/sig_cross_rsdpg_256_balanced.c.o
[1709/2405] Building C object src/sig/cross/CMakeFiles/cross_rsdpg_192_small_avx2.dir/upcross_cross-rsdpg-192-small_avx2/pack_unpack.c.o
[1710/2405] Building C object src/sig/cross/CMakeFiles/cross_rsdpg_256_balanced_clean.dir/upcross_cross-rsdpg-256-balanced_clean/csprng_hash.c.o
[1711/2405] Building C object src/sig/cross/CMakeFiles/cross_rsdpg_192_small_avx2.dir/upcross_cross-rsdpg-192-small_avx2/csprng_hash.c.o
[1712/2405] Building C object src/sig/cross/CMakeFiles/cross_rsdpg_256_balanced_clean.dir/upcross_cross-rsdpg-256-balanced_clean/merkle.c.o
[1713/2405] Building C object src/sig/cross/CMakeFiles/cross_rsdpg_256_balanced_clean.dir/upcross_cross-rsdpg-256-balanced_clean/sign.c.o
[1714/2405] Building C object src/sig/cross/CMakeFiles/cross_rsdpg_256_balanced_clean.dir/upcross_cross-rsdpg-256-balanced_clean/seedtree.c.o
[1715/2405] Building C object src/sig/cross/CMakeFiles/cross_rsdpg_256_balanced_clean.dir/upcross_cross-rsdpg-256-balanced_clean/pack_unpack.c.o
[1716/2405] Building C object src/sig/cross/CMakeFiles/cross_rsdpg_192_small_avx2.dir/upcross_cross-rsdpg-192-small_avx2/merkle.c.o
[1717/2405] Building C object src/sig/cross/CMakeFiles/cross_rsdpg_192_fast_clean.dir/upcross_cross-rsdpg-192-fast_clean/CROSS.c.o
[1718/2405] Building C object src/sig/cross/CMakeFiles/cross_rsdpg_192_balanced_avx2.dir/upcross_cross-rsdpg-192-balanced_avx2/CROSS.c.o
[1719/2405] Building C object src/sig/cross/CMakeFiles/cross_rsdpg_256_balanced_avx2.dir/upcross_cross-rsdpg-256-balanced_avx2/sign.c.o
[1720/2405] Building C object src/sig/cross/CMakeFiles/cross_rsdpg_256_balanced_avx2.dir/upcross_cross-rsdpg-256-balanced_avx2/pack_unpack.c.o
[1721/2405] Building C object src/sig/cross/CMakeFiles/cross_rsdpg_256_fast_clean.dir/sig_cross_rsdpg_256_fast.c.o
[1722/2405] Building C object src/sig/cross/CMakeFiles/cross_rsdpg_256_fast_clean.dir/upcross_cross-rsdpg-256-fast_clean/merkle.c.o
[1723/2405] Building C object src/sig/cross/CMakeFiles/cross_rsdpg_192_small_avx2.dir/upcross_cross-rsdpg-192-small_avx2/seedtree.c.o
[1724/2405] Building C object src/sig/cross/CMakeFiles/cross_rsdpg_256_fast_clean.dir/upcross_cross-rsdpg-256-fast_clean/csprng_hash.c.o
[1725/2405] Building C object src/sig/cross/CMakeFiles/cross_rsdpg_192_small_clean.dir/upcross_cross-rsdpg-192-small_clean/CROSS.c.o
[1726/2405] Building C object src/sig/cross/CMakeFiles/cross_rsdpg_256_fast_clean.dir/upcross_cross-rsdpg-256-fast_clean/sign.c.o
[1727/2405] Building C object src/sig/cross/CMakeFiles/cross_rsdpg_256_fast_clean.dir/upcross_cross-rsdpg-256-fast_clean/seedtree.c.o
[1728/2405] Building C object src/sig/cross/CMakeFiles/cross_rsdpg_256_balanced_avx2.dir/upcross_cross-rsdpg-256-balanced_avx2/csprng_hash.c.o
[1729/2405] Building C object src/sig/cross/CMakeFiles/cross_rsdpg_256_fast_clean.dir/upcross_cross-rsdpg-256-fast_clean/pack_unpack.c.o
[1730/2405] Building C object src/sig/cross/CMakeFiles/cross_rsdpg_256_balanced_avx2.dir/upcross_cross-rsdpg-256-balanced_avx2/merkle.c.o
[1731/2405] Building C object src/sig/cross/CMakeFiles/cross_rsdpg_256_fast_avx2.dir/upcross_cross-rsdpg-256-fast_avx2/sign.c.o
[1732/2405] Building C object src/sig/cross/CMakeFiles/cross_rsdpg_256_small_clean.dir/sig_cross_rsdpg_256_small.c.o
[1733/2405] Building C object src/sig/cross/CMakeFiles/cross_rsdpg_256_balanced_avx2.dir/upcross_cross-rsdpg-256-balanced_avx2/seedtree.c.o
[1734/2405] Building C object src/sig/cross/CMakeFiles/cross_rsdpg_192_fast_avx2.dir/upcross_cross-rsdpg-192-fast_avx2/CROSS.c.o
[1735/2405] Building C object src/sig/cross/CMakeFiles/cross_rsdpg_256_small_clean.dir/upcross_cross-rsdpg-256-small_clean/csprng_hash.c.o
[1736/2405] Building C object src/sig/cross/CMakeFiles/cross_rsdpg_256_fast_avx2.dir/upcross_cross-rsdpg-256-fast_avx2/pack_unpack.c.o
[1737/2405] Building C object src/sig/cross/CMakeFiles/cross_rsdpg_256_small_clean.dir/upcross_cross-rsdpg-256-small_clean/merkle.c.o
[1738/2405] Building C object src/sig/cross/CMakeFiles/cross_rsdpg_256_fast_avx2.dir/upcross_cross-rsdpg-256-fast_avx2/csprng_hash.c.o
[1739/2405] Building C object src/sig/cross/CMakeFiles/cross_rsdpg_256_small_clean.dir/upcross_cross-rsdpg-256-small_clean/sign.c.o
[1740/2405] Building C object src/sig/cross/CMakeFiles/cross_rsdpg_256_fast_avx2.dir/upcross_cross-rsdpg-256-fast_avx2/merkle.c.o
[1741/2405] Building C object src/sig/cross/CMakeFiles/cross_rsdpg_256_small_clean.dir/upcross_cross-rsdpg-256-small_clean/seedtree.c.o
[1742/2405] Building C object src/sig/cross/CMakeFiles/cross_rsdpg_256_small_clean.dir/upcross_cross-rsdpg-256-small_clean/pack_unpack.c.o
[1743/2405] Building C object src/sig/cross/CMakeFiles/cross_rsdpg_256_balanced_clean.dir/upcross_cross-rsdpg-256-balanced_clean/CROSS.c.o
[1744/2405] Building C object src/sig/cross/CMakeFiles/cross_rsdpg_256_fast_avx2.dir/upcross_cross-rsdpg-256-fast_avx2/seedtree.c.o
[1745/2405] Building C object src/sig/cross/CMakeFiles/cross_rsdpg_256_small_avx2.dir/upcross_cross-rsdpg-256-small_avx2/sign.c.o
[1746/2405] Building C object src/sig/uov/CMakeFiles/uov_ov_Is_ref.dir/pqov_ov_Is_ref/blas_matrix.c.o
[1747/2405] Building C object src/sig/uov/CMakeFiles/uov_ov_Is_ref.dir/sig_uov_ov_Is.c.o
[1748/2405] Building C object src/sig/cross/CMakeFiles/cross_rsdpg_192_small_avx2.dir/upcross_cross-rsdpg-192-small_avx2/CROSS.c.o
[1749/2405] Building C object src/sig/cross/CMakeFiles/cross_rsdpg_256_small_avx2.dir/upcross_cross-rsdpg-256-small_avx2/pack_unpack.c.o
[1750/2405] Building C object src/sig/uov/CMakeFiles/uov_ov_Is_ref.dir/pqov_ov_Is_ref/ov.c.o
[1751/2405] Building C object src/sig/uov/CMakeFiles/uov_ov_Is_ref.dir/pqov_ov_Is_ref/ov_keypair.c.o
[1752/2405] Building C object src/sig/uov/CMakeFiles/uov_ov_Is_ref.dir/pqov_ov_Is_ref/ov_keypair_computation.c.o
[1753/2405] Building C object src/sig/cross/CMakeFiles/cross_rsdpg_256_small_avx2.dir/upcross_cross-rsdpg-256-small_avx2/csprng_hash.c.o
[1754/2405] Building C object src/sig/uov/CMakeFiles/uov_ov_Is_ref.dir/pqov_ov_Is_ref/utils_hash.c.o
[1755/2405] Building C object src/sig/uov/CMakeFiles/uov_ov_Is_ref.dir/pqov_ov_Is_ref/sign.c.o
[1756/2405] Building C object src/sig/cross/CMakeFiles/cross_rsdpg_256_small_avx2.dir/upcross_cross-rsdpg-256-small_avx2/seedtree.c.o
[1757/2405] Building C object src/sig/uov/CMakeFiles/uov_ov_Is_ref.dir/pqov_ov_Is_ref/utils_randombytes.c.o
[1758/2405] Building C object src/sig/cross/CMakeFiles/cross_rsdpg_256_balanced_avx2.dir/upcross_cross-rsdpg-256-balanced_avx2/CROSS.c.o
[1759/2405] Building C object src/sig/uov/CMakeFiles/uov_ov_Is_ref.dir/pqov_ov_Is_ref/utils_prng.c.o
[1760/2405] Building C object src/sig/uov/CMakeFiles/uov_ov_Is_avx2.dir/pqov_ov_Is_avx2/blas_matrix.c.o
[1761/2405] Building C object src/sig/uov/CMakeFiles/uov_ov_Is_ref.dir/pqov_ov_Is_ref/blas_matrix_ref.c.o
[1762/2405] Building C object src/sig/uov/CMakeFiles/uov_ov_Is_ref.dir/pqov_ov_Is_ref/parallel_matrix_op.c.o
[1763/2405] Building C object src/sig/cross/CMakeFiles/cross_rsdpg_256_small_avx2.dir/upcross_cross-rsdpg-256-small_avx2/merkle.c.o
[1764/2405] Building C object src/sig/uov/CMakeFiles/uov_ov_Is_avx2.dir/pqov_ov_Is_avx2/gf16_tabs.c.o
[1765/2405] Building C object src/sig/uov/CMakeFiles/uov_ov_Is_avx2.dir/pqov_ov_Is_avx2/gf256_tabs.c.o
[1766/2405] Building C object src/sig/uov/CMakeFiles/uov_ov_Is_ref.dir/pqov_ov_Is_ref/ov_publicmap.c.o
[1767/2405] Building C object src/sig/cross/CMakeFiles/cross_rsdpg_256_fast_clean.dir/upcross_cross-rsdpg-256-fast_clean/CROSS.c.o
[1768/2405] Building C object src/sig/uov/CMakeFiles/uov_ov_Is_avx2.dir/pqov_ov_Is_avx2/sign.c.o
[1769/2405] Building C object src/sig/uov/CMakeFiles/uov_ov_Is_avx2.dir/pqov_ov_Is_avx2/utils_hash.c.o
[1770/2405] Building C object src/sig/uov/CMakeFiles/uov_ov_Is_avx2.dir/pqov_ov_Is_avx2/utils_prng.c.o
[1771/2405] Building C object src/sig/uov/CMakeFiles/uov_ov_Is_avx2.dir/pqov_ov_Is_avx2/utils_randombytes.c.o
[1772/2405] Building C object src/sig/uov/CMakeFiles/uov_ov_Ip_ref.dir/pqov_ov_Ip_ref/blas_matrix.c.o
[1773/2405] Building C object src/sig/uov/CMakeFiles/uov_ov_Ip_ref.dir/sig_uov_ov_Ip.c.o
[1774/2405] Building C object src/sig/cross/CMakeFiles/cross_rsdpg_256_small_clean.dir/upcross_cross-rsdpg-256-small_clean/CROSS.c.o
[1775/2405] Building C object src/sig/uov/CMakeFiles/uov_ov_Is_avx2.dir/pqov_ov_Is_avx2/ov.c.o
[1776/2405] Building C object src/sig/uov/CMakeFiles/uov_ov_Ip_ref.dir/pqov_ov_Ip_ref/ov.c.o
[1777/2405] Building C object src/sig/uov/CMakeFiles/uov_ov_Ip_ref.dir/pqov_ov_Ip_ref/ov_keypair.c.o
[1778/2405] Building C object src/sig/uov/CMakeFiles/uov_ov_Ip_ref.dir/pqov_ov_Ip_ref/ov_keypair_computation.c.o
[1779/2405] Building C object src/sig/uov/CMakeFiles/uov_ov_Is_avx2.dir/pqov_ov_Is_avx2/ov_keypair.c.o
[1780/2405] Building C object src/sig/uov/CMakeFiles/uov_ov_Is_avx2.dir/pqov_ov_Is_avx2/ov_keypair_computation.c.o
[1781/2405] Building C object src/sig/uov/CMakeFiles/uov_ov_Is_avx2.dir/pqov_ov_Is_avx2/blas_matrix_ref.c.o
[1782/2405] Building C object src/sig/uov/CMakeFiles/uov_ov_Ip_ref.dir/pqov_ov_Ip_ref/sign.c.o
[1783/2405] Building C object src/sig/uov/CMakeFiles/uov_ov_Ip_ref.dir/pqov_ov_Ip_ref/utils_prng.c.o
[1784/2405] Building C object src/sig/uov/CMakeFiles/uov_ov_Ip_ref.dir/pqov_ov_Ip_ref/utils_hash.c.o
[1785/2405] Building C object src/sig/uov/CMakeFiles/uov_ov_Ip_ref.dir/pqov_ov_Ip_ref/utils_randombytes.c.o
[1786/2405] Building C object src/sig/cross/CMakeFiles/cross_rsdpg_256_fast_avx2.dir/upcross_cross-rsdpg-256-fast_avx2/CROSS.c.o
[1787/2405] Building C object src/sig/uov/CMakeFiles/uov_ov_Ip_avx2.dir/pqov_ov_Ip_avx2/gf16_tabs.c.o
[1788/2405] Building C object src/sig/uov/CMakeFiles/uov_ov_Ip_avx2.dir/pqov_ov_Ip_avx2/blas_matrix.c.o
[1789/2405] Building C object src/sig/uov/CMakeFiles/uov_ov_Is_avx2.dir/pqov_ov_Is_avx2/ov_publicmap.c.o
[1790/2405] Building C object src/sig/uov/CMakeFiles/uov_ov_Ip_avx2.dir/pqov_ov_Ip_avx2/gf256_tabs.c.o
[1791/2405] Building C object src/sig/uov/CMakeFiles/uov_ov_Ip_ref.dir/pqov_ov_Ip_ref/ov_publicmap.c.o
[1792/2405] Building C object src/sig/cross/CMakeFiles/cross_rsdpg_256_small_avx2.dir/upcross_cross-rsdpg-256-small_avx2/CROSS.c.o
[1793/2405] Building C object src/sig/uov/CMakeFiles/uov_ov_Ip_avx2.dir/pqov_ov_Ip_avx2/sign.c.o
[1794/2405] Building C object src/sig/uov/CMakeFiles/uov_ov_Ip_ref.dir/pqov_ov_Ip_ref/parallel_matrix_op.c.o
[1795/2405] Building C object src/sig/uov/CMakeFiles/uov_ov_Ip_avx2.dir/pqov_ov_Ip_avx2/utils_hash.c.o
[1796/2405] Building C object src/sig/uov/CMakeFiles/uov_ov_Ip_ref.dir/pqov_ov_Ip_ref/blas_matrix_ref.c.o
[1797/2405] Building C object src/sig/uov/CMakeFiles/uov_ov_Ip_avx2.dir/pqov_ov_Ip_avx2/utils_randombytes.c.o
[1798/2405] Building C object src/sig/uov/CMakeFiles/uov_ov_Ip_avx2.dir/pqov_ov_Ip_avx2/utils_prng.c.o
[1799/2405] Building C object src/sig/uov/CMakeFiles/uov_ov_Is_avx2.dir/pqov_ov_Is_avx2/parallel_matrix_op.c.o
[1800/2405] Building C object src/sig/uov/CMakeFiles/uov_ov_III_ref.dir/sig_uov_ov_III.c.o
[1801/2405] Building C object src/sig/uov/CMakeFiles/uov_ov_III_ref.dir/pqov_ov_III_ref/blas_matrix.c.o
[1802/2405] Building C object src/sig/uov/CMakeFiles/uov_ov_Ip_avx2.dir/pqov_ov_Ip_avx2/ov.c.o
[1803/2405] Building C object src/sig/uov/CMakeFiles/uov_ov_III_ref.dir/pqov_ov_III_ref/ov_keypair.c.o
[1804/2405] Building C object src/sig/uov/CMakeFiles/uov_ov_Is_avx2.dir/pqov_ov_Is_avx2/blas_matrix_avx2.c.o
[1805/2405] Building C object src/sig/uov/CMakeFiles/uov_ov_III_ref.dir/pqov_ov_III_ref/ov.c.o
[1806/2405] Building C object src/sig/uov/CMakeFiles/uov_ov_III_ref.dir/pqov_ov_III_ref/ov_keypair_computation.c.o
[1807/2405] Building C object src/sig/uov/CMakeFiles/uov_ov_III_ref.dir/pqov_ov_III_ref/utils_hash.c.o
[1808/2405] Building C object src/sig/uov/CMakeFiles/uov_ov_III_ref.dir/pqov_ov_III_ref/sign.c.o
[1809/2405] Building C object src/sig/uov/CMakeFiles/uov_ov_Ip_avx2.dir/pqov_ov_Ip_avx2/ov_keypair_computation.c.o
[1810/2405] Building C object src/sig/uov/CMakeFiles/uov_ov_III_ref.dir/pqov_ov_III_ref/utils_randombytes.c.o
[1811/2405] Building C object src/sig/uov/CMakeFiles/uov_ov_III_ref.dir/pqov_ov_III_ref/utils_prng.c.o
[1812/2405] Building C object src/sig/uov/CMakeFiles/uov_ov_III_avx2.dir/pqov_ov_III_avx2/blas_matrix.c.o
[1813/2405] Building C object src/sig/uov/CMakeFiles/uov_ov_III_avx2.dir/pqov_ov_III_avx2/gf16_tabs.c.o
[1814/2405] Building C object src/sig/uov/CMakeFiles/uov_ov_III_avx2.dir/pqov_ov_III_avx2/gf256_tabs.c.o
[1815/2405] Building C object src/sig/uov/CMakeFiles/uov_ov_Ip_avx2.dir/pqov_ov_Ip_avx2/ov_keypair.c.o
[1816/2405] Building C object src/sig/uov/CMakeFiles/uov_ov_Ip_avx2.dir/pqov_ov_Ip_avx2/ov_publicmap.c.o
[1817/2405] Building C object src/sig/uov/CMakeFiles/uov_ov_III_ref.dir/pqov_ov_III_ref/parallel_matrix_op.c.o
[1818/2405] Building C object src/sig/uov/CMakeFiles/uov_ov_III_ref.dir/pqov_ov_III_ref/ov_publicmap.c.o
[1819/2405] Building C object src/sig/uov/CMakeFiles/uov_ov_III_avx2.dir/pqov_ov_III_avx2/sign.c.o
[1820/2405] Building C object src/sig/uov/CMakeFiles/uov_ov_Ip_avx2.dir/pqov_ov_Ip_avx2/parallel_matrix_op.c.o
[1821/2405] Building C object src/sig/uov/CMakeFiles/uov_ov_III_avx2.dir/pqov_ov_III_avx2/utils_hash.c.o
[1822/2405] Building C object src/sig/uov/CMakeFiles/uov_ov_III_ref.dir/pqov_ov_III_ref/blas_matrix_ref.c.o
[1823/2405] Building C object src/sig/uov/CMakeFiles/uov_ov_III_avx2.dir/pqov_ov_III_avx2/utils_prng.c.o
[1824/2405] Building C object src/sig/uov/CMakeFiles/uov_ov_III_avx2.dir/pqov_ov_III_avx2/utils_randombytes.c.o
[1825/2405] Building C object src/sig/uov/CMakeFiles/uov_ov_V_ref.dir/pqov_ov_V_ref/blas_matrix.c.o
[1826/2405] Building C object src/sig/uov/CMakeFiles/uov_ov_III_avx2.dir/pqov_ov_III_avx2/ov.c.o
[1827/2405] Building C object src/sig/uov/CMakeFiles/uov_ov_V_ref.dir/sig_uov_ov_V.c.o
[1828/2405] Building C object src/sig/uov/CMakeFiles/uov_ov_V_ref.dir/pqov_ov_V_ref/ov_keypair.c.o
[1829/2405] Building C object src/sig/uov/CMakeFiles/uov_ov_Ip_avx2.dir/pqov_ov_Ip_avx2/blas_matrix_avx2.c.o
[1830/2405] Building C object src/sig/uov/CMakeFiles/uov_ov_V_ref.dir/pqov_ov_V_ref/ov_keypair_computation.c.o
[1831/2405] Building C object src/sig/uov/CMakeFiles/uov_ov_V_ref.dir/pqov_ov_V_ref/ov.c.o
[1832/2405] Building C object src/sig/uov/CMakeFiles/uov_ov_V_ref.dir/pqov_ov_V_ref/utils_randombytes.c.o
[1833/2405] Building C object src/sig/uov/CMakeFiles/uov_ov_V_ref.dir/pqov_ov_V_ref/sign.c.o
[1834/2405] Building C object src/sig/uov/CMakeFiles/uov_ov_V_ref.dir/pqov_ov_V_ref/utils_hash.c.o
[1835/2405] Building C object src/sig/uov/CMakeFiles/uov_ov_V_ref.dir/pqov_ov_V_ref/utils_prng.c.o
[1836/2405] Building C object src/sig/uov/CMakeFiles/uov_ov_V_avx2.dir/pqov_ov_V_avx2/blas_matrix.c.o
[1837/2405] Building C object src/sig/uov/CMakeFiles/uov_ov_III_avx2.dir/pqov_ov_III_avx2/ov_keypair.c.o
[1838/2405] Building C object src/sig/uov/CMakeFiles/uov_ov_V_avx2.dir/pqov_ov_V_avx2/gf256_tabs.c.o
[1839/2405] Building C object src/sig/uov/CMakeFiles/uov_ov_V_avx2.dir/pqov_ov_V_avx2/gf16_tabs.c.o
[1840/2405] Building C object src/sig/uov/CMakeFiles/uov_ov_III_avx2.dir/pqov_ov_III_avx2/ov_keypair_computation.c.o
[1841/2405] Building C object src/sig/uov/CMakeFiles/uov_ov_III_avx2.dir/pqov_ov_III_avx2/ov_publicmap.c.o
[1842/2405] Building C object src/sig/uov/CMakeFiles/uov_ov_V_avx2.dir/pqov_ov_V_avx2/sign.c.o
[1843/2405] Building C object src/sig/uov/CMakeFiles/uov_ov_V_avx2.dir/pqov_ov_V_avx2/utils_hash.c.o
[1844/2405] Building C object src/sig/uov/CMakeFiles/uov_ov_III_avx2.dir/pqov_ov_III_avx2/blas_matrix_avx2.c.o
[1845/2405] Building C object src/sig/uov/CMakeFiles/uov_ov_V_ref.dir/pqov_ov_V_ref/parallel_matrix_op.c.o
[1846/2405] Building C object src/sig/uov/CMakeFiles/uov_ov_V_avx2.dir/pqov_ov_V_avx2/utils_randombytes.c.o
[1847/2405] Building C object src/sig/uov/CMakeFiles/uov_ov_III_avx2.dir/pqov_ov_III_avx2/parallel_matrix_op.c.o
[1848/2405] Building C object src/sig/uov/CMakeFiles/uov_ov_V_avx2.dir/pqov_ov_V_avx2/ov.c.o
[1849/2405] Building C object src/sig/uov/CMakeFiles/uov_ov_V_avx2.dir/pqov_ov_V_avx2/utils_prng.c.o
[1850/2405] Building C object src/sig/uov/CMakeFiles/uov_ov_V_ref.dir/pqov_ov_V_ref/blas_matrix_ref.c.o
[1851/2405] Building C object src/sig/uov/CMakeFiles/uov_ov_Is_pkc_ref.dir/sig_uov_ov_Is_pkc.c.o
[1852/2405] Building C object src/sig/uov/CMakeFiles/uov_ov_Is_pkc_ref.dir/pqov_ov_Is_pkc_ref/blas_matrix.c.o
[1853/2405] Building C object src/sig/uov/CMakeFiles/uov_ov_V_ref.dir/pqov_ov_V_ref/ov_publicmap.c.o
[1854/2405] Building C object src/sig/uov/CMakeFiles/uov_ov_Is_pkc_ref.dir/pqov_ov_Is_pkc_ref/ov.c.o
[1855/2405] Building C object src/sig/uov/CMakeFiles/uov_ov_Is_pkc_ref.dir/pqov_ov_Is_pkc_ref/ov_keypair_computation.c.o
[1856/2405] Building C object src/sig/uov/CMakeFiles/uov_ov_V_avx2.dir/pqov_ov_V_avx2/ov_keypair.c.o
[1857/2405] Building C object src/sig/uov/CMakeFiles/uov_ov_Is_pkc_ref.dir/pqov_ov_Is_pkc_ref/ov_keypair.c.o
[1858/2405] Building C object src/sig/uov/CMakeFiles/uov_ov_Is_pkc_ref.dir/pqov_ov_Is_pkc_ref/utils_prng.c.o
[1859/2405] Building C object src/sig/uov/CMakeFiles/uov_ov_Is_pkc_ref.dir/pqov_ov_Is_pkc_ref/sign.c.o
[1860/2405] Building C object src/sig/uov/CMakeFiles/uov_ov_Is_pkc_ref.dir/pqov_ov_Is_pkc_ref/utils_hash.c.o
[1861/2405] Building C object src/sig/uov/CMakeFiles/uov_ov_V_avx2.dir/pqov_ov_V_avx2/ov_keypair_computation.c.o
[1862/2405] Building C object src/sig/uov/CMakeFiles/uov_ov_Is_pkc_ref.dir/pqov_ov_Is_pkc_ref/utils_randombytes.c.o
[1863/2405] Building C object src/sig/uov/CMakeFiles/uov_ov_Is_pkc_avx2.dir/pqov_ov_Is_pkc_avx2/blas_matrix.c.o
[1864/2405] Building C object src/sig/uov/CMakeFiles/uov_ov_Is_pkc_avx2.dir/pqov_ov_Is_pkc_avx2/gf256_tabs.c.o
[1865/2405] Building C object src/sig/uov/CMakeFiles/uov_ov_Is_pkc_avx2.dir/pqov_ov_Is_pkc_avx2/gf16_tabs.c.o
[1866/2405] Building C object src/sig/uov/CMakeFiles/uov_ov_Is_pkc_ref.dir/pqov_ov_Is_pkc_ref/blas_matrix_ref.c.o
[1867/2405] Building C object src/sig/uov/CMakeFiles/uov_ov_V_avx2.dir/pqov_ov_V_avx2/ov_publicmap.c.o
[1868/2405] Building C object src/sig/uov/CMakeFiles/uov_ov_Is_pkc_ref.dir/pqov_ov_Is_pkc_ref/ov_publicmap.c.o
[1869/2405] Building C object src/sig/uov/CMakeFiles/uov_ov_Is_pkc_ref.dir/pqov_ov_Is_pkc_ref/parallel_matrix_op.c.o
[1870/2405] Building C object src/sig/uov/CMakeFiles/uov_ov_V_avx2.dir/pqov_ov_V_avx2/parallel_matrix_op.c.o
[1871/2405] Building C object src/sig/uov/CMakeFiles/uov_ov_Is_pkc_avx2.dir/pqov_ov_Is_pkc_avx2/utils_hash.c.o
[1872/2405] Building C object src/sig/uov/CMakeFiles/uov_ov_V_avx2.dir/pqov_ov_V_avx2/blas_matrix_avx2.c.o
[1873/2405] Building C object src/sig/uov/CMakeFiles/uov_ov_Is_pkc_avx2.dir/pqov_ov_Is_pkc_avx2/sign.c.o
[1874/2405] Building C object src/sig/uov/CMakeFiles/uov_ov_Is_pkc_avx2.dir/pqov_ov_Is_pkc_avx2/utils_randombytes.c.o
[1875/2405] Building C object src/sig/uov/CMakeFiles/uov_ov_Is_pkc_avx2.dir/pqov_ov_Is_pkc_avx2/utils_prng.c.o
[1876/2405] Building C object src/sig/uov/CMakeFiles/uov_ov_Ip_pkc_ref.dir/pqov_ov_Ip_pkc_ref/blas_matrix.c.o
[1877/2405] Building C object src/sig/uov/CMakeFiles/uov_ov_Ip_pkc_ref.dir/sig_uov_ov_Ip_pkc.c.o
[1878/2405] Building C object src/sig/uov/CMakeFiles/uov_ov_Ip_pkc_ref.dir/pqov_ov_Ip_pkc_ref/ov.c.o
[1879/2405] Building C object src/sig/uov/CMakeFiles/uov_ov_Ip_pkc_ref.dir/pqov_ov_Ip_pkc_ref/ov_keypair.c.o
[1880/2405] Building C object src/sig/uov/CMakeFiles/uov_ov_Is_pkc_avx2.dir/pqov_ov_Is_pkc_avx2/ov_keypair.c.o
[1881/2405] Building C object src/sig/uov/CMakeFiles/uov_ov_Ip_pkc_ref.dir/pqov_ov_Ip_pkc_ref/ov_keypair_computation.c.o
[1882/2405] Building C object src/sig/uov/CMakeFiles/uov_ov_Ip_pkc_ref.dir/pqov_ov_Ip_pkc_ref/utils_hash.c.o
[1883/2405] Building C object src/sig/uov/CMakeFiles/uov_ov_Is_pkc_avx2.dir/pqov_ov_Is_pkc_avx2/ov.c.o
[1884/2405] Building C object src/sig/uov/CMakeFiles/uov_ov_Ip_pkc_ref.dir/pqov_ov_Ip_pkc_ref/sign.c.o
[1885/2405] Building C object src/sig/uov/CMakeFiles/uov_ov_Ip_pkc_ref.dir/pqov_ov_Ip_pkc_ref/utils_prng.c.o
[1886/2405] Building C object src/sig/uov/CMakeFiles/uov_ov_Is_pkc_avx2.dir/pqov_ov_Is_pkc_avx2/ov_publicmap.c.o
[1887/2405] Building C object src/sig/uov/CMakeFiles/uov_ov_Ip_pkc_ref.dir/pqov_ov_Ip_pkc_ref/utils_randombytes.c.o
[1888/2405] Building C object src/sig/uov/CMakeFiles/uov_ov_Ip_pkc_avx2.dir/pqov_ov_Ip_pkc_avx2/blas_matrix.c.o
[1889/2405] Building C object src/sig/uov/CMakeFiles/uov_ov_Is_pkc_avx2.dir/pqov_ov_Is_pkc_avx2/ov_keypair_computation.c.o
[1890/2405] Building C object src/sig/uov/CMakeFiles/uov_ov_Ip_pkc_avx2.dir/pqov_ov_Ip_pkc_avx2/gf16_tabs.c.o
[1891/2405] Building C object src/sig/uov/CMakeFiles/uov_ov_Ip_pkc_avx2.dir/pqov_ov_Ip_pkc_avx2/gf256_tabs.c.o
[1892/2405] Building C object src/sig/uov/CMakeFiles/uov_ov_Ip_pkc_ref.dir/pqov_ov_Ip_pkc_ref/parallel_matrix_op.c.o
[1893/2405] Building C object src/sig/uov/CMakeFiles/uov_ov_Is_pkc_avx2.dir/pqov_ov_Is_pkc_avx2/blas_matrix_ref.c.o
[1894/2405] Building C object src/sig/uov/CMakeFiles/uov_ov_Ip_pkc_ref.dir/pqov_ov_Ip_pkc_ref/ov_publicmap.c.o
[1895/2405] Building C object src/sig/uov/CMakeFiles/uov_ov_Ip_pkc_avx2.dir/pqov_ov_Ip_pkc_avx2/sign.c.o
[1896/2405] Building C object src/sig/uov/CMakeFiles/uov_ov_Ip_pkc_ref.dir/pqov_ov_Ip_pkc_ref/blas_matrix_ref.c.o
[1897/2405] Building C object src/sig/uov/CMakeFiles/uov_ov_Ip_pkc_avx2.dir/pqov_ov_Ip_pkc_avx2/utils_hash.c.o
[1898/2405] Building C object src/sig/uov/CMakeFiles/uov_ov_Ip_pkc_avx2.dir/pqov_ov_Ip_pkc_avx2/utils_randombytes.c.o
[1899/2405] Building C object src/sig/uov/CMakeFiles/uov_ov_Ip_pkc_avx2.dir/pqov_ov_Ip_pkc_avx2/utils_prng.c.o
[1900/2405] Building C object src/sig/uov/CMakeFiles/uov_ov_III_pkc_ref.dir/pqov_ov_III_pkc_ref/blas_matrix.c.o
[1901/2405] Building C object src/sig/uov/CMakeFiles/uov_ov_Is_pkc_avx2.dir/pqov_ov_Is_pkc_avx2/parallel_matrix_op.c.o
[1902/2405] Building C object src/sig/uov/CMakeFiles/uov_ov_III_pkc_ref.dir/sig_uov_ov_III_pkc.c.o
[1903/2405] Building C object src/sig/uov/CMakeFiles/uov_ov_III_pkc_ref.dir/pqov_ov_III_pkc_ref/ov.c.o
[1904/2405] Building C object src/sig/uov/CMakeFiles/uov_ov_III_pkc_ref.dir/pqov_ov_III_pkc_ref/ov_keypair_computation.c.o
[1905/2405] Building C object src/sig/uov/CMakeFiles/uov_ov_Is_pkc_avx2.dir/pqov_ov_Is_pkc_avx2/blas_matrix_avx2.c.o
[1906/2405] Building C object src/sig/uov/CMakeFiles/uov_ov_III_pkc_ref.dir/pqov_ov_III_pkc_ref/ov_keypair.c.o
[1907/2405] Building C object src/sig/uov/CMakeFiles/uov_ov_Ip_pkc_avx2.dir/pqov_ov_Ip_pkc_avx2/ov_keypair.c.o
[1908/2405] Building C object src/sig/uov/CMakeFiles/uov_ov_III_pkc_ref.dir/pqov_ov_III_pkc_ref/sign.c.o
[1909/2405] Building C object src/sig/uov/CMakeFiles/uov_ov_III_pkc_ref.dir/pqov_ov_III_pkc_ref/utils_hash.c.o
[1910/2405] Building C object src/sig/uov/CMakeFiles/uov_ov_Ip_pkc_avx2.dir/pqov_ov_Ip_pkc_avx2/ov.c.o
[1911/2405] Building C object src/sig/uov/CMakeFiles/uov_ov_III_pkc_ref.dir/pqov_ov_III_pkc_ref/utils_randombytes.c.o
[1912/2405] Building C object src/sig/uov/CMakeFiles/uov_ov_III_pkc_ref.dir/pqov_ov_III_pkc_ref/utils_prng.c.o
[1913/2405] Building C object src/sig/uov/CMakeFiles/uov_ov_Ip_pkc_avx2.dir/pqov_ov_Ip_pkc_avx2/ov_keypair_computation.c.o
[1914/2405] Building C object src/sig/uov/CMakeFiles/uov_ov_III_pkc_avx2.dir/pqov_ov_III_pkc_avx2/blas_matrix.c.o
[1915/2405] Building C object src/sig/uov/CMakeFiles/uov_ov_III_pkc_avx2.dir/pqov_ov_III_pkc_avx2/gf16_tabs.c.o
[1916/2405] Building C object src/sig/uov/CMakeFiles/uov_ov_III_pkc_avx2.dir/pqov_ov_III_pkc_avx2/gf256_tabs.c.o
[1917/2405] Building C object src/sig/uov/CMakeFiles/uov_ov_Ip_pkc_avx2.dir/pqov_ov_Ip_pkc_avx2/ov_publicmap.c.o
[1918/2405] Building C object src/sig/uov/CMakeFiles/uov_ov_III_pkc_avx2.dir/pqov_ov_III_pkc_avx2/sign.c.o
[1919/2405] Building C object src/sig/uov/CMakeFiles/uov_ov_Ip_pkc_avx2.dir/pqov_ov_Ip_pkc_avx2/parallel_matrix_op.c.o
[1920/2405] Building C object src/sig/uov/CMakeFiles/uov_ov_Ip_pkc_avx2.dir/pqov_ov_Ip_pkc_avx2/blas_matrix_avx2.c.o
[1921/2405] Building C object src/sig/uov/CMakeFiles/uov_ov_III_pkc_ref.dir/pqov_ov_III_pkc_ref/blas_matrix_ref.c.o
[1922/2405] Building C object src/sig/uov/CMakeFiles/uov_ov_III_pkc_avx2.dir/pqov_ov_III_pkc_avx2/utils_hash.c.o
[1923/2405] Building C object src/sig/uov/CMakeFiles/uov_ov_III_pkc_avx2.dir/pqov_ov_III_pkc_avx2/utils_prng.c.o
[1924/2405] Building C object src/sig/uov/CMakeFiles/uov_ov_III_pkc_avx2.dir/pqov_ov_III_pkc_avx2/utils_randombytes.c.o
[1925/2405] Building C object src/sig/uov/CMakeFiles/uov_ov_V_pkc_ref.dir/pqov_ov_V_pkc_ref/blas_matrix.c.o
[1926/2405] Building C object src/sig/uov/CMakeFiles/uov_ov_V_pkc_ref.dir/sig_uov_ov_V_pkc.c.o
[1927/2405] Building C object src/sig/uov/CMakeFiles/uov_ov_III_pkc_ref.dir/pqov_ov_III_pkc_ref/parallel_matrix_op.c.o
[1928/2405] Building C object src/sig/uov/CMakeFiles/uov_ov_V_pkc_ref.dir/pqov_ov_V_pkc_ref/ov_keypair_computation.c.o
[1929/2405] Building C object src/sig/uov/CMakeFiles/uov_ov_III_pkc_avx2.dir/pqov_ov_III_pkc_avx2/ov.c.o
[1930/2405] Building C object src/sig/uov/CMakeFiles/uov_ov_III_pkc_ref.dir/pqov_ov_III_pkc_ref/ov_publicmap.c.o
[1931/2405] Building C object src/sig/uov/CMakeFiles/uov_ov_V_pkc_ref.dir/pqov_ov_V_pkc_ref/ov_keypair.c.o
[1932/2405] Building C object src/sig/uov/CMakeFiles/uov_ov_V_pkc_ref.dir/pqov_ov_V_pkc_ref/ov.c.o
[1933/2405] Building C object src/sig/uov/CMakeFiles/uov_ov_III_pkc_avx2.dir/pqov_ov_III_pkc_avx2/ov_keypair_computation.c.o
[1934/2405] Building C object src/sig/uov/CMakeFiles/uov_ov_V_pkc_ref.dir/pqov_ov_V_pkc_ref/sign.c.o
[1935/2405] Building C object src/sig/uov/CMakeFiles/uov_ov_V_pkc_ref.dir/pqov_ov_V_pkc_ref/utils_randombytes.c.o
[1936/2405] Building C object src/sig/uov/CMakeFiles/uov_ov_V_pkc_ref.dir/pqov_ov_V_pkc_ref/utils_hash.c.o
[1937/2405] Building C object src/sig/uov/CMakeFiles/uov_ov_V_pkc_ref.dir/pqov_ov_V_pkc_ref/utils_prng.c.o
[1938/2405] Building C object src/sig/uov/CMakeFiles/uov_ov_V_pkc_avx2.dir/pqov_ov_V_pkc_avx2/blas_matrix.c.o
[1939/2405] Building C object src/sig/uov/CMakeFiles/uov_ov_III_pkc_avx2.dir/pqov_ov_III_pkc_avx2/ov_keypair.c.o
[1940/2405] Building C object src/sig/uov/CMakeFiles/uov_ov_V_pkc_avx2.dir/pqov_ov_V_pkc_avx2/gf16_tabs.c.o
[1941/2405] Building C object src/sig/uov/CMakeFiles/uov_ov_V_pkc_avx2.dir/pqov_ov_V_pkc_avx2/gf256_tabs.c.o
[1942/2405] Building C object src/sig/uov/CMakeFiles/uov_ov_III_pkc_avx2.dir/pqov_ov_III_pkc_avx2/blas_matrix_avx2.c.o
[1943/2405] Building C object src/sig/uov/CMakeFiles/uov_ov_III_pkc_avx2.dir/pqov_ov_III_pkc_avx2/ov_publicmap.c.o
[1944/2405] Building C object src/sig/uov/CMakeFiles/uov_ov_V_pkc_avx2.dir/pqov_ov_V_pkc_avx2/utils_hash.c.o
[1945/2405] Building C object src/sig/uov/CMakeFiles/uov_ov_V_pkc_avx2.dir/pqov_ov_V_pkc_avx2/sign.c.o
[1946/2405] Building C object src/sig/uov/CMakeFiles/uov_ov_III_pkc_avx2.dir/pqov_ov_III_pkc_avx2/parallel_matrix_op.c.o
[1947/2405] Building C object src/sig/uov/CMakeFiles/uov_ov_V_pkc_ref.dir/pqov_ov_V_pkc_ref/parallel_matrix_op.c.o
[1948/2405] Building C object src/sig/uov/CMakeFiles/uov_ov_V_pkc_avx2.dir/pqov_ov_V_pkc_avx2/utils_randombytes.c.o
[1949/2405] Building C object src/sig/uov/CMakeFiles/uov_ov_V_pkc_avx2.dir/pqov_ov_V_pkc_avx2/utils_prng.c.o
[1950/2405] Building C object src/sig/uov/CMakeFiles/uov_ov_V_pkc_ref.dir/pqov_ov_V_pkc_ref/blas_matrix_ref.c.o
[1951/2405] Building C object src/sig/uov/CMakeFiles/uov_ov_Is_pkc_skc_ref.dir/pqov_ov_Is_pkc_skc_ref/blas_matrix.c.o
[1952/2405] Building C object src/sig/uov/CMakeFiles/uov_ov_Is_pkc_skc_ref.dir/sig_uov_ov_Is_pkc_skc.c.o
[1953/2405] Building C object src/sig/uov/CMakeFiles/uov_ov_V_pkc_avx2.dir/pqov_ov_V_pkc_avx2/ov.c.o
[1954/2405] Building C object src/sig/uov/CMakeFiles/uov_ov_Is_pkc_skc_ref.dir/pqov_ov_Is_pkc_skc_ref/ov_keypair.c.o
[1955/2405] Building C object src/sig/uov/CMakeFiles/uov_ov_Is_pkc_skc_ref.dir/pqov_ov_Is_pkc_skc_ref/ov.c.o
[1956/2405] Building C object src/sig/uov/CMakeFiles/uov_ov_V_pkc_avx2.dir/pqov_ov_V_pkc_avx2/ov_keypair.c.o
[1957/2405] Building C object src/sig/uov/CMakeFiles/uov_ov_Is_pkc_skc_ref.dir/pqov_ov_Is_pkc_skc_ref/ov_keypair_computation.c.o
[1958/2405] Building C object src/sig/uov/CMakeFiles/uov_ov_Is_pkc_skc_ref.dir/pqov_ov_Is_pkc_skc_ref/sign.c.o
[1959/2405] Building C object src/sig/uov/CMakeFiles/uov_ov_Is_pkc_skc_ref.dir/pqov_ov_Is_pkc_skc_ref/utils_randombytes.c.o
[1960/2405] Building C object src/sig/uov/CMakeFiles/uov_ov_Is_pkc_skc_ref.dir/pqov_ov_Is_pkc_skc_ref/utils_prng.c.o
[1961/2405] Building C object src/sig/uov/CMakeFiles/uov_ov_Is_pkc_skc_avx2.dir/pqov_ov_Is_pkc_skc_avx2/blas_matrix.c.o
[1962/2405] Building C object src/sig/uov/CMakeFiles/uov_ov_Is_pkc_skc_ref.dir/pqov_ov_Is_pkc_skc_ref/utils_hash.c.o
[1963/2405] Building C object src/sig/uov/CMakeFiles/uov_ov_Is_pkc_skc_avx2.dir/pqov_ov_Is_pkc_skc_avx2/gf256_tabs.c.o
[1964/2405] Building C object src/sig/uov/CMakeFiles/uov_ov_V_pkc_ref.dir/pqov_ov_V_pkc_ref/ov_publicmap.c.o
[1965/2405] Building C object src/sig/uov/CMakeFiles/uov_ov_Is_pkc_skc_avx2.dir/pqov_ov_Is_pkc_skc_avx2/gf16_tabs.c.o
[1966/2405] Building C object src/sig/uov/CMakeFiles/uov_ov_V_pkc_avx2.dir/pqov_ov_V_pkc_avx2/ov_publicmap.c.o
[1967/2405] Building C object src/sig/uov/CMakeFiles/uov_ov_Is_pkc_skc_ref.dir/pqov_ov_Is_pkc_skc_ref/ov_publicmap.c.o
[1968/2405] Building C object src/sig/uov/CMakeFiles/uov_ov_V_pkc_avx2.dir/pqov_ov_V_pkc_avx2/blas_matrix_avx2.c.o
[1969/2405] Building C object src/sig/uov/CMakeFiles/uov_ov_Is_pkc_skc_ref.dir/pqov_ov_Is_pkc_skc_ref/blas_matrix_ref.c.o
[1970/2405] Building C object src/sig/uov/CMakeFiles/uov_ov_V_pkc_avx2.dir/pqov_ov_V_pkc_avx2/ov_keypair_computation.c.o
[1971/2405] Building C object src/sig/uov/CMakeFiles/uov_ov_Is_pkc_skc_ref.dir/pqov_ov_Is_pkc_skc_ref/parallel_matrix_op.c.o
[1972/2405] Building C object src/sig/uov/CMakeFiles/uov_ov_Is_pkc_skc_avx2.dir/pqov_ov_Is_pkc_skc_avx2/sign.c.o
[1973/2405] Building C object src/sig/uov/CMakeFiles/uov_ov_V_pkc_avx2.dir/pqov_ov_V_pkc_avx2/parallel_matrix_op.c.o
[1974/2405] Building C object src/sig/uov/CMakeFiles/uov_ov_Is_pkc_skc_avx2.dir/pqov_ov_Is_pkc_skc_avx2/utils_hash.c.o
[1975/2405] Building C object src/sig/uov/CMakeFiles/uov_ov_Is_pkc_skc_avx2.dir/pqov_ov_Is_pkc_skc_avx2/utils_randombytes.c.o
[1976/2405] Building C object src/sig/uov/CMakeFiles/uov_ov_Ip_pkc_skc_ref.dir/pqov_ov_Ip_pkc_skc_ref/blas_matrix.c.o
[1977/2405] Building C object src/sig/uov/CMakeFiles/uov_ov_Is_pkc_skc_avx2.dir/pqov_ov_Is_pkc_skc_avx2/utils_prng.c.o
[1978/2405] Building C object src/sig/uov/CMakeFiles/uov_ov_Ip_pkc_skc_ref.dir/sig_uov_ov_Ip_pkc_skc.c.o
[1979/2405] Building C object src/sig/uov/CMakeFiles/uov_ov_Ip_pkc_skc_ref.dir/pqov_ov_Ip_pkc_skc_ref/ov_keypair.c.o
[1980/2405] Building C object src/sig/uov/CMakeFiles/uov_ov_Ip_pkc_skc_ref.dir/pqov_ov_Ip_pkc_skc_ref/ov.c.o
[1981/2405] Building C object src/sig/uov/CMakeFiles/uov_ov_Ip_pkc_skc_ref.dir/pqov_ov_Ip_pkc_skc_ref/ov_keypair_computation.c.o
[1982/2405] Building C object src/sig/uov/CMakeFiles/uov_ov_Ip_pkc_skc_ref.dir/pqov_ov_Ip_pkc_skc_ref/utils_hash.c.o
[1983/2405] Building C object src/sig/uov/CMakeFiles/uov_ov_Ip_pkc_skc_ref.dir/pqov_ov_Ip_pkc_skc_ref/sign.c.o
[1984/2405] Building C object src/sig/uov/CMakeFiles/uov_ov_Ip_pkc_skc_ref.dir/pqov_ov_Ip_pkc_skc_ref/utils_prng.c.o
[1985/2405] Building C object src/sig/uov/CMakeFiles/uov_ov_Is_pkc_skc_avx2.dir/pqov_ov_Is_pkc_skc_avx2/ov_publicmap.c.o
[1986/2405] Building C object src/sig/uov/CMakeFiles/uov_ov_Ip_pkc_skc_ref.dir/pqov_ov_Ip_pkc_skc_ref/utils_randombytes.c.o
[1987/2405] Building C object src/sig/uov/CMakeFiles/uov_ov_Is_pkc_skc_avx2.dir/pqov_ov_Is_pkc_skc_avx2/ov_keypair.c.o
[1988/2405] Building C object src/sig/uov/CMakeFiles/uov_ov_Ip_pkc_skc_avx2.dir/pqov_ov_Ip_pkc_skc_avx2/blas_matrix.c.o
[1989/2405] Building C object src/sig/uov/CMakeFiles/uov_ov_Is_pkc_skc_avx2.dir/pqov_ov_Is_pkc_skc_avx2/ov.c.o
[1990/2405] Building C object src/sig/uov/CMakeFiles/uov_ov_Ip_pkc_skc_avx2.dir/pqov_ov_Ip_pkc_skc_avx2/gf16_tabs.c.o
[1991/2405] Building C object src/sig/uov/CMakeFiles/uov_ov_Ip_pkc_skc_avx2.dir/pqov_ov_Ip_pkc_skc_avx2/gf256_tabs.c.o
[1992/2405] Building C object src/sig/uov/CMakeFiles/uov_ov_Is_pkc_skc_avx2.dir/pqov_ov_Is_pkc_skc_avx2/ov_keypair_computation.c.o
[1993/2405] Building C object src/sig/uov/CMakeFiles/uov_ov_Is_pkc_skc_avx2.dir/pqov_ov_Is_pkc_skc_avx2/blas_matrix_ref.c.o
[1994/2405] Building C object src/sig/uov/CMakeFiles/uov_ov_Ip_pkc_skc_ref.dir/pqov_ov_Ip_pkc_skc_ref/blas_matrix_ref.c.o
[1995/2405] Building C object src/sig/uov/CMakeFiles/uov_ov_Ip_pkc_skc_avx2.dir/pqov_ov_Ip_pkc_skc_avx2/sign.c.o
[1996/2405] Building C object src/sig/uov/CMakeFiles/uov_ov_Ip_pkc_skc_avx2.dir/pqov_ov_Ip_pkc_skc_avx2/utils_hash.c.o
[1997/2405] Building C object src/sig/uov/CMakeFiles/uov_ov_Ip_pkc_skc_ref.dir/pqov_ov_Ip_pkc_skc_ref/parallel_matrix_op.c.o
[1998/2405] Building C object src/sig/uov/CMakeFiles/uov_ov_Ip_pkc_skc_avx2.dir/pqov_ov_Ip_pkc_skc_avx2/utils_prng.c.o
[1999/2405] Building C object src/sig/uov/CMakeFiles/uov_ov_Ip_pkc_skc_avx2.dir/pqov_ov_Ip_pkc_skc_avx2/utils_randombytes.c.o
[2000/2405] Building C object src/sig/uov/CMakeFiles/uov_ov_Ip_pkc_skc_ref.dir/pqov_ov_Ip_pkc_skc_ref/ov_publicmap.c.o
[2001/2405] Building C object src/sig/uov/CMakeFiles/uov_ov_III_pkc_skc_ref.dir/pqov_ov_III_pkc_skc_ref/blas_matrix.c.o
[2002/2405] Building C object src/sig/uov/CMakeFiles/uov_ov_Is_pkc_skc_avx2.dir/pqov_ov_Is_pkc_skc_avx2/parallel_matrix_op.c.o
[2003/2405] Building C object src/sig/uov/CMakeFiles/uov_ov_III_pkc_skc_ref.dir/sig_uov_ov_III_pkc_skc.c.o
[2004/2405] Building C object src/sig/uov/CMakeFiles/uov_ov_Is_pkc_skc_avx2.dir/pqov_ov_Is_pkc_skc_avx2/blas_matrix_avx2.c.o
[2005/2405] Building C object src/sig/uov/CMakeFiles/uov_ov_III_pkc_skc_ref.dir/pqov_ov_III_pkc_skc_ref/ov_keypair_computation.c.o
[2006/2405] Building C object src/sig/uov/CMakeFiles/uov_ov_III_pkc_skc_ref.dir/pqov_ov_III_pkc_skc_ref/ov_keypair.c.o
[2007/2405] Building C object src/sig/uov/CMakeFiles/uov_ov_III_pkc_skc_ref.dir/pqov_ov_III_pkc_skc_ref/ov.c.o
[2008/2405] Building C object src/sig/uov/CMakeFiles/uov_ov_Ip_pkc_skc_avx2.dir/pqov_ov_Ip_pkc_skc_avx2/ov_keypair.c.o
[2009/2405] Building C object src/sig/uov/CMakeFiles/uov_ov_III_pkc_skc_ref.dir/pqov_ov_III_pkc_skc_ref/utils_hash.c.o
[2010/2405] Building C object src/sig/uov/CMakeFiles/uov_ov_III_pkc_skc_ref.dir/pqov_ov_III_pkc_skc_ref/sign.c.o
[2011/2405] Building C object src/sig/uov/CMakeFiles/uov_ov_III_pkc_skc_ref.dir/pqov_ov_III_pkc_skc_ref/utils_randombytes.c.o
[2012/2405] Building C object src/sig/uov/CMakeFiles/uov_ov_III_pkc_skc_ref.dir/pqov_ov_III_pkc_skc_ref/utils_prng.c.o
[2013/2405] Building C object src/sig/uov/CMakeFiles/uov_ov_Ip_pkc_skc_avx2.dir/pqov_ov_Ip_pkc_skc_avx2/ov_keypair_computation.c.o
[2014/2405] Building C object src/sig/uov/CMakeFiles/uov_ov_III_pkc_skc_avx2.dir/pqov_ov_III_pkc_skc_avx2/blas_matrix.c.o
[2015/2405] Building C object src/sig/uov/CMakeFiles/uov_ov_III_pkc_skc_avx2.dir/pqov_ov_III_pkc_skc_avx2/gf256_tabs.c.o
[2016/2405] Building C object src/sig/uov/CMakeFiles/uov_ov_III_pkc_skc_avx2.dir/pqov_ov_III_pkc_skc_avx2/gf16_tabs.c.o
[2017/2405] Building C object src/sig/uov/CMakeFiles/uov_ov_Ip_pkc_skc_avx2.dir/pqov_ov_Ip_pkc_skc_avx2/ov_publicmap.c.o
[2018/2405] Building C object src/sig/uov/CMakeFiles/uov_ov_Ip_pkc_skc_avx2.dir/pqov_ov_Ip_pkc_skc_avx2/ov.c.o
[2019/2405] Building C object src/sig/uov/CMakeFiles/uov_ov_III_pkc_skc_ref.dir/pqov_ov_III_pkc_skc_ref/parallel_matrix_op.c.o
[2020/2405] Building C object src/sig/uov/CMakeFiles/uov_ov_III_pkc_skc_avx2.dir/pqov_ov_III_pkc_skc_avx2/sign.c.o
[2021/2405] Building C object src/sig/uov/CMakeFiles/uov_ov_III_pkc_skc_avx2.dir/pqov_ov_III_pkc_skc_avx2/utils_hash.c.o
[2022/2405] Building C object src/sig/uov/CMakeFiles/uov_ov_Ip_pkc_skc_avx2.dir/pqov_ov_Ip_pkc_skc_avx2/parallel_matrix_op.c.o
[2023/2405] Building C object src/sig/uov/CMakeFiles/uov_ov_III_pkc_skc_avx2.dir/pqov_ov_III_pkc_skc_avx2/utils_prng.c.o
[2024/2405] Building C object src/sig/uov/CMakeFiles/uov_ov_Ip_pkc_skc_avx2.dir/pqov_ov_Ip_pkc_skc_avx2/blas_matrix_avx2.c.o
[2025/2405] Building C object src/sig/uov/CMakeFiles/uov_ov_III_pkc_skc_avx2.dir/pqov_ov_III_pkc_skc_avx2/ov_keypair.c.o
[2026/2405] Building C object src/sig/uov/CMakeFiles/uov_ov_III_pkc_skc_avx2.dir/pqov_ov_III_pkc_skc_avx2/utils_randombytes.c.o
[2027/2405] Building C object src/sig/uov/CMakeFiles/uov_ov_V_pkc_skc_ref.dir/pqov_ov_V_pkc_skc_ref/blas_matrix.c.o
[2028/2405] Building C object src/sig/uov/CMakeFiles/uov_ov_V_pkc_skc_ref.dir/sig_uov_ov_V_pkc_skc.c.o
[2029/2405] Building C object src/sig/uov/CMakeFiles/uov_ov_III_pkc_skc_avx2.dir/pqov_ov_III_pkc_skc_avx2/ov.c.o
[2030/2405] Building C object src/sig/uov/CMakeFiles/uov_ov_III_pkc_skc_ref.dir/pqov_ov_III_pkc_skc_ref/blas_matrix_ref.c.o
[2031/2405] Building C object src/sig/uov/CMakeFiles/uov_ov_III_pkc_skc_ref.dir/pqov_ov_III_pkc_skc_ref/ov_publicmap.c.o
[2032/2405] Building C object src/sig/uov/CMakeFiles/uov_ov_V_pkc_skc_ref.dir/pqov_ov_V_pkc_skc_ref/ov_keypair_computation.c.o
[2033/2405] Building C object src/sig/uov/CMakeFiles/uov_ov_V_pkc_skc_ref.dir/pqov_ov_V_pkc_skc_ref/utils_hash.c.o
[2034/2405] Building C object src/sig/uov/CMakeFiles/uov_ov_V_pkc_skc_ref.dir/pqov_ov_V_pkc_skc_ref/ov.c.o
[2035/2405] Building C object src/sig/uov/CMakeFiles/uov_ov_V_pkc_skc_ref.dir/pqov_ov_V_pkc_skc_ref/ov_keypair.c.o
[2036/2405] Building C object src/sig/uov/CMakeFiles/uov_ov_V_pkc_skc_ref.dir/pqov_ov_V_pkc_skc_ref/sign.c.o
[2037/2405] Building C object src/sig/uov/CMakeFiles/uov_ov_V_pkc_skc_ref.dir/pqov_ov_V_pkc_skc_ref/utils_prng.c.o
[2038/2405] Building C object src/sig/uov/CMakeFiles/uov_ov_V_pkc_skc_avx2.dir/pqov_ov_V_pkc_skc_avx2/blas_matrix.c.o
[2039/2405] Building C object src/sig/uov/CMakeFiles/uov_ov_V_pkc_skc_ref.dir/pqov_ov_V_pkc_skc_ref/utils_randombytes.c.o
[2040/2405] Building C object src/sig/uov/CMakeFiles/uov_ov_V_pkc_skc_avx2.dir/pqov_ov_V_pkc_skc_avx2/gf16_tabs.c.o
[2041/2405] Building C object src/sig/uov/CMakeFiles/uov_ov_V_pkc_skc_avx2.dir/pqov_ov_V_pkc_skc_avx2/gf256_tabs.c.o
[2042/2405] Building C object src/sig/uov/CMakeFiles/uov_ov_III_pkc_skc_avx2.dir/pqov_ov_III_pkc_skc_avx2/ov_keypair_computation.c.o
[2043/2405] Building C object src/sig/uov/CMakeFiles/uov_ov_III_pkc_skc_avx2.dir/pqov_ov_III_pkc_skc_avx2/ov_publicmap.c.o
[2044/2405] Building C object src/sig/uov/CMakeFiles/uov_ov_V_pkc_skc_ref.dir/pqov_ov_V_pkc_skc_ref/ov_publicmap.c.o
[2045/2405] Building C object src/sig/uov/CMakeFiles/uov_ov_V_pkc_skc_ref.dir/pqov_ov_V_pkc_skc_ref/parallel_matrix_op.c.o
[2046/2405] Building C object src/sig/uov/CMakeFiles/uov_ov_III_pkc_skc_avx2.dir/pqov_ov_III_pkc_skc_avx2/blas_matrix_avx2.c.o
[2047/2405] Building C object src/sig/uov/CMakeFiles/uov_ov_V_pkc_skc_avx2.dir/pqov_ov_V_pkc_skc_avx2/utils_hash.c.o
[2048/2405] Building C object src/sig/uov/CMakeFiles/uov_ov_V_pkc_skc_avx2.dir/pqov_ov_V_pkc_skc_avx2/sign.c.o
[2049/2405] Building C object src/sig/uov/CMakeFiles/uov_ov_V_pkc_skc_ref.dir/pqov_ov_V_pkc_skc_ref/blas_matrix_ref.c.o
[2050/2405] Building C object src/sig/uov/CMakeFiles/uov_ov_V_pkc_skc_avx2.dir/pqov_ov_V_pkc_skc_avx2/utils_randombytes.c.o
[2051/2405] Building C object src/sig/uov/CMakeFiles/uov_ov_V_pkc_skc_avx2.dir/pqov_ov_V_pkc_skc_avx2/utils_prng.c.o
[2052/2405] Building C object src/sig/uov/CMakeFiles/uov_ov_III_pkc_skc_avx2.dir/pqov_ov_III_pkc_skc_avx2/parallel_matrix_op.c.o
[2053/2405] Building C object src/sig/snova/CMakeFiles/snova_SNOVA_24_5_4_opt.dir/snova_SNOVA_24_5_4_opt/snova_aes.c.o
[2054/2405] Building C object src/sig/snova/CMakeFiles/snova_SNOVA_24_5_4_opt.dir/sig_snova_SNOVA_24_5_4.c.o
[2055/2405] Building C object src/sig/snova/CMakeFiles/snova_SNOVA_24_5_4_opt.dir/snova_SNOVA_24_5_4_opt/oqs_snova.c.o
[2056/2405] Building C object src/sig/snova/CMakeFiles/snova_SNOVA_24_5_4_opt.dir/snova_SNOVA_24_5_4_opt/snova_shake.c.o
[2057/2405] Building C object src/sig/uov/CMakeFiles/uov_ov_V_pkc_skc_avx2.dir/pqov_ov_V_pkc_skc_avx2/ov.c.o
[2058/2405] Building C object src/sig/snova/CMakeFiles/snova_SNOVA_24_5_4_avx2.dir/snova_SNOVA_24_5_4_avx2/snova_aes.c.o
[2059/2405] Building C object src/sig/snova/CMakeFiles/snova_SNOVA_24_5_4_avx2.dir/snova_SNOVA_24_5_4_avx2/oqs_snova.c.o
[2060/2405] Building C object src/sig/uov/CMakeFiles/uov_ov_V_pkc_skc_avx2.dir/pqov_ov_V_pkc_skc_avx2/ov_keypair.c.o
[2061/2405] Building C object src/sig/snova/CMakeFiles/snova_SNOVA_24_5_4_opt.dir/snova_SNOVA_24_5_4_opt/snova_common.c.o
[2062/2405] Building C object src/sig/snova/CMakeFiles/snova_SNOVA_24_5_4_avx2.dir/snova_SNOVA_24_5_4_avx2/snova_shake.c.o
[2063/2405] Building C object src/sig/snova/CMakeFiles/snova_SNOVA_24_5_4_SHAKE_opt.dir/sig_snova_SNOVA_24_5_4_SHAKE.c.o
[2064/2405] Building C object src/sig/snova/CMakeFiles/snova_SNOVA_24_5_4_SHAKE_opt.dir/snova_SNOVA_24_5_4_SHAKE_opt/oqs_snova.c.o
[2065/2405] Building C object src/sig/uov/CMakeFiles/uov_ov_V_pkc_skc_avx2.dir/pqov_ov_V_pkc_skc_avx2/ov_keypair_computation.c.o
[2066/2405] Building C object src/sig/snova/CMakeFiles/snova_SNOVA_24_5_4_SHAKE_opt.dir/snova_SNOVA_24_5_4_SHAKE_opt/snova_aes.c.o
[2067/2405] Building C object src/sig/snova/CMakeFiles/snova_SNOVA_24_5_4_avx2.dir/snova_SNOVA_24_5_4_avx2/snova_common.c.o
[2068/2405] Building C object src/sig/snova/CMakeFiles/snova_SNOVA_24_5_4_SHAKE_opt.dir/snova_SNOVA_24_5_4_SHAKE_opt/snova_shake.c.o
[2069/2405] Building C object src/sig/snova/CMakeFiles/snova_SNOVA_24_5_4_SHAKE_avx2.dir/snova_SNOVA_24_5_4_SHAKE_avx2/oqs_snova.c.o
[2070/2405] Building C object src/sig/uov/CMakeFiles/uov_ov_V_pkc_skc_avx2.dir/pqov_ov_V_pkc_skc_avx2/ov_publicmap.c.o
[2071/2405] Building C object src/sig/snova/CMakeFiles/snova_SNOVA_24_5_4_SHAKE_opt.dir/snova_SNOVA_24_5_4_SHAKE_opt/snova_common.c.o
[2072/2405] Building C object src/sig/snova/CMakeFiles/snova_SNOVA_24_5_4_SHAKE_avx2.dir/snova_SNOVA_24_5_4_SHAKE_avx2/snova_aes.c.o
[2073/2405] Building C object src/sig/snova/CMakeFiles/snova_SNOVA_24_5_4_SHAKE_avx2.dir/snova_SNOVA_24_5_4_SHAKE_avx2/snova_shake.c.o
[2074/2405] Building C object src/sig/snova/CMakeFiles/snova_SNOVA_24_5_4_esk_opt.dir/snova_SNOVA_24_5_4_esk_opt/oqs_snova.c.o
[2075/2405] Building C object src/sig/snova/CMakeFiles/snova_SNOVA_24_5_4_esk_opt.dir/snova_SNOVA_24_5_4_esk_opt/snova_aes.c.o
[2076/2405] Building C object src/sig/snova/CMakeFiles/snova_SNOVA_24_5_4_esk_opt.dir/sig_snova_SNOVA_24_5_4_esk.c.o
[2077/2405] Building C object src/sig/snova/CMakeFiles/snova_SNOVA_24_5_4_esk_opt.dir/snova_SNOVA_24_5_4_esk_opt/snova_shake.c.o
[2078/2405] Building C object src/sig/snova/CMakeFiles/snova_SNOVA_24_5_4_SHAKE_avx2.dir/snova_SNOVA_24_5_4_SHAKE_avx2/snova_common.c.o
[2079/2405] Building C object src/sig/snova/CMakeFiles/snova_SNOVA_24_5_4_esk_avx2.dir/snova_SNOVA_24_5_4_esk_avx2/oqs_snova.c.o
[2080/2405] Building C object src/sig/uov/CMakeFiles/uov_ov_V_pkc_skc_avx2.dir/pqov_ov_V_pkc_skc_avx2/blas_matrix_avx2.c.o
[2081/2405] Building C object src/sig/snova/CMakeFiles/snova_SNOVA_24_5_4_esk_avx2.dir/snova_SNOVA_24_5_4_esk_avx2/snova_aes.c.o
[2082/2405] Building C object src/sig/snova/CMakeFiles/snova_SNOVA_24_5_4_SHAKE_esk_opt.dir/sig_snova_SNOVA_24_5_4_SHAKE_esk.c.o
[2083/2405] Building C object src/sig/snova/CMakeFiles/snova_SNOVA_24_5_4_esk_opt.dir/snova_SNOVA_24_5_4_esk_opt/snova_common.c.o
[2084/2405] Building C object src/sig/snova/CMakeFiles/snova_SNOVA_24_5_4_esk_avx2.dir/snova_SNOVA_24_5_4_esk_avx2/snova_shake.c.o
[2085/2405] Building C object src/sig/snova/CMakeFiles/snova_SNOVA_24_5_4_SHAKE_esk_opt.dir/snova_SNOVA_24_5_4_SHAKE_esk_opt/oqs_snova.c.o
[2086/2405] Building C object src/sig/uov/CMakeFiles/uov_ov_V_pkc_skc_avx2.dir/pqov_ov_V_pkc_skc_avx2/parallel_matrix_op.c.o
[2087/2405] Building C object src/sig/snova/CMakeFiles/snova_SNOVA_24_5_4_SHAKE_esk_opt.dir/snova_SNOVA_24_5_4_SHAKE_esk_opt/snova_aes.c.o
[2088/2405] Building C object src/sig/snova/CMakeFiles/snova_SNOVA_24_5_4_SHAKE_esk_opt.dir/snova_SNOVA_24_5_4_SHAKE_esk_opt/snova_shake.c.o
[2089/2405] Building C object src/sig/snova/CMakeFiles/snova_SNOVA_24_5_4_esk_avx2.dir/snova_SNOVA_24_5_4_esk_avx2/snova_common.c.o
[2090/2405] Building C object src/sig/snova/CMakeFiles/snova_SNOVA_24_5_4_SHAKE_esk_avx2.dir/snova_SNOVA_24_5_4_SHAKE_esk_avx2/oqs_snova.c.o
[2091/2405] Building C object src/sig/snova/CMakeFiles/snova_SNOVA_24_5_4_SHAKE_esk_avx2.dir/snova_SNOVA_24_5_4_SHAKE_esk_avx2/snova_aes.c.o
[2092/2405] Building C object src/sig/snova/CMakeFiles/snova_SNOVA_24_5_4_SHAKE_esk_opt.dir/snova_SNOVA_24_5_4_SHAKE_esk_opt/snova_common.c.o
[2093/2405] Building C object src/sig/snova/CMakeFiles/snova_SNOVA_24_5_4_SHAKE_esk_avx2.dir/snova_SNOVA_24_5_4_SHAKE_esk_avx2/snova_shake.c.o
[2094/2405] Building C object src/sig/snova/CMakeFiles/snova_SNOVA_37_17_2_opt.dir/sig_snova_SNOVA_37_17_2.c.o
[2095/2405] Building C object src/sig/snova/CMakeFiles/snova_SNOVA_37_17_2_opt.dir/snova_SNOVA_37_17_2_opt/oqs_snova.c.o
[2096/2405] Building C object src/sig/snova/CMakeFiles/snova_SNOVA_37_17_2_opt.dir/snova_SNOVA_37_17_2_opt/snova_aes.c.o
[2097/2405] Building C object src/sig/snova/CMakeFiles/snova_SNOVA_24_5_4_SHAKE_esk_avx2.dir/snova_SNOVA_24_5_4_SHAKE_esk_avx2/snova_common.c.o
[2098/2405] Building C object src/sig/snova/CMakeFiles/snova_SNOVA_37_17_2_opt.dir/snova_SNOVA_37_17_2_opt/snova_shake.c.o
[2099/2405] Building C object src/sig/snova/CMakeFiles/snova_SNOVA_37_17_2_opt.dir/snova_SNOVA_37_17_2_opt/snova_common.c.o
[2100/2405] Building C object src/sig/snova/CMakeFiles/snova_SNOVA_37_17_2_avx2.dir/snova_SNOVA_37_17_2_avx2/oqs_snova.c.o
[2101/2405] Building C object src/sig/snova/CMakeFiles/snova_SNOVA_37_17_2_avx2.dir/snova_SNOVA_37_17_2_avx2/snova_aes.c.o
[2102/2405] Building C object src/sig/snova/CMakeFiles/snova_SNOVA_37_17_2_avx2.dir/snova_SNOVA_37_17_2_avx2/snova_shake.c.o
[2103/2405] Building C object src/sig/snova/CMakeFiles/snova_SNOVA_25_8_3_opt.dir/sig_snova_SNOVA_25_8_3.c.o
[2104/2405] Building C object src/sig/snova/CMakeFiles/snova_SNOVA_25_8_3_opt.dir/snova_SNOVA_25_8_3_opt/oqs_snova.c.o
[2105/2405] Building C object src/sig/snova/CMakeFiles/snova_SNOVA_37_17_2_avx2.dir/snova_SNOVA_37_17_2_avx2/snova_common.c.o
[2106/2405] Building C object src/sig/snova/CMakeFiles/snova_SNOVA_25_8_3_opt.dir/snova_SNOVA_25_8_3_opt/snova_aes.c.o
[2107/2405] Building C object src/sig/snova/CMakeFiles/snova_SNOVA_25_8_3_opt.dir/snova_SNOVA_25_8_3_opt/snova_common.c.o
[2108/2405] Building C object src/sig/snova/CMakeFiles/snova_SNOVA_25_8_3_opt.dir/snova_SNOVA_25_8_3_opt/snova_shake.c.o
[2109/2405] Building C object src/sig/snova/CMakeFiles/snova_SNOVA_25_8_3_avx2.dir/snova_SNOVA_25_8_3_avx2/oqs_snova.c.o
[2110/2405] Building C object src/sig/snova/CMakeFiles/snova_SNOVA_37_17_2_avx2.dir/snova_SNOVA_37_17_2_avx2/snova.c.o
[2111/2405] Building C object src/sig/snova/CMakeFiles/snova_SNOVA_25_8_3_avx2.dir/snova_SNOVA_25_8_3_avx2/snova_aes.c.o
[2112/2405] Building C object src/sig/snova/CMakeFiles/snova_SNOVA_25_8_3_avx2.dir/snova_SNOVA_25_8_3_avx2/snova_common.c.o
[2113/2405] Building C object src/sig/snova/CMakeFiles/snova_SNOVA_25_8_3_avx2.dir/snova_SNOVA_25_8_3_avx2/snova_shake.c.o
[2114/2405] Building C object src/sig/snova/CMakeFiles/snova_SNOVA_56_25_2_opt.dir/sig_snova_SNOVA_56_25_2.c.o
[2115/2405] Building C object src/sig/snova/CMakeFiles/snova_SNOVA_56_25_2_opt.dir/snova_SNOVA_56_25_2_opt/oqs_snova.c.o
[2116/2405] Building C object src/sig/snova/CMakeFiles/snova_SNOVA_37_17_2_opt.dir/snova_SNOVA_37_17_2_opt/snova.c.o
[2117/2405] Building C object src/sig/snova/CMakeFiles/snova_SNOVA_56_25_2_opt.dir/snova_SNOVA_56_25_2_opt/snova_aes.c.o
[2118/2405] Building C object src/sig/snova/CMakeFiles/snova_SNOVA_24_5_4_opt.dir/snova_SNOVA_24_5_4_opt/snova.c.o
[2119/2405] Building C object src/sig/snova/CMakeFiles/snova_SNOVA_56_25_2_opt.dir/snova_SNOVA_56_25_2_opt/snova_shake.c.o
[2120/2405] Building C object src/sig/snova/CMakeFiles/snova_SNOVA_56_25_2_opt.dir/snova_SNOVA_56_25_2_opt/snova_common.c.o
[2121/2405] Building C object src/sig/snova/CMakeFiles/snova_SNOVA_24_5_4_SHAKE_avx2.dir/snova_SNOVA_24_5_4_SHAKE_avx2/snova.c.o
[2122/2405] Building C object src/sig/snova/CMakeFiles/snova_SNOVA_56_25_2_avx2.dir/snova_SNOVA_56_25_2_avx2/oqs_snova.c.o
[2123/2405] Building C object src/sig/snova/CMakeFiles/snova_SNOVA_56_25_2_avx2.dir/snova_SNOVA_56_25_2_avx2/snova_aes.c.o
[2124/2405] Building C object src/sig/snova/CMakeFiles/snova_SNOVA_56_25_2_avx2.dir/snova_SNOVA_56_25_2_avx2/snova_shake.c.o
[2125/2405] Building C object src/sig/snova/CMakeFiles/snova_SNOVA_49_11_3_opt.dir/sig_snova_SNOVA_49_11_3.c.o
[2126/2405] Building C object src/sig/snova/CMakeFiles/snova_SNOVA_56_25_2_avx2.dir/snova_SNOVA_56_25_2_avx2/snova_common.c.o
[2127/2405] Building C object src/sig/snova/CMakeFiles/snova_SNOVA_49_11_3_opt.dir/snova_SNOVA_49_11_3_opt/oqs_snova.c.o
[2128/2405] Building C object src/sig/snova/CMakeFiles/snova_SNOVA_49_11_3_opt.dir/snova_SNOVA_49_11_3_opt/snova_aes.c.o
[2129/2405] Building C object src/sig/snova/CMakeFiles/snova_SNOVA_24_5_4_avx2.dir/snova_SNOVA_24_5_4_avx2/snova.c.o
[2130/2405] Building C object src/sig/snova/CMakeFiles/snova_SNOVA_49_11_3_opt.dir/snova_SNOVA_49_11_3_opt/snova_shake.c.o
[2131/2405] Building C object src/sig/snova/CMakeFiles/snova_SNOVA_49_11_3_avx2.dir/snova_SNOVA_49_11_3_avx2/oqs_snova.c.o
[2132/2405] Building C object src/sig/snova/CMakeFiles/snova_SNOVA_49_11_3_opt.dir/snova_SNOVA_49_11_3_opt/snova_common.c.o
[2133/2405] Building C object src/sig/snova/CMakeFiles/snova_SNOVA_49_11_3_avx2.dir/snova_SNOVA_49_11_3_avx2/snova_aes.c.o
[2134/2405] Building C object src/sig/snova/CMakeFiles/snova_SNOVA_24_5_4_SHAKE_esk_opt.dir/snova_SNOVA_24_5_4_SHAKE_esk_opt/snova.c.o
[2135/2405] Building C object src/sig/snova/CMakeFiles/snova_SNOVA_49_11_3_avx2.dir/snova_SNOVA_49_11_3_avx2/snova_shake.c.o
[2136/2405] Building C object src/sig/snova/CMakeFiles/snova_SNOVA_24_5_4_SHAKE_esk_avx2.dir/snova_SNOVA_24_5_4_SHAKE_esk_avx2/snova.c.o
[2137/2405] Building C object src/sig/snova/CMakeFiles/snova_SNOVA_37_8_4_opt.dir/snova_SNOVA_37_8_4_opt/oqs_snova.c.o
[2138/2405] Building C object src/sig/snova/CMakeFiles/snova_SNOVA_37_8_4_opt.dir/sig_snova_SNOVA_37_8_4.c.o
[2139/2405] Building C object src/sig/snova/CMakeFiles/snova_SNOVA_24_5_4_esk_opt.dir/snova_SNOVA_24_5_4_esk_opt/snova.c.o
[2140/2405] Building C object src/sig/snova/CMakeFiles/snova_SNOVA_37_8_4_opt.dir/snova_SNOVA_37_8_4_opt/snova_aes.c.o
[2141/2405] Building C object src/sig/snova/CMakeFiles/snova_SNOVA_49_11_3_avx2.dir/snova_SNOVA_49_11_3_avx2/snova_common.c.o
[2142/2405] Building C object src/sig/snova/CMakeFiles/snova_SNOVA_24_5_4_esk_avx2.dir/snova_SNOVA_24_5_4_esk_avx2/snova.c.o
[2143/2405] Building C object src/sig/snova/CMakeFiles/snova_SNOVA_37_8_4_opt.dir/snova_SNOVA_37_8_4_opt/snova_shake.c.o
[2144/2405] Building C object src/sig/snova/CMakeFiles/snova_SNOVA_25_8_3_opt.dir/snova_SNOVA_25_8_3_opt/snova.c.o
[2145/2405] Building C object src/sig/snova/CMakeFiles/snova_SNOVA_37_8_4_opt.dir/snova_SNOVA_37_8_4_opt/snova_common.c.o
[2146/2405] Building C object src/sig/snova/CMakeFiles/snova_SNOVA_37_8_4_avx2.dir/snova_SNOVA_37_8_4_avx2/oqs_snova.c.o
[2147/2405] Building C object src/sig/snova/CMakeFiles/snova_SNOVA_37_8_4_avx2.dir/snova_SNOVA_37_8_4_avx2/snova_aes.c.o
[2148/2405] Building C object src/sig/snova/CMakeFiles/snova_SNOVA_37_8_4_avx2.dir/snova_SNOVA_37_8_4_avx2/snova_shake.c.o
[2149/2405] Building C object src/sig/snova/CMakeFiles/snova_SNOVA_24_5_5_opt.dir/sig_snova_SNOVA_24_5_5.c.o
[2150/2405] Building C object src/sig/snova/CMakeFiles/snova_SNOVA_24_5_5_opt.dir/snova_SNOVA_24_5_5_opt/oqs_snova.c.o
[2151/2405] Building C object src/sig/snova/CMakeFiles/snova_SNOVA_24_5_5_opt.dir/snova_SNOVA_24_5_5_opt/snova_aes.c.o
[2152/2405] Building C object src/sig/snova/CMakeFiles/snova_SNOVA_25_8_3_avx2.dir/snova_SNOVA_25_8_3_avx2/snova.c.o
[2153/2405] Building C object src/sig/snova/CMakeFiles/snova_SNOVA_24_5_5_opt.dir/snova_SNOVA_24_5_5_opt/snova_shake.c.o
[2154/2405] Building C object src/sig/snova/CMakeFiles/snova_SNOVA_37_8_4_avx2.dir/snova_SNOVA_37_8_4_avx2/snova_common.c.o
[2155/2405] Building C object src/sig/snova/CMakeFiles/snova_SNOVA_24_5_5_avx2.dir/snova_SNOVA_24_5_5_avx2/oqs_snova.c.o
[2156/2405] Building C object src/sig/snova/CMakeFiles/snova_SNOVA_24_5_5_avx2.dir/snova_SNOVA_24_5_5_avx2/snova_aes.c.o
[2157/2405] Building C object src/sig/snova/CMakeFiles/snova_SNOVA_24_5_5_avx2.dir/snova_SNOVA_24_5_5_avx2/snova_shake.c.o
[2158/2405] Building C object src/sig/snova/CMakeFiles/snova_SNOVA_24_5_5_opt.dir/snova_SNOVA_24_5_5_opt/snova_common.c.o
[2159/2405] Building C object src/sig/snova/CMakeFiles/snova_SNOVA_60_10_4_opt.dir/sig_snova_SNOVA_60_10_4.c.o
[2160/2405] Building C object src/sig/snova/CMakeFiles/snova_SNOVA_24_5_5_avx2.dir/snova_SNOVA_24_5_5_avx2/snova_common.c.o
[2161/2405] Building C object src/sig/snova/CMakeFiles/snova_SNOVA_60_10_4_opt.dir/snova_SNOVA_60_10_4_opt/snova_aes.c.o
[2162/2405] Building C object src/sig/snova/CMakeFiles/snova_SNOVA_60_10_4_opt.dir/snova_SNOVA_60_10_4_opt/oqs_snova.c.o
[2163/2405] Building C object src/sig/snova/CMakeFiles/snova_SNOVA_60_10_4_opt.dir/snova_SNOVA_60_10_4_opt/snova_shake.c.o
[2164/2405] Building C object src/sig/snova/CMakeFiles/snova_SNOVA_60_10_4_avx2.dir/snova_SNOVA_60_10_4_avx2/oqs_snova.c.o
[2165/2405] Building C object src/sig/snova/CMakeFiles/snova_SNOVA_60_10_4_opt.dir/snova_SNOVA_60_10_4_opt/snova_common.c.o
[2166/2405] Building C object src/sig/snova/CMakeFiles/snova_SNOVA_24_5_4_SHAKE_opt.dir/snova_SNOVA_24_5_4_SHAKE_opt/snova.c.o
[2167/2405] Building C object src/sig/snova/CMakeFiles/snova_SNOVA_56_25_2_opt.dir/snova_SNOVA_56_25_2_opt/snova.c.o
[2168/2405] Building C object src/sig/snova/CMakeFiles/snova_SNOVA_60_10_4_avx2.dir/snova_SNOVA_60_10_4_avx2/snova_aes.c.o
[2169/2405] Building C object src/sig/snova/CMakeFiles/snova_SNOVA_60_10_4_avx2.dir/snova_SNOVA_60_10_4_avx2/snova_shake.c.o
[2170/2405] Building C object src/sig/snova/CMakeFiles/snova_SNOVA_29_6_5_opt.dir/sig_snova_SNOVA_29_6_5.c.o
[2171/2405] Building C object src/sig/snova/CMakeFiles/snova_SNOVA_56_25_2_avx2.dir/snova_SNOVA_56_25_2_avx2/snova.c.o
[2172/2405] Building C object src/sig/snova/CMakeFiles/snova_SNOVA_60_10_4_avx2.dir/snova_SNOVA_60_10_4_avx2/snova_common.c.o
[2173/2405] Building C object src/sig/snova/CMakeFiles/snova_SNOVA_29_6_5_opt.dir/snova_SNOVA_29_6_5_opt/oqs_snova.c.o
[2174/2405] Building C object src/sig/snova/CMakeFiles/snova_SNOVA_29_6_5_opt.dir/snova_SNOVA_29_6_5_opt/snova_aes.c.o
[2175/2405] Building C object src/sig/snova/CMakeFiles/snova_SNOVA_29_6_5_opt.dir/snova_SNOVA_29_6_5_opt/snova_shake.c.o
[2176/2405] Building C object src/sig/snova/CMakeFiles/snova_SNOVA_29_6_5_avx2.dir/snova_SNOVA_29_6_5_avx2/oqs_snova.c.o
[2177/2405] Building C object src/sig/snova/CMakeFiles/snova_SNOVA_29_6_5_opt.dir/snova_SNOVA_29_6_5_opt/snova_common.c.o
[2178/2405] Building C object src/sig/snova/CMakeFiles/snova_SNOVA_29_6_5_avx2.dir/snova_SNOVA_29_6_5_avx2/snova_aes.c.o
[2179/2405] Building C object src/sig/snova/CMakeFiles/snova_SNOVA_29_6_5_avx2.dir/snova_SNOVA_29_6_5_avx2/snova_shake.c.o
[2180/2405] Building C object src/sig/snova/CMakeFiles/snova_SNOVA_29_6_5_avx2.dir/snova_SNOVA_29_6_5_avx2/snova_common.c.o
[2181/2405] Building C object src/sig/slh_dsa/CMakeFiles/slh_dsa_c.dir/slh_dsa_c/sha2_256.c.o
[2182/2405] Building C object src/sig/slh_dsa/CMakeFiles/slh_dsa_c.dir/slh_dsa_c/sha3_api.c.o
[2183/2405] Building C object src/sig/slh_dsa/CMakeFiles/slh_dsa_c.dir/slh_dsa_c/sha2_512.c.o
[2184/2405] Building C object src/sig/slh_dsa/CMakeFiles/slh_dsa_c.dir/slh_dsa_c/sha3_f1600.c.o
[2185/2405] Building C object src/sig/slh_dsa/CMakeFiles/slh_dsa_c.dir/slh_dsa_c/slh_prehash.c.o
[2186/2405] Building C object src/sig/slh_dsa/CMakeFiles/slh_dsa_c.dir/slh_dsa_c/slh_dsa.c.o
[2187/2405] Building C object src/sig/slh_dsa/CMakeFiles/slh_dsa_c.dir/slh_dsa_c/slh_sha2.c.o
[2188/2405] Building C object src/sig/slh_dsa/CMakeFiles/slh_dsa_c.dir/slh_dsa_c/slh_shake.c.o
[2189/2405] Building C object src/sig/slh_dsa/CMakeFiles/slh_dsa_c.dir/wrappers/prehash_sha2_224/slh_dsa_sha2_224_prehash_sha2_128f.c.o
[2190/2405] Building C object src/sig/slh_dsa/CMakeFiles/slh_dsa_c.dir/wrappers/prehash_sha2_224/slh_dsa_sha2_224_prehash_sha2_128s.c.o
[2191/2405] Building C object src/sig/slh_dsa/CMakeFiles/slh_dsa_c.dir/wrappers/prehash_sha2_224/slh_dsa_sha2_224_prehash_sha2_192f.c.o
[2192/2405] Building C object src/sig/slh_dsa/CMakeFiles/slh_dsa_c.dir/wrappers/prehash_sha2_224/slh_dsa_sha2_224_prehash_sha2_192s.c.o
[2193/2405] Building C object src/sig/slh_dsa/CMakeFiles/slh_dsa_c.dir/wrappers/prehash_sha2_224/slh_dsa_sha2_224_prehash_sha2_256f.c.o
[2194/2405] Building C object src/sig/slh_dsa/CMakeFiles/slh_dsa_c.dir/wrappers/prehash_sha2_224/slh_dsa_sha2_224_prehash_sha2_256s.c.o
[2195/2405] Building C object src/sig/slh_dsa/CMakeFiles/slh_dsa_c.dir/wrappers/prehash_sha2_224/slh_dsa_sha2_224_prehash_shake_128f.c.o
[2196/2405] Building C object src/sig/slh_dsa/CMakeFiles/slh_dsa_c.dir/wrappers/prehash_sha2_224/slh_dsa_sha2_224_prehash_shake_128s.c.o
[2197/2405] Building C object src/sig/slh_dsa/CMakeFiles/slh_dsa_c.dir/wrappers/prehash_sha2_224/slh_dsa_sha2_224_prehash_shake_192s.c.o
[2198/2405] Building C object src/sig/slh_dsa/CMakeFiles/slh_dsa_c.dir/wrappers/prehash_sha2_224/slh_dsa_sha2_224_prehash_shake_192f.c.o
[2199/2405] Building C object src/sig/slh_dsa/CMakeFiles/slh_dsa_c.dir/wrappers/prehash_sha2_224/slh_dsa_sha2_224_prehash_shake_256f.c.o
[2200/2405] Building C object src/sig/slh_dsa/CMakeFiles/slh_dsa_c.dir/wrappers/prehash_sha2_224/slh_dsa_sha2_224_prehash_shake_256s.c.o
[2201/2405] Building C object src/sig/slh_dsa/CMakeFiles/slh_dsa_c.dir/wrappers/prehash_sha2_256/slh_dsa_sha2_256_prehash_sha2_128f.c.o
[2202/2405] Building C object src/sig/slh_dsa/CMakeFiles/slh_dsa_c.dir/wrappers/prehash_sha2_256/slh_dsa_sha2_256_prehash_sha2_192f.c.o
[2203/2405] Building C object src/sig/slh_dsa/CMakeFiles/slh_dsa_c.dir/wrappers/prehash_sha2_256/slh_dsa_sha2_256_prehash_sha2_128s.c.o
[2204/2405] Building C object src/sig/slh_dsa/CMakeFiles/slh_dsa_c.dir/wrappers/prehash_sha2_256/slh_dsa_sha2_256_prehash_sha2_192s.c.o
[2205/2405] Building C object src/sig/slh_dsa/CMakeFiles/slh_dsa_c.dir/wrappers/prehash_sha2_256/slh_dsa_sha2_256_prehash_sha2_256f.c.o
[2206/2405] Building C object src/sig/slh_dsa/CMakeFiles/slh_dsa_c.dir/wrappers/prehash_sha2_256/slh_dsa_sha2_256_prehash_sha2_256s.c.o
[2207/2405] Building C object src/sig/slh_dsa/CMakeFiles/slh_dsa_c.dir/wrappers/prehash_sha2_256/slh_dsa_sha2_256_prehash_shake_128f.c.o
[2208/2405] Building C object src/sig/slh_dsa/CMakeFiles/slh_dsa_c.dir/wrappers/prehash_sha2_256/slh_dsa_sha2_256_prehash_shake_128s.c.o
[2209/2405] Building C object src/sig/snova/CMakeFiles/snova_SNOVA_49_11_3_avx2.dir/snova_SNOVA_49_11_3_avx2/snova.c.o
[2210/2405] Building C object src/sig/slh_dsa/CMakeFiles/slh_dsa_c.dir/wrappers/prehash_sha2_256/slh_dsa_sha2_256_prehash_shake_192f.c.o
[2211/2405] Building C object src/sig/slh_dsa/CMakeFiles/slh_dsa_c.dir/wrappers/prehash_sha2_256/slh_dsa_sha2_256_prehash_shake_192s.c.o
[2212/2405] Building C object src/sig/slh_dsa/CMakeFiles/slh_dsa_c.dir/wrappers/prehash_sha2_256/slh_dsa_sha2_256_prehash_shake_256f.c.o
[2213/2405] Building C object src/sig/slh_dsa/CMakeFiles/slh_dsa_c.dir/wrappers/prehash_sha2_256/slh_dsa_sha2_256_prehash_shake_256s.c.o
[2214/2405] Building C object src/sig/slh_dsa/CMakeFiles/slh_dsa_c.dir/wrappers/prehash_sha2_384/slh_dsa_sha2_384_prehash_sha2_128f.c.o
[2215/2405] Building C object src/sig/snova/CMakeFiles/snova_SNOVA_49_11_3_opt.dir/snova_SNOVA_49_11_3_opt/snova.c.o
[2216/2405] Building C object src/sig/slh_dsa/CMakeFiles/slh_dsa_c.dir/wrappers/prehash_sha2_384/slh_dsa_sha2_384_prehash_sha2_128s.c.o
[2217/2405] Building C object src/sig/slh_dsa/CMakeFiles/slh_dsa_c.dir/wrappers/prehash_sha2_384/slh_dsa_sha2_384_prehash_sha2_192f.c.o
[2218/2405] Building C object src/sig/slh_dsa/CMakeFiles/slh_dsa_c.dir/wrappers/prehash_sha2_384/slh_dsa_sha2_384_prehash_sha2_192s.c.o
[2219/2405] Building C object src/sig/slh_dsa/CMakeFiles/slh_dsa_c.dir/wrappers/prehash_sha2_384/slh_dsa_sha2_384_prehash_sha2_256f.c.o
[2220/2405] Building C object src/sig/slh_dsa/CMakeFiles/slh_dsa_c.dir/wrappers/prehash_sha2_384/slh_dsa_sha2_384_prehash_sha2_256s.c.o
[2221/2405] Building C object src/sig/slh_dsa/CMakeFiles/slh_dsa_c.dir/wrappers/prehash_sha2_384/slh_dsa_sha2_384_prehash_shake_128f.c.o
[2222/2405] Building C object src/sig/slh_dsa/CMakeFiles/slh_dsa_c.dir/wrappers/prehash_sha2_384/slh_dsa_sha2_384_prehash_shake_192f.c.o
[2223/2405] Building C object src/sig/slh_dsa/CMakeFiles/slh_dsa_c.dir/wrappers/prehash_sha2_384/slh_dsa_sha2_384_prehash_shake_192s.c.o
[2224/2405] Building C object src/sig/slh_dsa/CMakeFiles/slh_dsa_c.dir/wrappers/prehash_sha2_384/slh_dsa_sha2_384_prehash_shake_128s.c.o
[2225/2405] Building C object src/sig/slh_dsa/CMakeFiles/slh_dsa_c.dir/wrappers/prehash_sha2_384/slh_dsa_sha2_384_prehash_shake_256f.c.o
[2226/2405] Building C object src/sig/slh_dsa/CMakeFiles/slh_dsa_c.dir/wrappers/prehash_sha2_384/slh_dsa_sha2_384_prehash_shake_256s.c.o
[2227/2405] Building C object src/sig/slh_dsa/CMakeFiles/slh_dsa_c.dir/wrappers/prehash_sha2_512/slh_dsa_sha2_512_prehash_sha2_128s.c.o
[2228/2405] Building C object src/sig/slh_dsa/CMakeFiles/slh_dsa_c.dir/wrappers/prehash_sha2_512/slh_dsa_sha2_512_prehash_sha2_192f.c.o
[2229/2405] Building C object src/sig/slh_dsa/CMakeFiles/slh_dsa_c.dir/wrappers/prehash_sha2_512/slh_dsa_sha2_512_prehash_sha2_128f.c.o
[2230/2405] Building C object src/sig/slh_dsa/CMakeFiles/slh_dsa_c.dir/wrappers/prehash_sha2_512/slh_dsa_sha2_512_prehash_sha2_192s.c.o
[2231/2405] Building C object src/sig/slh_dsa/CMakeFiles/slh_dsa_c.dir/wrappers/prehash_sha2_512/slh_dsa_sha2_512_prehash_sha2_256s.c.o
[2232/2405] Building C object src/sig/slh_dsa/CMakeFiles/slh_dsa_c.dir/wrappers/prehash_sha2_512/slh_dsa_sha2_512_prehash_shake_128f.c.o
[2233/2405] Building C object src/sig/slh_dsa/CMakeFiles/slh_dsa_c.dir/wrappers/prehash_sha2_512/slh_dsa_sha2_512_prehash_sha2_256f.c.o
[2234/2405] Building C object src/sig/slh_dsa/CMakeFiles/slh_dsa_c.dir/wrappers/prehash_sha2_512/slh_dsa_sha2_512_prehash_shake_192f.c.o
[2235/2405] Building C object src/sig/slh_dsa/CMakeFiles/slh_dsa_c.dir/wrappers/prehash_sha2_512/slh_dsa_sha2_512_prehash_shake_256f.c.o
[2236/2405] Building C object src/sig/slh_dsa/CMakeFiles/slh_dsa_c.dir/wrappers/prehash_sha2_512/slh_dsa_sha2_512_prehash_shake_128s.c.o
[2237/2405] Building C object src/sig/slh_dsa/CMakeFiles/slh_dsa_c.dir/wrappers/prehash_sha2_512/slh_dsa_sha2_512_prehash_shake_192s.c.o
[2238/2405] Building C object src/sig/slh_dsa/CMakeFiles/slh_dsa_c.dir/wrappers/prehash_sha2_512/slh_dsa_sha2_512_prehash_shake_256s.c.o
[2239/2405] Building C object src/sig/slh_dsa/CMakeFiles/slh_dsa_c.dir/wrappers/prehash_sha2_512_224/slh_dsa_sha2_512_224_prehash_sha2_128s.c.o
[2240/2405] Building C object src/sig/slh_dsa/CMakeFiles/slh_dsa_c.dir/wrappers/prehash_sha2_512_224/slh_dsa_sha2_512_224_prehash_sha2_128f.c.o
[2241/2405] Building C object src/sig/slh_dsa/CMakeFiles/slh_dsa_c.dir/wrappers/prehash_sha2_512_224/slh_dsa_sha2_512_224_prehash_sha2_192f.c.o
[2242/2405] Building C object src/sig/slh_dsa/CMakeFiles/slh_dsa_c.dir/wrappers/prehash_sha2_512_224/slh_dsa_sha2_512_224_prehash_sha2_256s.c.o
[2243/2405] Building C object src/sig/slh_dsa/CMakeFiles/slh_dsa_c.dir/wrappers/prehash_sha2_512_224/slh_dsa_sha2_512_224_prehash_shake_128f.c.o
[2244/2405] Building C object src/sig/slh_dsa/CMakeFiles/slh_dsa_c.dir/wrappers/prehash_sha2_512_224/slh_dsa_sha2_512_224_prehash_sha2_256f.c.o
[2245/2405] Building C object src/sig/slh_dsa/CMakeFiles/slh_dsa_c.dir/wrappers/prehash_sha2_512_224/slh_dsa_sha2_512_224_prehash_sha2_192s.c.o
[2246/2405] Building C object src/sig/slh_dsa/CMakeFiles/slh_dsa_c.dir/wrappers/prehash_sha2_512_224/slh_dsa_sha2_512_224_prehash_shake_128s.c.o
[2247/2405] Building C object src/sig/slh_dsa/CMakeFiles/slh_dsa_c.dir/wrappers/prehash_sha2_512_224/slh_dsa_sha2_512_224_prehash_shake_192f.c.o
[2248/2405] Building C object src/sig/slh_dsa/CMakeFiles/slh_dsa_c.dir/wrappers/prehash_sha2_512_224/slh_dsa_sha2_512_224_prehash_shake_256f.c.o
[2249/2405] Building C object src/sig/slh_dsa/CMakeFiles/slh_dsa_c.dir/wrappers/prehash_sha2_512_256/slh_dsa_sha2_512_256_prehash_sha2_128f.c.o
[2250/2405] Building C object src/sig/slh_dsa/CMakeFiles/slh_dsa_c.dir/wrappers/prehash_sha2_512_224/slh_dsa_sha2_512_224_prehash_shake_192s.c.o
[2251/2405] Building C object src/sig/slh_dsa/CMakeFiles/slh_dsa_c.dir/wrappers/prehash_sha2_512_224/slh_dsa_sha2_512_224_prehash_shake_256s.c.o
[2252/2405] Building C object src/sig/slh_dsa/CMakeFiles/slh_dsa_c.dir/wrappers/prehash_sha2_512_256/slh_dsa_sha2_512_256_prehash_sha2_128s.c.o
[2253/2405] Building C object src/sig/slh_dsa/CMakeFiles/slh_dsa_c.dir/wrappers/prehash_sha2_512_256/slh_dsa_sha2_512_256_prehash_sha2_192s.c.o
[2254/2405] Building C object src/sig/slh_dsa/CMakeFiles/slh_dsa_c.dir/wrappers/prehash_sha2_512_256/slh_dsa_sha2_512_256_prehash_sha2_256f.c.o
[2255/2405] Building C object src/sig/slh_dsa/CMakeFiles/slh_dsa_c.dir/wrappers/prehash_sha2_512_256/slh_dsa_sha2_512_256_prehash_sha2_192f.c.o
[2256/2405] Building C object src/sig/slh_dsa/CMakeFiles/slh_dsa_c.dir/wrappers/prehash_sha2_512_256/slh_dsa_sha2_512_256_prehash_sha2_256s.c.o
[2257/2405] Building C object src/sig/slh_dsa/CMakeFiles/slh_dsa_c.dir/wrappers/prehash_sha2_512_256/slh_dsa_sha2_512_256_prehash_shake_128f.c.o
[2258/2405] Building C object src/sig/slh_dsa/CMakeFiles/slh_dsa_c.dir/wrappers/prehash_sha2_512_256/slh_dsa_sha2_512_256_prehash_shake_128s.c.o
[2259/2405] Building C object src/sig/slh_dsa/CMakeFiles/slh_dsa_c.dir/wrappers/prehash_sha2_512_256/slh_dsa_sha2_512_256_prehash_shake_192f.c.o
[2260/2405] Building C object src/sig/slh_dsa/CMakeFiles/slh_dsa_c.dir/wrappers/prehash_sha2_512_256/slh_dsa_sha2_512_256_prehash_shake_192s.c.o
[2261/2405] Building C object src/sig/slh_dsa/CMakeFiles/slh_dsa_c.dir/wrappers/prehash_sha2_512_256/slh_dsa_sha2_512_256_prehash_shake_256f.c.o
[2262/2405] Building C object src/sig/slh_dsa/CMakeFiles/slh_dsa_c.dir/wrappers/prehash_sha3_224/slh_dsa_sha3_224_prehash_sha2_128f.c.o
[2263/2405] Building C object src/sig/slh_dsa/CMakeFiles/slh_dsa_c.dir/wrappers/prehash_sha2_512_256/slh_dsa_sha2_512_256_prehash_shake_256s.c.o
[2264/2405] Building C object src/sig/slh_dsa/CMakeFiles/slh_dsa_c.dir/wrappers/prehash_sha3_224/slh_dsa_sha3_224_prehash_sha2_192f.c.o
[2265/2405] Building C object src/sig/slh_dsa/CMakeFiles/slh_dsa_c.dir/wrappers/prehash_sha3_224/slh_dsa_sha3_224_prehash_sha2_128s.c.o
[2266/2405] Building C object src/sig/snova/CMakeFiles/snova_SNOVA_24_5_5_avx2.dir/snova_SNOVA_24_5_5_avx2/snova.c.o
[2267/2405] Building C object src/sig/slh_dsa/CMakeFiles/slh_dsa_c.dir/wrappers/prehash_sha3_224/slh_dsa_sha3_224_prehash_sha2_256f.c.o
[2268/2405] Building C object src/sig/slh_dsa/CMakeFiles/slh_dsa_c.dir/wrappers/prehash_sha3_224/slh_dsa_sha3_224_prehash_sha2_192s.c.o
[2269/2405] Building C object src/sig/slh_dsa/CMakeFiles/slh_dsa_c.dir/wrappers/prehash_sha3_224/slh_dsa_sha3_224_prehash_shake_128s.c.o
[2270/2405] Building C object src/sig/slh_dsa/CMakeFiles/slh_dsa_c.dir/wrappers/prehash_sha3_224/slh_dsa_sha3_224_prehash_shake_128f.c.o
[2271/2405] Building C object src/sig/snova/CMakeFiles/snova_SNOVA_37_8_4_opt.dir/snova_SNOVA_37_8_4_opt/snova.c.o
[2272/2405] Building C object src/sig/slh_dsa/CMakeFiles/slh_dsa_c.dir/wrappers/prehash_sha3_224/slh_dsa_sha3_224_prehash_sha2_256s.c.o
[2273/2405] Building C object src/sig/slh_dsa/CMakeFiles/slh_dsa_c.dir/wrappers/prehash_sha3_224/slh_dsa_sha3_224_prehash_shake_192f.c.o
[2274/2405] Building C object src/sig/slh_dsa/CMakeFiles/slh_dsa_c.dir/wrappers/prehash_sha3_224/slh_dsa_sha3_224_prehash_shake_192s.c.o
[2275/2405] Building C object src/sig/slh_dsa/CMakeFiles/slh_dsa_c.dir/wrappers/prehash_sha3_224/slh_dsa_sha3_224_prehash_shake_256f.c.o
[2276/2405] Building C object src/sig/slh_dsa/CMakeFiles/slh_dsa_c.dir/wrappers/prehash_sha3_224/slh_dsa_sha3_224_prehash_shake_256s.c.o
[2277/2405] Building C object src/sig/slh_dsa/CMakeFiles/slh_dsa_c.dir/wrappers/prehash_sha3_256/slh_dsa_sha3_256_prehash_sha2_128s.c.o
[2278/2405] Building C object src/sig/slh_dsa/CMakeFiles/slh_dsa_c.dir/wrappers/prehash_sha3_256/slh_dsa_sha3_256_prehash_sha2_128f.c.o
[2279/2405] Building C object src/sig/slh_dsa/CMakeFiles/slh_dsa_c.dir/wrappers/prehash_sha3_256/slh_dsa_sha3_256_prehash_sha2_192f.c.o
[2280/2405] Building C object src/sig/slh_dsa/CMakeFiles/slh_dsa_c.dir/wrappers/prehash_sha3_256/slh_dsa_sha3_256_prehash_sha2_192s.c.o
[2281/2405] Building C object src/sig/slh_dsa/CMakeFiles/slh_dsa_c.dir/wrappers/prehash_sha3_256/slh_dsa_sha3_256_prehash_sha2_256f.c.o
[2282/2405] Building C object src/sig/slh_dsa/CMakeFiles/slh_dsa_c.dir/wrappers/prehash_sha3_256/slh_dsa_sha3_256_prehash_shake_128s.c.o
[2283/2405] Building C object src/sig/slh_dsa/CMakeFiles/slh_dsa_c.dir/wrappers/prehash_sha3_256/slh_dsa_sha3_256_prehash_sha2_256s.c.o
[2284/2405] Building C object src/sig/slh_dsa/CMakeFiles/slh_dsa_c.dir/wrappers/prehash_sha3_256/slh_dsa_sha3_256_prehash_shake_128f.c.o
[2285/2405] Building C object src/sig/slh_dsa/CMakeFiles/slh_dsa_c.dir/wrappers/prehash_sha3_256/slh_dsa_sha3_256_prehash_shake_192s.c.o
[2286/2405] Building C object src/sig/slh_dsa/CMakeFiles/slh_dsa_c.dir/wrappers/prehash_sha3_256/slh_dsa_sha3_256_prehash_shake_192f.c.o
[2287/2405] Building C object src/sig/slh_dsa/CMakeFiles/slh_dsa_c.dir/wrappers/prehash_sha3_256/slh_dsa_sha3_256_prehash_shake_256s.c.o
[2288/2405] Building C object src/sig/slh_dsa/CMakeFiles/slh_dsa_c.dir/wrappers/prehash_sha3_384/slh_dsa_sha3_384_prehash_sha2_128s.c.o
[2289/2405] Building C object src/sig/slh_dsa/CMakeFiles/slh_dsa_c.dir/wrappers/prehash_sha3_256/slh_dsa_sha3_256_prehash_shake_256f.c.o
[2290/2405] Building C object src/sig/slh_dsa/CMakeFiles/slh_dsa_c.dir/wrappers/prehash_sha3_384/slh_dsa_sha3_384_prehash_sha2_128f.c.o
[2291/2405] Building C object src/sig/slh_dsa/CMakeFiles/slh_dsa_c.dir/wrappers/prehash_sha3_384/slh_dsa_sha3_384_prehash_sha2_192s.c.o
[2292/2405] Building C object src/sig/slh_dsa/CMakeFiles/slh_dsa_c.dir/wrappers/prehash_sha3_384/slh_dsa_sha3_384_prehash_sha2_192f.c.o
[2293/2405] Building C object src/sig/slh_dsa/CMakeFiles/slh_dsa_c.dir/wrappers/prehash_sha3_384/slh_dsa_sha3_384_prehash_sha2_256f.c.o
[2294/2405] Building C object src/sig/slh_dsa/CMakeFiles/slh_dsa_c.dir/wrappers/prehash_sha3_384/slh_dsa_sha3_384_prehash_shake_128f.c.o
[2295/2405] Building C object src/sig/slh_dsa/CMakeFiles/slh_dsa_c.dir/wrappers/prehash_sha3_384/slh_dsa_sha3_384_prehash_shake_192f.c.o
[2296/2405] Building C object src/sig/slh_dsa/CMakeFiles/slh_dsa_c.dir/wrappers/prehash_sha3_384/slh_dsa_sha3_384_prehash_shake_128s.c.o
[2297/2405] Building C object src/sig/slh_dsa/CMakeFiles/slh_dsa_c.dir/wrappers/prehash_sha3_384/slh_dsa_sha3_384_prehash_sha2_256s.c.o
[2298/2405] Building C object src/sig/slh_dsa/CMakeFiles/slh_dsa_c.dir/wrappers/prehash_sha3_384/slh_dsa_sha3_384_prehash_shake_256s.c.o
[2299/2405] Building C object src/sig/slh_dsa/CMakeFiles/slh_dsa_c.dir/wrappers/prehash_sha3_384/slh_dsa_sha3_384_prehash_shake_256f.c.o
[2300/2405] Building C object src/sig/slh_dsa/CMakeFiles/slh_dsa_c.dir/wrappers/prehash_sha3_384/slh_dsa_sha3_384_prehash_shake_192s.c.o
[2301/2405] Building C object src/sig/slh_dsa/CMakeFiles/slh_dsa_c.dir/wrappers/prehash_sha3_512/slh_dsa_sha3_512_prehash_sha2_192f.c.o
[2302/2405] Building C object src/sig/slh_dsa/CMakeFiles/slh_dsa_c.dir/wrappers/prehash_sha3_512/slh_dsa_sha3_512_prehash_sha2_128s.c.o
[2303/2405] Building C object src/sig/slh_dsa/CMakeFiles/slh_dsa_c.dir/wrappers/prehash_sha3_512/slh_dsa_sha3_512_prehash_sha2_128f.c.o
[2304/2405] Building C object src/sig/slh_dsa/CMakeFiles/slh_dsa_c.dir/wrappers/prehash_sha3_512/slh_dsa_sha3_512_prehash_sha2_192s.c.o
[2305/2405] Building C object src/sig/slh_dsa/CMakeFiles/slh_dsa_c.dir/wrappers/prehash_sha3_512/slh_dsa_sha3_512_prehash_sha2_256f.c.o
[2306/2405] Building C object src/sig/slh_dsa/CMakeFiles/slh_dsa_c.dir/wrappers/prehash_sha3_512/slh_dsa_sha3_512_prehash_sha2_256s.c.o
[2307/2405] Building C object src/sig/slh_dsa/CMakeFiles/slh_dsa_c.dir/wrappers/prehash_sha3_512/slh_dsa_sha3_512_prehash_shake_128s.c.o
[2308/2405] Building C object src/sig/slh_dsa/CMakeFiles/slh_dsa_c.dir/wrappers/prehash_sha3_512/slh_dsa_sha3_512_prehash_shake_128f.c.o
[2309/2405] Building C object src/sig/slh_dsa/CMakeFiles/slh_dsa_c.dir/wrappers/prehash_sha3_512/slh_dsa_sha3_512_prehash_shake_192s.c.o
[2310/2405] Building C object src/sig/slh_dsa/CMakeFiles/slh_dsa_c.dir/wrappers/prehash_sha3_512/slh_dsa_sha3_512_prehash_shake_256s.c.o
[2311/2405] Building C object src/sig/slh_dsa/CMakeFiles/slh_dsa_c.dir/wrappers/prehash_shake_128/slh_dsa_shake_128_prehash_sha2_128f.c.o
[2312/2405] Building C object src/sig/slh_dsa/CMakeFiles/slh_dsa_c.dir/wrappers/prehash_sha3_512/slh_dsa_sha3_512_prehash_shake_192f.c.o
[2313/2405] Building C object src/sig/slh_dsa/CMakeFiles/slh_dsa_c.dir/wrappers/prehash_sha3_512/slh_dsa_sha3_512_prehash_shake_256f.c.o
[2314/2405] Building C object src/sig/slh_dsa/CMakeFiles/slh_dsa_c.dir/wrappers/prehash_shake_128/slh_dsa_shake_128_prehash_sha2_192f.c.o
[2315/2405] Building C object src/sig/slh_dsa/CMakeFiles/slh_dsa_c.dir/wrappers/prehash_shake_128/slh_dsa_shake_128_prehash_sha2_128s.c.o
[2316/2405] Building C object src/sig/slh_dsa/CMakeFiles/slh_dsa_c.dir/wrappers/prehash_shake_128/slh_dsa_shake_128_prehash_sha2_256s.c.o
[2317/2405] Building C object src/sig/slh_dsa/CMakeFiles/slh_dsa_c.dir/wrappers/prehash_shake_128/slh_dsa_shake_128_prehash_sha2_192s.c.o
[2318/2405] Building C object src/sig/slh_dsa/CMakeFiles/slh_dsa_c.dir/wrappers/prehash_shake_128/slh_dsa_shake_128_prehash_shake_192f.c.o
[2319/2405] Building C object src/sig/slh_dsa/CMakeFiles/slh_dsa_c.dir/wrappers/prehash_shake_128/slh_dsa_shake_128_prehash_sha2_256f.c.o
[2320/2405] Building C object src/sig/slh_dsa/CMakeFiles/slh_dsa_c.dir/wrappers/prehash_shake_128/slh_dsa_shake_128_prehash_shake_128f.c.o
[2321/2405] Building C object src/sig/slh_dsa/CMakeFiles/slh_dsa_c.dir/wrappers/prehash_shake_128/slh_dsa_shake_128_prehash_shake_128s.c.o
[2322/2405] Building C object src/sig/snova/CMakeFiles/snova_SNOVA_60_10_4_opt.dir/snova_SNOVA_60_10_4_opt/snova.c.o
[2323/2405] Building C object src/sig/slh_dsa/CMakeFiles/slh_dsa_c.dir/wrappers/prehash_shake_128/slh_dsa_shake_128_prehash_shake_192s.c.o
[2324/2405] Building C object src/sig/slh_dsa/CMakeFiles/slh_dsa_c.dir/wrappers/prehash_shake_128/slh_dsa_shake_128_prehash_shake_256f.c.o
[2325/2405] Building C object src/sig/slh_dsa/CMakeFiles/slh_dsa_c.dir/wrappers/prehash_shake_128/slh_dsa_shake_128_prehash_shake_256s.c.o
[2326/2405] Building C object src/sig/slh_dsa/CMakeFiles/slh_dsa_c.dir/wrappers/prehash_shake_256/slh_dsa_shake_256_prehash_sha2_192f.c.o
[2327/2405] Building C object src/sig/slh_dsa/CMakeFiles/slh_dsa_c.dir/wrappers/prehash_shake_256/slh_dsa_shake_256_prehash_sha2_128s.c.o
[2328/2405] Building C object src/sig/slh_dsa/CMakeFiles/slh_dsa_c.dir/wrappers/prehash_shake_256/slh_dsa_shake_256_prehash_sha2_128f.c.o
[2329/2405] Building C object src/sig/slh_dsa/CMakeFiles/slh_dsa_c.dir/wrappers/prehash_shake_256/slh_dsa_shake_256_prehash_sha2_256f.c.o
[2330/2405] Building C object src/sig/slh_dsa/CMakeFiles/slh_dsa_c.dir/wrappers/prehash_shake_256/slh_dsa_shake_256_prehash_sha2_192s.c.o
[2331/2405] Building C object src/sig/slh_dsa/CMakeFiles/slh_dsa_c.dir/wrappers/prehash_shake_256/slh_dsa_shake_256_prehash_sha2_256s.c.o
[2332/2405] Building C object src/sig/slh_dsa/CMakeFiles/slh_dsa_c.dir/wrappers/prehash_shake_256/slh_dsa_shake_256_prehash_shake_128f.c.o
[2333/2405] Building C object src/sig/slh_dsa/CMakeFiles/slh_dsa_c.dir/wrappers/prehash_shake_256/slh_dsa_shake_256_prehash_shake_192s.c.o
[2334/2405] Building C object src/sig/slh_dsa/CMakeFiles/slh_dsa_c.dir/wrappers/prehash_shake_256/slh_dsa_shake_256_prehash_shake_192f.c.o
[2335/2405] Building C object src/sig/slh_dsa/CMakeFiles/slh_dsa_c.dir/wrappers/prehash_shake_256/slh_dsa_shake_256_prehash_shake_128s.c.o
[2336/2405] Building C object src/sig/slh_dsa/CMakeFiles/slh_dsa_c.dir/wrappers/prehash_shake_256/slh_dsa_shake_256_prehash_shake_256s.c.o
[2337/2405] Building C object src/sig/slh_dsa/CMakeFiles/slh_dsa_c.dir/wrappers/pure/slh_dsa_pure_sha2_128s.c.o
[2338/2405] Building C object src/sig/slh_dsa/CMakeFiles/slh_dsa_c.dir/wrappers/prehash_shake_256/slh_dsa_shake_256_prehash_shake_256f.c.o
[2339/2405] Building C object src/sig/slh_dsa/CMakeFiles/slh_dsa_c.dir/wrappers/pure/slh_dsa_pure_sha2_192f.c.o
[2340/2405] Building C object src/sig/slh_dsa/CMakeFiles/slh_dsa_c.dir/wrappers/pure/slh_dsa_pure_sha2_128f.c.o
[2341/2405] Building C object src/sig/slh_dsa/CMakeFiles/slh_dsa_c.dir/wrappers/pure/slh_dsa_pure_sha2_192s.c.o
[2342/2405] Building C object src/sig/slh_dsa/CMakeFiles/slh_dsa_c.dir/wrappers/pure/slh_dsa_pure_sha2_256f.c.o
[2343/2405] Building C object src/sig/slh_dsa/CMakeFiles/slh_dsa_c.dir/wrappers/pure/slh_dsa_pure_shake_128f.c.o
[2344/2405] Building C object src/sig/snova/CMakeFiles/snova_SNOVA_29_6_5_avx2.dir/snova_SNOVA_29_6_5_avx2/snova.c.o
[2345/2405] Building C object src/sig/slh_dsa/CMakeFiles/slh_dsa_c.dir/wrappers/pure/slh_dsa_pure_shake_128s.c.o
[2346/2405] Building C object src/sig/slh_dsa/CMakeFiles/slh_dsa_c.dir/wrappers/pure/slh_dsa_pure_sha2_256s.c.o
[2347/2405] Building C object src/sig/slh_dsa/CMakeFiles/slh_dsa_c.dir/wrappers/pure/slh_dsa_pure_shake_192f.c.o
[2348/2405] Building C object src/sig/slh_dsa/CMakeFiles/slh_dsa_c.dir/wrappers/pure/slh_dsa_pure_shake_256f.c.o
[2349/2405] Building C object src/sig/slh_dsa/CMakeFiles/slh_dsa_c.dir/wrappers/pure/slh_dsa_pure_shake_256s.c.o
[2350/2405] Building C object src/sig/slh_dsa/CMakeFiles/slh_dsa_c.dir/wrappers/pure/slh_dsa_pure_shake_192s.c.o
[2351/2405] Building C object tests/CMakeFiles/test_hash.dir/test_hash.c.o
[2352/2405] Building C object tests/CMakeFiles/example_kem.dir/example_kem.c.o
[2353/2405] Building C object tests/CMakeFiles/kat_kem.dir/test_helpers.c.o
[2354/2405] Building C object tests/CMakeFiles/kat_kem.dir/kat_kem.c.o
[2355/2405] Building C object tests/CMakeFiles/test_kem.dir/test_kem.c.o
[2356/2405] Building C object tests/CMakeFiles/test_kem_mem.dir/test_kem_mem.c.o
[2357/2405] Building C object tests/CMakeFiles/test_aes.dir/test_aes.c.o
[2358/2405] Building C object tests/CMakeFiles/test_kem.dir/test_helpers.c.o
[2359/2405] Building C object tests/CMakeFiles/test_sha3.dir/test_sha3.c.o
[2360/2405] Building C object tests/CMakeFiles/example_sig.dir/example_sig.c.o
[2361/2405] Building C object tests/CMakeFiles/test_kem_mem.dir/test_helpers.c.o
[2362/2405] Building C object tests/CMakeFiles/example_sig_stfl.dir/example_sig_stfl.c.o
[2363/2405] Building C object tests/CMakeFiles/kat_sig.dir/test_helpers.c.o
[2364/2405] Building C object tests/CMakeFiles/speed_kem.dir/speed_kem.c.o
[2365/2405] Building C object tests/CMakeFiles/kat_sig_stfl.dir/test_helpers.c.o
[2366/2405] Building C object tests/CMakeFiles/kat_sig_stfl.dir/kat_sig_stfl.c.o
[2367/2405] Building C object tests/CMakeFiles/test_sig.dir/test_helpers.c.o
[2368/2405] Building C object tests/CMakeFiles/test_sig.dir/test_sig.c.o
[2369/2405] Building C object tests/CMakeFiles/test_sig_mem.dir/test_sig_mem.c.o
[2370/2405] Building C object tests/CMakeFiles/speed_common.dir/speed_common.c.o
[2371/2405] Building C object tests/CMakeFiles/dump_alg_info.dir/dump_alg_info.c.o
[2372/2405] Building C object tests/CMakeFiles/speed_sig.dir/speed_sig.c.o
[2373/2405] Building C object tests/CMakeFiles/kat_sig.dir/kat_sig.c.o
[2374/2405] Building C object tests/CMakeFiles/test_sig_stfl.dir/test_helpers.c.o
[2375/2405] Building C object tests/CMakeFiles/test_sig_stfl.dir/test_sig_stfl.c.o
[2376/2405] Building C object src/sig/snova/CMakeFiles/snova_SNOVA_60_10_4_avx2.dir/snova_SNOVA_60_10_4_avx2/snova.c.o
[2377/2405] Building C object tests/CMakeFiles/speed_sig_stfl.dir/speed_sig_stfl.c.o
[2378/2405] Building C object src/sig/snova/CMakeFiles/snova_SNOVA_37_8_4_avx2.dir/snova_SNOVA_37_8_4_avx2/snova.c.o
[2379/2405] Building C object tests/CMakeFiles/vectors_kem.dir/vectors_kem.c.o
[2380/2405] Building C object tests/CMakeFiles/vectors_sig.dir/vectors_sig.c.o
[2381/2405] Building C object src/sig/snova/CMakeFiles/snova_SNOVA_24_5_5_opt.dir/snova_SNOVA_24_5_5_opt/snova.c.o
[2382/2405] Building C object src/sig/snova/CMakeFiles/snova_SNOVA_29_6_5_opt.dir/snova_SNOVA_29_6_5_opt/snova.c.o
[2383/2405] Linking C shared library lib/liboqs.so.0.15.0
[2384/2405] Creating library symlink lib/liboqs.so.9 lib/liboqs.so
[2385/2405] Linking C executable tests/example_kem
[2386/2405] Linking C executable tests/example_sig_stfl
[2387/2405] Linking C executable tests/test_kem
[2388/2405] Linking C executable tests/kat_kem
[2389/2405] Linking C executable tests/speed_kem
[2390/2405] Linking C executable tests/example_sig
[2391/2405] Linking C executable tests/test_kem_mem
[2392/2405] Linking C executable tests/speed_common
[2393/2405] Linking C executable tests/kat_sig
[2394/2405] Linking C executable tests/test_aes
[2395/2405] Linking C executable tests/test_hash
[2396/2405] Linking C executable tests/test_sha3
[2397/2405] Linking C executable tests/test_sig_stfl
[2398/2405] Linking C executable tests/kat_sig_stfl
[2399/2405] Linking C executable tests/vectors_sig
[2400/2405] Linking C executable tests/test_sig
[2401/2405] Linking C executable tests/speed_sig
[2402/2405] Linking C executable tests/speed_sig_stfl
[2403/2405] Linking C executable tests/test_sig_mem
[2404/2405] Linking C executable tests/dump_alg_info
[2405/2405] Linking C executable tests/vectors_kem
[setup] 2025-12-13T03:24:54Z RUN  ninja install
[0/1] Install the project...
-- Install configuration: "Release"
-- Installing: /root/animica/.deps/oqs-install/lib/cmake/liboqs/liboqsConfig.cmake
-- Installing: /root/animica/.deps/oqs-install/lib/cmake/liboqs/liboqsConfigVersion.cmake
-- Installing: /root/animica/.deps/oqs-install/lib/pkgconfig/liboqs.pc
-- Installing: /root/animica/.deps/oqs-install/lib/liboqs.so.0.15.0
-- Installing: /root/animica/.deps/oqs-install/lib/liboqs.so.9
-- Installing: /root/animica/.deps/oqs-install/lib/liboqs.so
-- Installing: /root/animica/.deps/oqs-install/lib/cmake/liboqs/liboqsTargets.cmake
-- Installing: /root/animica/.deps/oqs-install/lib/cmake/liboqs/liboqsTargets-release.cmake
-- Installing: /root/animica/.deps/oqs-install/include/oqs/oqs.h
-- Installing: /root/animica/.deps/oqs-install/include/oqs/aes_ops.h
-- Installing: /root/animica/.deps/oqs-install/include/oqs/common.h
-- Installing: /root/animica/.deps/oqs-install/include/oqs/rand.h
-- Installing: /root/animica/.deps/oqs-install/include/oqs/sha2_ops.h
-- Installing: /root/animica/.deps/oqs-install/include/oqs/sha3_ops.h
-- Installing: /root/animica/.deps/oqs-install/include/oqs/sha3x4_ops.h
-- Installing: /root/animica/.deps/oqs-install/include/oqs/kem.h
-- Installing: /root/animica/.deps/oqs-install/include/oqs/sig.h
-- Installing: /root/animica/.deps/oqs-install/include/oqs/sig_stfl.h
-- Installing: /root/animica/.deps/oqs-install/include/oqs/kem_bike.h
-- Installing: /root/animica/.deps/oqs-install/include/oqs/kem_frodokem.h
-- Installing: /root/animica/.deps/oqs-install/include/oqs/kem_ntruprime.h
-- Installing: /root/animica/.deps/oqs-install/include/oqs/kem_ntru.h
-- Installing: /root/animica/.deps/oqs-install/include/oqs/kem_classic_mceliece.h
-- Installing: /root/animica/.deps/oqs-install/include/oqs/kem_kyber.h
-- Installing: /root/animica/.deps/oqs-install/include/oqs/kem_ml_kem.h
-- Installing: /root/animica/.deps/oqs-install/include/oqs/sig_ml_dsa.h
-- Installing: /root/animica/.deps/oqs-install/include/oqs/sig_falcon.h
-- Installing: /root/animica/.deps/oqs-install/include/oqs/sig_sphincs.h
-- Installing: /root/animica/.deps/oqs-install/include/oqs/sig_mayo.h
-- Installing: /root/animica/.deps/oqs-install/include/oqs/sig_cross.h
-- Installing: /root/animica/.deps/oqs-install/include/oqs/sig_uov.h
-- Installing: /root/animica/.deps/oqs-install/include/oqs/sig_snova.h
-- Installing: /root/animica/.deps/oqs-install/include/oqs/sig_slh_dsa.h
-- Installing: /root/animica/.deps/oqs-install/include/oqs/oqsconfig.h
[setup] 2025-12-13T03:24:54Z Using liboqs: /root/animica/.deps/oqs-install/lib/liboqs.so (version 0.15.0)
ERROR: Could not find a version that satisfies the requirement liboqs-python==0.15.0 (from versions: 0.14.1)
ERROR: No matching distribution found for liboqs-python==0.15.0
[setup] WARN: pip install failed for: python -m pip -U --no-cache-dir liboqs-python==0.15.0 (retrying from cache if available)
Looking in links: /root/.cache/pip
ERROR: Could not find a version that satisfies the requirement liboqs-python==0.15.0 (from versions: none)
ERROR: No matching distribution found for liboqs-python==0.15.0
[setup] WARN: pip install still failed; proceeding with existing environment
[setup] WARN: pip install liboqs-python==0.15.0 failed; attempting source build
[setup] 2025-12-13T03:24:55Z RUN  git clone --depth 1 https://github.com/open-quantum-safe/liboqs-python.git /root/animica/.deps/liboqs-python
Cloning into '/root/animica/.deps/liboqs-python'...
error: pathspec 'v0.15.0' did not match any file(s) known to git
[setup] ERROR: liboqs-python tag v0.15.0 not found; set LIBOQS_VERSION to an available release
