[setup] 2025-12-12T23:22:16Z Bootstrapping dependencies
[setup] 2025-12-12T23:22:16Z apt-get update
Hit:1 https://deb.nodesource.com/node_20.x nodistro InRelease
Hit:2 https://download.docker.com/linux/ubuntu noble InRelease
Hit:3 http://archive.ubuntu.com/ubuntu noble InRelease
Hit:4 http://security.ubuntu.com/ubuntu noble-security InRelease
Hit:5 http://archive.ubuntu.com/ubuntu noble-updates InRelease
Hit:6 http://archive.ubuntu.com/ubuntu noble-backports InRelease
Reading package lists...
[setup] 2025-12-12T23:22:19Z apt-get install: ca-certificates curl git build-essential pkg-config cmake ninja-build libssl-dev python3 python3-venv python3-dev python3-pip jq
Reading package lists...
Building dependency tree...
Reading state information...
ca-certificates is already the newest version (20240203).
curl is already the newest version (8.5.0-2ubuntu10.6).
git is already the newest version (1:2.43.0-1ubuntu7.3).
build-essential is already the newest version (12.10ubuntu1).
pkg-config is already the newest version (1.8.1-2build1).
cmake is already the newest version (3.28.3-1build7).
ninja-build is already the newest version (1.11.1-2).
libssl-dev is already the newest version (3.0.13-0ubuntu3.6).
python3 is already the newest version (3.12.3-0ubuntu2.1).
python3-venv is already the newest version (3.12.3-0ubuntu2.1).
python3-dev is already the newest version (3.12.3-0ubuntu2.1).
python3-pip is already the newest version (24.0+dfsg-1ubuntu1.3).
jq is already the newest version (1.7.1-3ubuntu0.24.04.1).
0 upgraded, 0 newly installed, 0 to remove and 2 not upgraded.
[setup] 2025-12-12T23:22:21Z Create venv: /root/animica/.venv
[setup] 2025-12-12T23:22:25Z Activate venv: source /root/animica/.venv/bin/activate
Requirement already satisfied: pip in ./.venv/lib/python3.12/site-packages (24.0)
Collecting pip
  Using cached pip-25.3-py3-none-any.whl.metadata (4.7 kB)
Collecting setuptools
  Using cached setuptools-80.9.0-py3-none-any.whl.metadata (6.6 kB)
Collecting wheel
  Using cached wheel-0.45.1-py3-none-any.whl.metadata (2.3 kB)
Using cached pip-25.3-py3-none-any.whl (1.8 MB)
Using cached setuptools-80.9.0-py3-none-any.whl (1.2 MB)
Using cached wheel-0.45.1-py3-none-any.whl (72 kB)
Installing collected packages: wheel, setuptools, pip
  Attempting uninstall: pip
    Found existing installation: pip 24.0
    Uninstalling pip-24.0:
      Successfully uninstalled pip-24.0
Successfully installed pip-25.3 setuptools-80.9.0 wheel-0.45.1
[setup] 2025-12-12T23:22:29Z Install/upgrade liboqs (shared) v0.15.0
Cloning into '/root/animica/.deps/liboqs'...
Note: switching to '97f6b86b1b6d109cfd43cf276ae39c2e776aed80'.

You are in 'detached HEAD' state. You can look around, make experimental
changes and commit them, and you can discard any commits you make in this
state without impacting any branches by switching back to a branch.

If you want to create a new branch to retain commits you create, you may
do so (now or later) by using -c with the switch command. Example:

  git switch -c <new-branch-name>

Or undo this operation with:

  git switch -

Turn off this advice by setting config variable advice.detachedHead to false

Updating files:  97% (6904/7057)Updating files:  98% (6916/7057)Updating files:  99% (6987/7057)Updating files: 100% (7057/7057)Updating files: 100% (7057/7057), done.
-- The C compiler identification is GNU 13.3.0
-- The ASM compiler identification is GNU
-- Found assembler: /usr/bin/cc
-- Detecting C compiler ABI info
-- Detecting C compiler ABI info - done
-- Check for working C compiler: /usr/bin/cc - skipped
-- Detecting C compile features
-- Detecting C compile features - done
-- Performing Test CC_SUPPORTS_WA_NOEXECSTACK
-- Performing Test CC_SUPPORTS_WA_NOEXECSTACK - Success
-- Performing Test LD_SUPPORTS_WL_Z_NOEXECSTACK
-- Performing Test LD_SUPPORTS_WL_Z_NOEXECSTACK - Success
-- Performing Test CMAKE_HAVE_LIBC_PTHREAD
-- Performing Test CMAKE_HAVE_LIBC_PTHREAD - Success
-- Found Threads: TRUE  
-- Alg enablement unchanged
-- Found OpenSSL: /usr/lib/x86_64-linux-gnu/libcrypto.so (found suitable version "3.0.13", minimum required is "1.1.1")  
-- Looking for aligned_alloc
-- Looking for aligned_alloc - found
-- Looking for posix_memalign
-- Looking for posix_memalign - found
-- Looking for memalign
-- Looking for memalign - found
-- Looking for explicit_bzero
-- Looking for explicit_bzero - found
-- Looking for explicit_memset
-- Looking for explicit_memset - not found
-- Looking for memset_s
-- Looking for memset_s - not found
-- Could NOT find Doxygen (missing: DOXYGEN_EXECUTABLE) 
-- Configuring done (3.3s)
-- Generating done (1.0s)
-- Build files have been written to: /root/animica/.deps/liboqs/build
[  0%] Building C object src/common/CMakeFiles/common.dir/aes/aes_impl.c.o
[  0%] Building C object src/kem/bike/CMakeFiles/kem_bike.dir/kem_bike.c.o
[  0%] Building ASM object src/common/sha3/xkcp_low/CMakeFiles/xkcp_low_keccakp_1600_avx2.dir/KeccakP-1600/avx2/KeccakP-1600-AVX2.S.o
[  1%] Building C object src/common/sha3/xkcp_low/CMakeFiles/xkcp_low_keccakp_1600times4_serial.dir/KeccakP-1600times4/serial/KeccakP-1600-times4-on1.c.o
[  1%] Building C object src/common/sha3/xkcp_low/CMakeFiles/xkcp_low_keccakp_1600times4_avx2.dir/KeccakP-1600times4/avx2/KeccakP-1600-times4-SIMD256.c.o
[  1%] Building C object src/common/sha3/xkcp_low/CMakeFiles/xkcp_low_keccakp_1600_plain64.dir/KeccakP-1600/plain-64bits/KeccakP-1600-opt64.c.o
[  1%] Building C object src/kem/bike/CMakeFiles/bike_l3.dir/additional_r4/decode.c.o
[  1%] Building C object src/kem/bike/CMakeFiles/bike_l1.dir/additional_r4/decode.c.o
[  1%] Building C object src/sig/slh_dsa/CMakeFiles/slh_dsa_c.dir/slh_dsa_c/sha2_256.c.o
[  1%] Building ASM object src/common/sha3/avx512vl_low/CMakeFiles/sha3_avx512vl_low.dir/KeccakP-1600-AVX512VL.S.o
[  1%] Built target xkcp_low_keccakp_1600_avx2
[  1%] Building C object src/common/CMakeFiles/common.dir/aes/aes_c.c.o
[  1%] Building ASM object src/common/sha3/avx512vl_low/CMakeFiles/sha3_avx512vl_low.dir/SHA3-AVX512VL.S.o
[  1%] Building ASM object src/common/sha3/avx512vl_low/CMakeFiles/sha3_avx512vl_low.dir/KeccakP-1600-times4-AVX512VL.S.o
[  1%] Built target kem_bike
[  1%] Building C object src/common/CMakeFiles/common.dir/aes/aes128_ni.c.o
[  1%] Built target xkcp_low_keccakp_1600times4_serial
[  1%] Building ASM object src/common/sha3/avx512vl_low/CMakeFiles/sha3_avx512vl_low.dir/SHA3-times4-AVX512VL.S.o
[  1%] Building C object src/kem/bike/CMakeFiles/bike_l5.dir/additional_r4/decode.c.o
[  1%] Building C object src/common/CMakeFiles/common.dir/aes/aes256_ni.c.o
[  1%] Built target sha3_avx512vl_low
[  1%] Building C object src/kem/bike/CMakeFiles/bike_l1.dir/additional_r4/decode_portable.c.o
[  2%] Building C object src/kem/bike/CMakeFiles/bike_l3.dir/additional_r4/decode_portable.c.o
[  2%] Building C object src/kem/bike/CMakeFiles/bike_l3.dir/additional_r4/error.c.o
[  3%] Building C object src/sig/slh_dsa/CMakeFiles/slh_dsa_c.dir/slh_dsa_c/sha2_512.c.o
[  3%] Building C object src/sig/slh_dsa/CMakeFiles/slh_dsa_c.dir/slh_dsa_c/sha3_api.c.o
[  3%] Building C object src/kem/bike/CMakeFiles/bike_l5.dir/additional_r4/decode_portable.c.o
[  3%] Building C object src/kem/frodokem/CMakeFiles/frodokem.dir/kem_frodokem640aes.c.o
[  3%] Building C object src/kem/bike/CMakeFiles/bike_l3.dir/additional_r4/gf2x_inv.c.o
[  3%] Building C object src/kem/bike/CMakeFiles/bike_l1.dir/additional_r4/error.c.o
[  3%] Building C object src/kem/frodokem/CMakeFiles/frodokem_avx2.dir/external/frodo640aes_avx2.c.o
[  4%] Building C object src/kem/bike/CMakeFiles/bike_l5.dir/additional_r4/error.c.o
[  4%] Building C object src/kem/bike/CMakeFiles/bike_l1.dir/additional_r4/gf2x_inv.c.o
[  4%] Building C object src/kem/bike/CMakeFiles/bike_l3.dir/additional_r4/gf2x_ksqr_portable.c.o
[  4%] Building C object src/kem/frodokem/CMakeFiles/frodokem.dir/external/frodo640aes.c.o
[  4%] Building C object src/kem/bike/CMakeFiles/bike_l5.dir/additional_r4/gf2x_inv.c.o
[  4%] Building C object src/kem/bike/CMakeFiles/bike_l1.dir/additional_r4/gf2x_ksqr_portable.c.o
[  4%] Building C object src/sig/slh_dsa/CMakeFiles/slh_dsa_c.dir/slh_dsa_c/sha3_f1600.c.o
[  4%] Building C object src/sig/slh_dsa/CMakeFiles/slh_dsa_c.dir/slh_dsa_c/slh_dsa.c.o
[  4%] Building C object src/kem/bike/CMakeFiles/bike_l1.dir/additional_r4/gf2x_mul.c.o
[  4%] Building C object src/kem/bike/CMakeFiles/bike_l3.dir/additional_r4/gf2x_mul.c.o
[  4%] Building C object src/kem/bike/CMakeFiles/bike_l5.dir/additional_r4/gf2x_ksqr_portable.c.o
[  4%] Building C object src/common/CMakeFiles/common.dir/aes/aes.c.o
[  4%] Building C object src/kem/frodokem/CMakeFiles/frodokem_avx2.dir/external/frodo976aes_avx2.c.o
[  4%] Building C object src/kem/bike/CMakeFiles/bike_l5.dir/additional_r4/gf2x_mul.c.o
[  4%] Building C object src/common/CMakeFiles/common.dir/sha2/sha2_ossl.c.o
[  4%] Building C object src/kem/bike/CMakeFiles/bike_l3.dir/additional_r4/gf2x_mul_base_portable.c.o
[  4%] Building C object src/kem/bike/CMakeFiles/bike_l1.dir/additional_r4/gf2x_mul_base_portable.c.o
[  4%] Building C object src/kem/bike/CMakeFiles/bike_l3.dir/additional_r4/gf2x_mul_portable.c.o
[  4%] Building C object src/kem/bike/CMakeFiles/bike_l1.dir/additional_r4/gf2x_mul_portable.c.o
[  4%] Building C object src/kem/bike/CMakeFiles/bike_l5.dir/additional_r4/gf2x_mul_base_portable.c.o
[  4%] Building C object src/common/CMakeFiles/common.dir/sha2/sha2.c.o
[  4%] Building C object src/sig/slh_dsa/CMakeFiles/slh_dsa_c.dir/slh_dsa_c/slh_prehash.c.o
[  4%] Building C object src/kem/bike/CMakeFiles/bike_l5.dir/additional_r4/gf2x_mul_portable.c.o
[  4%] Building C object src/sig/slh_dsa/CMakeFiles/slh_dsa_c.dir/slh_dsa_c/slh_sha2.c.o
[  4%] Building C object src/common/CMakeFiles/common.dir/sha3/xkcp_sha3.c.o
[  4%] Building C object src/kem/frodokem/CMakeFiles/frodokem.dir/kem_frodokem640shake.c.o
[  4%] Building C object src/kem/ntruprime/CMakeFiles/ntruprime_sntrup761_clean.dir/kem_ntruprime_sntrup761.c.o
[  4%] Building C object src/kem/frodokem/CMakeFiles/frodokem.dir/external/frodo640shake.c.o
[  4%] Building C object src/kem/ntruprime/CMakeFiles/ntruprime_sntrup761_clean.dir/pqclean_sntrup761_clean/crypto_core_inv3sntrup761.c.o
[  4%] Building C object src/kem/frodokem/CMakeFiles/frodokem_avx2.dir/external/frodo1344aes_avx2.c.o
[  4%] Building C object src/common/CMakeFiles/common.dir/sha3/xkcp_sha3x4.c.o
[  4%] Building C object src/sig/slh_dsa/CMakeFiles/slh_dsa_c.dir/slh_dsa_c/slh_shake.c.o
[  4%] Building C object src/kem/ntruprime/CMakeFiles/ntruprime_sntrup761_clean.dir/pqclean_sntrup761_clean/crypto_core_invsntrup761.c.o
[  4%] Building C object src/kem/bike/CMakeFiles/bike_l1.dir/additional_r4/kem.c.o
[  4%] Building C object src/sig/slh_dsa/CMakeFiles/slh_dsa_c.dir/wrappers/prehash_sha2_224/slh_dsa_sha2_224_prehash_sha2_128f.c.o
[  4%] Building C object src/kem/bike/CMakeFiles/bike_l3.dir/additional_r4/kem.c.o
[  5%] Building C object src/common/CMakeFiles/common.dir/sha3/avx512vl_sha3.c.o
[  5%] Building C object src/kem/ntruprime/CMakeFiles/ntruprime_sntrup761_clean.dir/pqclean_sntrup761_clean/crypto_core_mult3sntrup761.c.o
[  5%] Building C object src/kem/bike/CMakeFiles/bike_l5.dir/additional_r4/kem.c.o
[  5%] Building C object src/common/CMakeFiles/common.dir/sha3/avx512vl_sha3x4.c.o
[  5%] Building C object src/kem/bike/CMakeFiles/bike_l1.dir/additional_r4/shake_prf.c.o
[  5%] Building C object src/sig/slh_dsa/CMakeFiles/slh_dsa_c.dir/wrappers/prehash_sha2_224/slh_dsa_sha2_224_prehash_sha2_128s.c.o
[  5%] Building C object src/kem/bike/CMakeFiles/bike_l3.dir/additional_r4/shake_prf.c.o
[  5%] Building C object src/kem/ntruprime/CMakeFiles/ntruprime_sntrup761_clean.dir/pqclean_sntrup761_clean/crypto_core_multsntrup761.c.o
[  5%] Building C object src/common/CMakeFiles/common.dir/sha3/sha3.c.o
[  5%] Building C object src/kem/bike/CMakeFiles/bike_l1.dir/additional_r4/sampling.c.o
[  5%] Building C object src/kem/bike/CMakeFiles/bike_l3.dir/additional_r4/sampling.c.o
[  5%] Building C object src/sig/slh_dsa/CMakeFiles/slh_dsa_c.dir/wrappers/prehash_sha2_224/slh_dsa_sha2_224_prehash_sha2_192f.c.o
[  5%] Building C object src/kem/bike/CMakeFiles/bike_l5.dir/additional_r4/shake_prf.c.o
[  5%] Building C object src/kem/ntruprime/CMakeFiles/ntruprime_sntrup761_clean.dir/pqclean_sntrup761_clean/crypto_core_scale3sntrup761.c.o
[  5%] Building C object src/kem/frodokem/CMakeFiles/frodokem.dir/kem_frodokem976aes.c.o
[  5%] Building C object src/kem/ntruprime/CMakeFiles/ntruprime_sntrup761_clean.dir/pqclean_sntrup761_clean/crypto_core_weightsntrup761.c.o
[  5%] Building C object src/common/CMakeFiles/common.dir/sha3/sha3x4.c.o
[  5%] Building C object src/kem/bike/CMakeFiles/bike_l5.dir/additional_r4/sampling.c.o
[  5%] Building C object src/sig/slh_dsa/CMakeFiles/slh_dsa_c.dir/wrappers/prehash_sha2_224/slh_dsa_sha2_224_prehash_sha2_192s.c.o
[  5%] Building C object src/kem/bike/CMakeFiles/bike_l1.dir/additional_r4/sampling_portable.c.o
[  5%] Building C object src/kem/ntruprime/CMakeFiles/ntruprime_sntrup761_clean.dir/pqclean_sntrup761_clean/crypto_core_wforcesntrup761.c.o
[  5%] Building C object src/kem/bike/CMakeFiles/bike_l3.dir/additional_r4/sampling_portable.c.o
[  5%] Building C object src/kem/frodokem/CMakeFiles/frodokem.dir/external/frodo976aes.c.o
[  5%] Building C object src/kem/frodokem/CMakeFiles/frodokem_avx2.dir/external/frodo640shake_avx2.c.o
[  5%] Building C object src/kem/bike/CMakeFiles/bike_l1.dir/additional_r4/utilities.c.o
[  5%] Building C object src/common/CMakeFiles/common.dir/ossl_helpers.c.o
[  5%] Building C object src/kem/ntruprime/CMakeFiles/ntruprime_sntrup761_clean.dir/pqclean_sntrup761_clean/crypto_decode_761x1531.c.o
[  5%] Building C object src/kem/bike/CMakeFiles/bike_l3.dir/additional_r4/utilities.c.o
[  5%] Building C object src/sig/slh_dsa/CMakeFiles/slh_dsa_c.dir/wrappers/prehash_sha2_224/slh_dsa_sha2_224_prehash_sha2_256f.c.o
[  5%] Building C object src/kem/bike/CMakeFiles/bike_l5.dir/additional_r4/sampling_portable.c.o
[  5%] Building C object src/kem/bike/CMakeFiles/bike_l1.dir/additional_r4/decode_avx2.c.o
[  5%] Building C object src/kem/bike/CMakeFiles/bike_l3.dir/additional_r4/decode_avx2.c.o
[  5%] Building C object src/sig/slh_dsa/CMakeFiles/slh_dsa_c.dir/wrappers/prehash_sha2_224/slh_dsa_sha2_224_prehash_sha2_256s.c.o
[  5%] Building C object src/kem/bike/CMakeFiles/bike_l5.dir/additional_r4/utilities.c.o
[  5%] Building C object src/common/CMakeFiles/common.dir/common.c.o
[  5%] Building C object src/kem/ntruprime/CMakeFiles/ntruprime_sntrup761_clean.dir/pqclean_sntrup761_clean/crypto_decode_761x3.c.o
[  5%] Building C object src/kem/bike/CMakeFiles/bike_l5.dir/additional_r4/decode_avx2.c.o
[  5%] Building C object src/sig/slh_dsa/CMakeFiles/slh_dsa_c.dir/wrappers/prehash_sha2_224/slh_dsa_sha2_224_prehash_shake_128f.c.o
[  5%] Building C object src/common/CMakeFiles/common.dir/pqclean_shims/fips202.c.o
[  6%] Building C object src/kem/ntruprime/CMakeFiles/ntruprime_sntrup761_clean.dir/pqclean_sntrup761_clean/crypto_decode_761x4591.c.o
[  6%] Building C object src/sig/slh_dsa/CMakeFiles/slh_dsa_c.dir/wrappers/prehash_sha2_224/slh_dsa_sha2_224_prehash_shake_128s.c.o
[  6%] Building C object src/common/CMakeFiles/common.dir/pqclean_shims/fips202x4.c.o
[  6%] Building C object src/sig/slh_dsa/CMakeFiles/slh_dsa_c.dir/wrappers/prehash_sha2_224/slh_dsa_sha2_224_prehash_shake_192f.c.o
[  6%] Building C object src/sig/slh_dsa/CMakeFiles/slh_dsa_c.dir/wrappers/prehash_sha2_224/slh_dsa_sha2_224_prehash_shake_192s.c.o
[  6%] Building C object src/kem/frodokem/CMakeFiles/frodokem.dir/kem_frodokem976shake.c.o
[  6%] Building C object src/kem/ntruprime/CMakeFiles/ntruprime_sntrup761_clean.dir/pqclean_sntrup761_clean/crypto_decode_761xint16.c.o
[  6%] Building C object src/kem/bike/CMakeFiles/bike_l3.dir/additional_r4/gf2x_ksqr_avx2.c.o
[  6%] Building C object src/kem/frodokem/CMakeFiles/frodokem_avx2.dir/external/frodo976shake_avx2.c.o
[  6%] Building C object src/kem/ntruprime/CMakeFiles/ntruprime_sntrup761_clean.dir/pqclean_sntrup761_clean/crypto_decode_761xint32.c.o
[  6%] Building C object src/kem/bike/CMakeFiles/bike_l1.dir/additional_r4/gf2x_ksqr_avx2.c.o
[  6%] Building C object src/sig/slh_dsa/CMakeFiles/slh_dsa_c.dir/wrappers/prehash_sha2_224/slh_dsa_sha2_224_prehash_shake_256f.c.o
[  6%] Building C object src/kem/frodokem/CMakeFiles/frodokem.dir/external/frodo976shake.c.o
[  6%] Building C object src/kem/ntruprime/CMakeFiles/ntruprime_sntrup761_clean.dir/pqclean_sntrup761_clean/crypto_encode_761x1531.c.o
[  6%] Building C object src/kem/bike/CMakeFiles/bike_l5.dir/additional_r4/gf2x_ksqr_avx2.c.o
[  6%] Building C object src/sig/slh_dsa/CMakeFiles/slh_dsa_c.dir/wrappers/prehash_sha2_224/slh_dsa_sha2_224_prehash_shake_256s.c.o
[  6%] Building C object src/kem/ntruprime/CMakeFiles/ntruprime_sntrup761_clean.dir/pqclean_sntrup761_clean/crypto_encode_761x1531round.c.o
[  6%] Building C object src/kem/ntruprime/CMakeFiles/ntruprime_sntrup761_clean.dir/pqclean_sntrup761_clean/crypto_encode_761x3.c.o
[  6%] Building C object src/common/CMakeFiles/common.dir/rand/rand.c.o
[  6%] Building C object src/sig/slh_dsa/CMakeFiles/slh_dsa_c.dir/wrappers/prehash_sha2_256/slh_dsa_sha2_256_prehash_sha2_128f.c.o
[  6%] Building C object src/kem/ntruprime/CMakeFiles/ntruprime_sntrup761_clean.dir/pqclean_sntrup761_clean/crypto_encode_761x4591.c.o
[  6%] Building C object src/sig/slh_dsa/CMakeFiles/slh_dsa_c.dir/wrappers/prehash_sha2_256/slh_dsa_sha2_256_prehash_sha2_128s.c.o
[  6%] Building C object src/kem/bike/CMakeFiles/bike_l3.dir/additional_r4/gf2x_mul_avx2.c.o
[  6%] Building C object src/kem/ntruprime/CMakeFiles/ntruprime_sntrup761_clean.dir/pqclean_sntrup761_clean/crypto_encode_761xfreeze3.c.o
[  6%] Built target common
[  6%] Building C object src/kem/frodokem/CMakeFiles/frodokem_avx2.dir/external/frodo1344shake_avx2.c.o
[  6%] Building C object src/kem/ntruprime/CMakeFiles/ntruprime_sntrup761_clean.dir/pqclean_sntrup761_clean/crypto_encode_761xint16.c.o
[  6%] Building C object src/sig/slh_dsa/CMakeFiles/slh_dsa_c.dir/wrappers/prehash_sha2_256/slh_dsa_sha2_256_prehash_sha2_192f.c.o
[  6%] Building C object src/kem/ntruprime/CMakeFiles/ntruprime_sntrup761_clean.dir/pqclean_sntrup761_clean/crypto_encode_int16.c.o
[  6%] Building C object src/kem/bike/CMakeFiles/bike_l1.dir/additional_r4/gf2x_mul_avx2.c.o
[  6%] Building C object src/kem/frodokem/CMakeFiles/frodokem.dir/kem_frodokem1344aes.c.o
[  6%] Building C object src/kem/ntruprime/CMakeFiles/ntruprime_sntrup761_clean.dir/pqclean_sntrup761_clean/crypto_sort_int32.c.o
[  6%] Building C object src/kem/bike/CMakeFiles/bike_l5.dir/additional_r4/gf2x_mul_avx2.c.o
[  6%] Building C object src/kem/bike/CMakeFiles/bike_l3.dir/additional_r4/sampling_avx2.c.o
[  6%] Building C object src/sig/slh_dsa/CMakeFiles/slh_dsa_c.dir/wrappers/prehash_sha2_256/slh_dsa_sha2_256_prehash_sha2_192s.c.o
[  6%] Building C object src/kem/frodokem/CMakeFiles/frodokem.dir/external/frodo1344aes.c.o
[  6%] Building C object src/kem/ntruprime/CMakeFiles/ntruprime_sntrup761_clean.dir/pqclean_sntrup761_clean/crypto_sort_uint32.c.o
[  6%] Building C object src/sig/slh_dsa/CMakeFiles/slh_dsa_c.dir/wrappers/prehash_sha2_256/slh_dsa_sha2_256_prehash_sha2_256f.c.o
[  6%] Building C object src/kem/ntruprime/CMakeFiles/ntruprime_sntrup761_clean.dir/pqclean_sntrup761_clean/crypto_verify_1039.c.o
[  6%] Building C object src/kem/ntruprime/CMakeFiles/ntruprime_sntrup761_clean.dir/pqclean_sntrup761_clean/kem.c.o
[  7%] Building C object src/sig/slh_dsa/CMakeFiles/slh_dsa_c.dir/wrappers/prehash_sha2_256/slh_dsa_sha2_256_prehash_sha2_256s.c.o
[  7%] Building C object src/kem/ntruprime/CMakeFiles/ntruprime_sntrup761_avx2.dir/pqclean_sntrup761_avx2/crypto_core_inv3sntrup761.c.o
[  7%] Built target ntruprime_sntrup761_clean
[  7%] Building C object src/sig/slh_dsa/CMakeFiles/slh_dsa_c.dir/wrappers/prehash_sha2_256/slh_dsa_sha2_256_prehash_shake_128f.c.o
[  7%] Building C object src/kem/bike/CMakeFiles/bike_l5.dir/additional_r4/sampling_avx2.c.o
[  7%] Built target frodokem_avx2
[  8%] Building C object src/kem/frodokem/CMakeFiles/frodokem.dir/kem_frodokem1344shake.c.o
[  8%] Building C object src/kem/bike/CMakeFiles/bike_l1.dir/additional_r4/sampling_avx2.c.o
[  8%] Building C object src/sig/slh_dsa/CMakeFiles/slh_dsa_c.dir/wrappers/prehash_sha2_256/slh_dsa_sha2_256_prehash_shake_128s.c.o
[  8%] Building C object src/kem/bike/CMakeFiles/bike_l5.dir/additional_r4/decode_avx512.c.o
[  8%] Building C object src/kem/bike/CMakeFiles/bike_l3.dir/additional_r4/decode_avx512.c.o
[  8%] Building C object src/kem/bike/CMakeFiles/bike_l1.dir/additional_r4/decode_avx512.c.o
[  8%] Building C object src/sig/slh_dsa/CMakeFiles/slh_dsa_c.dir/wrappers/prehash_sha2_256/slh_dsa_sha2_256_prehash_shake_192f.c.o
[  8%] Building C object src/sig/slh_dsa/CMakeFiles/slh_dsa_c.dir/wrappers/prehash_sha2_256/slh_dsa_sha2_256_prehash_shake_192s.c.o
[  8%] Building C object src/kem/frodokem/CMakeFiles/frodokem.dir/external/frodo1344shake.c.o
[  8%] Building C object src/sig/slh_dsa/CMakeFiles/slh_dsa_c.dir/wrappers/prehash_sha2_256/slh_dsa_sha2_256_prehash_shake_256f.c.o
[  8%] Building C object src/kem/bike/CMakeFiles/bike_l3.dir/additional_r4/gf2x_ksqr_avx512.c.o
[  8%] Building C object src/sig/slh_dsa/CMakeFiles/slh_dsa_c.dir/wrappers/prehash_sha2_256/slh_dsa_sha2_256_prehash_shake_256s.c.o
[  8%] Building C object src/kem/bike/CMakeFiles/bike_l1.dir/additional_r4/gf2x_ksqr_avx512.c.o
[  8%] Building C object src/kem/bike/CMakeFiles/bike_l5.dir/additional_r4/gf2x_ksqr_avx512.c.o
[  8%] Building C object src/kem/bike/CMakeFiles/bike_l3.dir/additional_r4/gf2x_mul_avx512.c.o
[  8%] Building C object src/kem/ntru/CMakeFiles/ntru_hps2048509_clean.dir/kem_ntru_hps2048509.c.o
[  8%] Built target xkcp_low_keccakp_1600_plain64
[  8%] Building C object src/sig/slh_dsa/CMakeFiles/slh_dsa_c.dir/wrappers/prehash_sha2_384/slh_dsa_sha2_384_prehash_sha2_128f.c.o
[  8%] Building C object src/kem/bike/CMakeFiles/bike_l5.dir/additional_r4/gf2x_mul_avx512.c.o
[  8%] Building C object src/kem/ntru/CMakeFiles/ntru_hps2048509_clean.dir/pqclean_ntruhps2048509_clean/cmov.c.o
[  8%] Building C object src/sig/slh_dsa/CMakeFiles/slh_dsa_c.dir/wrappers/prehash_sha2_384/slh_dsa_sha2_384_prehash_sha2_128s.c.o
[  8%] Building C object src/kem/ntruprime/CMakeFiles/ntruprime_sntrup761_avx2.dir/pqclean_sntrup761_avx2/crypto_core_invsntrup761.c.o
[  8%] Building C object src/kem/ntru/CMakeFiles/ntru_hps2048509_clean.dir/pqclean_ntruhps2048509_clean/crypto_sort_int32.c.o
[  8%] Built target xkcp_low_keccakp_1600times4_avx2
[  8%] Building C object src/kem/bike/CMakeFiles/bike_l3.dir/additional_r4/sampling_avx512.c.o
[  8%] Building C object src/sig/slh_dsa/CMakeFiles/slh_dsa_c.dir/wrappers/prehash_sha2_384/slh_dsa_sha2_384_prehash_sha2_192f.c.o
[  8%] Building C object src/kem/ntru/CMakeFiles/ntru_hps2048509_clean.dir/pqclean_ntruhps2048509_clean/kem.c.o
[  8%] Building C object src/sig/slh_dsa/CMakeFiles/slh_dsa_c.dir/wrappers/prehash_sha2_384/slh_dsa_sha2_384_prehash_sha2_192s.c.o
[  8%] Building C object src/kem/ntru/CMakeFiles/ntru_hps2048509_clean.dir/pqclean_ntruhps2048509_clean/owcpa.c.o
[  8%] Built target frodokem
[  8%] Building C object src/kem/bike/CMakeFiles/bike_l1.dir/additional_r4/gf2x_mul_avx512.c.o
[  8%] Building C object src/kem/bike/CMakeFiles/bike_l5.dir/additional_r4/sampling_avx512.c.o
[  8%] Building C object src/kem/ntruprime/CMakeFiles/ntruprime_sntrup761_avx2.dir/pqclean_sntrup761_avx2/crypto_core_mult3sntrup761.c.o
[  8%] Building C object src/sig/slh_dsa/CMakeFiles/slh_dsa_c.dir/wrappers/prehash_sha2_384/slh_dsa_sha2_384_prehash_sha2_256f.c.o
[  8%] Building C object src/kem/bike/CMakeFiles/bike_l3.dir/additional_r4/gf2x_mul_base_pclmul.c.o
[  8%] Building C object src/kem/ntru/CMakeFiles/ntru_hps2048509_clean.dir/pqclean_ntruhps2048509_clean/pack3.c.o
[  8%] Building C object src/kem/ntruprime/CMakeFiles/ntruprime_sntrup761_avx2.dir/pqclean_sntrup761_avx2/crypto_core_multsntrup761.c.o
[  8%] Building C object src/kem/ntru/CMakeFiles/ntru_hps2048509_avx2.dir/pqclean_ntruhps2048509_avx2/cmov.c.o
[  8%] Building C object src/kem/ntru/CMakeFiles/ntru_hps2048509_clean.dir/pqclean_ntruhps2048509_clean/packq.c.o
[  8%] Building C object src/sig/slh_dsa/CMakeFiles/slh_dsa_c.dir/wrappers/prehash_sha2_384/slh_dsa_sha2_384_prehash_sha2_256s.c.o
[  8%] Building C object src/kem/ntru/CMakeFiles/ntru_hps2048509_avx2.dir/pqclean_ntruhps2048509_avx2/crypto_sort_int32.c.o
[  8%] Building C object src/kem/ntru/CMakeFiles/ntru_hps2048509_clean.dir/pqclean_ntruhps2048509_clean/poly.c.o
[  8%] Building C object src/sig/slh_dsa/CMakeFiles/slh_dsa_c.dir/wrappers/prehash_sha2_384/slh_dsa_sha2_384_prehash_shake_128f.c.o
[  8%] Building C object src/kem/ntruprime/CMakeFiles/ntruprime_sntrup761_avx2.dir/pqclean_sntrup761_avx2/crypto_core_multsntrup761_ntt.c.o
[  8%] Building C object src/kem/ntru/CMakeFiles/ntru_hps2048509_clean.dir/pqclean_ntruhps2048509_clean/poly_lift.c.o
[  8%] Building C object src/kem/ntru/CMakeFiles/ntru_hps2048677_clean.dir/kem_ntru_hps2048677.c.o
[  8%] Building C object src/kem/ntru/CMakeFiles/ntru_hps2048509_clean.dir/pqclean_ntruhps2048509_clean/poly_mod.c.o
[  8%] Building C object src/sig/slh_dsa/CMakeFiles/slh_dsa_c.dir/wrappers/prehash_sha2_384/slh_dsa_sha2_384_prehash_shake_128s.c.o
[  8%] Building C object src/kem/ntru/CMakeFiles/ntru_hps2048509_clean.dir/pqclean_ntruhps2048509_clean/poly_r2_inv.c.o
[  8%] Building C object src/kem/bike/CMakeFiles/bike_l1.dir/additional_r4/sampling_avx512.c.o
[  8%] Building C object src/kem/ntru/CMakeFiles/ntru_hps2048677_clean.dir/pqclean_ntruhps2048677_clean/cmov.c.o
[  8%] Building C object src/kem/ntru/CMakeFiles/ntru_hps2048677_clean.dir/pqclean_ntruhps2048677_clean/crypto_sort_int32.c.o
[  8%] Building C object src/kem/bike/CMakeFiles/bike_l5.dir/additional_r4/gf2x_mul_base_pclmul.c.o
[  8%] Building C object src/kem/ntru/CMakeFiles/ntru_hps2048509_clean.dir/pqclean_ntruhps2048509_clean/poly_rq_mul.c.o
[  8%] Building C object src/sig/slh_dsa/CMakeFiles/slh_dsa_c.dir/wrappers/prehash_sha2_384/slh_dsa_sha2_384_prehash_shake_192f.c.o
[  8%] Building C object src/kem/ntru/CMakeFiles/ntru_hps2048677_avx2.dir/pqclean_ntruhps2048677_avx2/cmov.c.o
[  8%] Building C object src/kem/bike/CMakeFiles/bike_l3.dir/additional_r4/gf2x_mul_base_vpclmul.c.o
[  8%] Building C object src/kem/ntru/CMakeFiles/ntru_hps2048677_clean.dir/pqclean_ntruhps2048677_clean/kem.c.o
[  8%] Built target bike_l3
[  8%] Building C object src/kem/ntru/CMakeFiles/ntru_hps2048509_avx2.dir/pqclean_ntruhps2048509_avx2/kem.c.o
[  8%] Building C object src/sig/slh_dsa/CMakeFiles/slh_dsa_c.dir/wrappers/prehash_sha2_384/slh_dsa_sha2_384_prehash_shake_192s.c.o
[  8%] Building C object src/kem/ntru/CMakeFiles/ntru_hps2048677_avx2.dir/pqclean_ntruhps2048677_avx2/crypto_sort_int32.c.o
[  8%] Building C object src/kem/bike/CMakeFiles/bike_l1.dir/additional_r4/gf2x_mul_base_pclmul.c.o
[  8%] Building C object src/kem/ntru/CMakeFiles/ntru_hps2048677_clean.dir/pqclean_ntruhps2048677_clean/owcpa.c.o
[  8%] Building C object src/sig/slh_dsa/CMakeFiles/slh_dsa_c.dir/wrappers/prehash_sha2_384/slh_dsa_sha2_384_prehash_shake_256f.c.o
[  8%] Building C object src/kem/ntru/CMakeFiles/ntru_hps2048677_clean.dir/pqclean_ntruhps2048677_clean/pack3.c.o
[  8%] Building C object src/kem/ntru/CMakeFiles/ntru_hps2048677_clean.dir/pqclean_ntruhps2048677_clean/packq.c.o
[  8%] Building C object src/kem/ntru/CMakeFiles/ntru_hps2048677_avx2.dir/pqclean_ntruhps2048677_avx2/kem.c.o
[  8%] Building C object src/sig/slh_dsa/CMakeFiles/slh_dsa_c.dir/wrappers/prehash_sha2_384/slh_dsa_sha2_384_prehash_shake_256s.c.o
[  8%] Building C object src/kem/ntru/CMakeFiles/ntru_hps2048677_clean.dir/pqclean_ntruhps2048677_clean/poly.c.o
[  8%] Building C object src/kem/ntruprime/CMakeFiles/ntruprime_sntrup761_avx2.dir/pqclean_sntrup761_avx2/crypto_core_scale3sntrup761.c.o
[  8%] Building C object src/kem/bike/CMakeFiles/bike_l5.dir/additional_r4/gf2x_mul_base_vpclmul.c.o
[  8%] Building C object src/kem/ntru/CMakeFiles/ntru_hps2048677_clean.dir/pqclean_ntruhps2048677_clean/poly_lift.c.o
[  8%] Building C object src/sig/slh_dsa/CMakeFiles/slh_dsa_c.dir/wrappers/prehash_sha2_512/slh_dsa_sha2_512_prehash_sha2_128f.c.o
[  8%] Built target bike_l5
[  8%] Building C object src/sig/slh_dsa/CMakeFiles/slh_dsa_c.dir/wrappers/prehash_sha2_512/slh_dsa_sha2_512_prehash_sha2_128s.c.o
[  8%] Building C object src/kem/ntru/CMakeFiles/ntru_hps2048677_clean.dir/pqclean_ntruhps2048677_clean/poly_mod.c.o
[  8%] Building C object src/kem/ntru/CMakeFiles/ntru_hps2048677_clean.dir/pqclean_ntruhps2048677_clean/poly_r2_inv.c.o
[  8%] Building C object src/kem/ntru/CMakeFiles/ntru_hps2048509_avx2.dir/pqclean_ntruhps2048509_avx2/owcpa.c.o
[  8%] Building C object src/kem/bike/CMakeFiles/bike_l1.dir/additional_r4/gf2x_mul_base_vpclmul.c.o
[  8%] Building C object src/sig/slh_dsa/CMakeFiles/slh_dsa_c.dir/wrappers/prehash_sha2_512/slh_dsa_sha2_512_prehash_sha2_192f.c.o
[  8%] Building C object src/sig/slh_dsa/CMakeFiles/slh_dsa_c.dir/wrappers/prehash_sha2_512/slh_dsa_sha2_512_prehash_sha2_192s.c.o
[  8%] Building C object src/kem/ntru/CMakeFiles/ntru_hps2048677_avx2.dir/pqclean_ntruhps2048677_avx2/owcpa.c.o
[  8%] Building C object src/kem/ntru/CMakeFiles/ntru_hps2048677_clean.dir/pqclean_ntruhps2048677_clean/poly_rq_mul.c.o
[  8%] Built target bike_l1
[  8%] Building C object src/sig/slh_dsa/CMakeFiles/slh_dsa_c.dir/wrappers/prehash_sha2_512/slh_dsa_sha2_512_prehash_sha2_256f.c.o
[  8%] Building C object src/kem/ntru/CMakeFiles/ntru_hps2048509_avx2.dir/pqclean_ntruhps2048509_avx2/pack3.c.o
[  8%] Building C object src/kem/ntruprime/CMakeFiles/ntruprime_sntrup761_avx2.dir/pqclean_sntrup761_avx2/crypto_core_weightsntrup761.c.o
[  9%] Building C object src/sig/slh_dsa/CMakeFiles/slh_dsa_c.dir/wrappers/prehash_sha2_512/slh_dsa_sha2_512_prehash_sha2_256s.c.o
[  9%] Building C object src/kem/ntru/CMakeFiles/ntru_hps2048677_avx2.dir/pqclean_ntruhps2048677_avx2/pack3.c.o
[  9%] Building C object src/kem/ntru/CMakeFiles/ntru_hps2048677_clean.dir/pqclean_ntruhps2048677_clean/poly_s3_inv.c.o
[  9%] Building C object src/sig/slh_dsa/CMakeFiles/slh_dsa_c.dir/wrappers/prehash_sha2_512/slh_dsa_sha2_512_prehash_shake_128f.c.o
[  9%] Building C object src/kem/ntru/CMakeFiles/ntru_hps2048509_clean.dir/pqclean_ntruhps2048509_clean/poly_s3_inv.c.o
[  9%] Building C object src/sig/slh_dsa/CMakeFiles/slh_dsa_c.dir/wrappers/prehash_sha2_512/slh_dsa_sha2_512_prehash_shake_128s.c.o
[  9%] Building C object src/kem/ntru/CMakeFiles/ntru_hps2048677_avx2.dir/pqclean_ntruhps2048677_avx2/packq.c.o
[  9%] Building C object src/kem/ntru/CMakeFiles/ntru_hps4096821_clean.dir/kem_ntru_hps4096821.c.o
[  9%] Building C object src/kem/ntru/CMakeFiles/ntru_hps2048677_avx2.dir/pqclean_ntruhps2048677_avx2/poly.c.o
[ 10%] Building C object src/kem/ntru/CMakeFiles/ntru_hps2048509_clean.dir/pqclean_ntruhps2048509_clean/sample.c.o
[ 10%] Building C object src/sig/slh_dsa/CMakeFiles/slh_dsa_c.dir/wrappers/prehash_sha2_512/slh_dsa_sha2_512_prehash_shake_192f.c.o
[ 10%] Building C object src/sig/slh_dsa/CMakeFiles/slh_dsa_c.dir/wrappers/prehash_sha2_512/slh_dsa_sha2_512_prehash_shake_192s.c.o
[ 10%] Building C object src/kem/ntru/CMakeFiles/ntru_hps2048509_avx2.dir/pqclean_ntruhps2048509_avx2/packq.c.o
[ 10%] Building C object src/kem/ntru/CMakeFiles/ntru_hps2048509_clean.dir/pqclean_ntruhps2048509_clean/sample_iid.c.o
[ 10%] Building C object src/kem/ntru/CMakeFiles/ntru_hps4096821_clean.dir/pqclean_ntruhps4096821_clean/cmov.c.o
[ 10%] Building C object src/kem/ntruprime/CMakeFiles/ntruprime_sntrup761_avx2.dir/pqclean_sntrup761_avx2/crypto_core_wforcesntrup761.c.o
[ 10%] Building C object src/kem/ntru/CMakeFiles/ntru_hps4096821_clean.dir/pqclean_ntruhps4096821_clean/crypto_sort_int32.c.o
[ 10%] Building C object src/sig/slh_dsa/CMakeFiles/slh_dsa_c.dir/wrappers/prehash_sha2_512/slh_dsa_sha2_512_prehash_shake_256f.c.o
[ 10%] Built target ntru_hps2048509_clean
[ 10%] Building C object src/kem/ntru/CMakeFiles/ntru_hps4096821_avx2.dir/pqclean_ntruhps4096821_avx2/cmov.c.o
[ 10%] Building C object src/kem/ntru/CMakeFiles/ntru_hps2048677_clean.dir/pqclean_ntruhps2048677_clean/sample.c.o
[ 10%] Building C object src/kem/ntru/CMakeFiles/ntru_hps40961229_clean.dir/kem_ntru_hps40961229.c.o
[ 10%] Building C object src/kem/ntru/CMakeFiles/ntru_hps4096821_avx2.dir/pqclean_ntruhps4096821_avx2/crypto_sort_int32.c.o
[ 10%] Building C object src/sig/slh_dsa/CMakeFiles/slh_dsa_c.dir/wrappers/prehash_sha2_512/slh_dsa_sha2_512_prehash_shake_256s.c.o
[ 10%] Building C object src/kem/ntruprime/CMakeFiles/ntruprime_sntrup761_avx2.dir/pqclean_sntrup761_avx2/crypto_decode_761x1531.c.o
[ 10%] Building C object src/kem/ntru/CMakeFiles/ntru_hps4096821_clean.dir/pqclean_ntruhps4096821_clean/kem.c.o
[ 10%] Building C object src/kem/ntru/CMakeFiles/ntru_hps40961229_clean.dir/pqclean_ntruhps40961229_clean/cmov.c.o
[ 10%] Building C object src/kem/ntru/CMakeFiles/ntru_hps40961229_clean.dir/pqclean_ntruhps40961229_clean/crypto_sort_int32.c.o
[ 10%] Building C object src/kem/ntru/CMakeFiles/ntru_hps4096821_clean.dir/pqclean_ntruhps4096821_clean/owcpa.c.o
[ 10%] Building C object src/sig/slh_dsa/CMakeFiles/slh_dsa_c.dir/wrappers/prehash_sha2_512_224/slh_dsa_sha2_512_224_prehash_sha2_128f.c.o
[ 10%] Building C object src/kem/ntru/CMakeFiles/ntru_hps4096821_clean.dir/pqclean_ntruhps4096821_clean/pack3.c.o
[ 10%] Building C object src/sig/slh_dsa/CMakeFiles/slh_dsa_c.dir/wrappers/prehash_sha2_512_224/slh_dsa_sha2_512_224_prehash_sha2_128s.c.o
[ 10%] Building C object src/kem/ntru/CMakeFiles/ntru_hps2048509_avx2.dir/pqclean_ntruhps2048509_avx2/poly.c.o
[ 11%] Building C object src/kem/ntru/CMakeFiles/ntru_hps40961229_clean.dir/pqclean_ntruhps40961229_clean/kem.c.o
[ 11%] Building C object src/kem/ntru/CMakeFiles/ntru_hps2048677_avx2.dir/pqclean_ntruhps2048677_avx2/poly_lift.c.o
[ 11%] Building C object src/kem/ntru/CMakeFiles/ntru_hps4096821_clean.dir/pqclean_ntruhps4096821_clean/packq.c.o
[ 11%] Building C object src/kem/ntru/CMakeFiles/ntru_hps40961229_clean.dir/pqclean_ntruhps40961229_clean/owcpa.c.o
[ 11%] Building C object src/kem/ntru/CMakeFiles/ntru_hps2048509_avx2.dir/pqclean_ntruhps2048509_avx2/poly_lift.c.o
[ 11%] Building C object src/kem/ntru/CMakeFiles/ntru_hps4096821_clean.dir/pqclean_ntruhps4096821_clean/poly.c.o
[ 11%] Building C object src/sig/slh_dsa/CMakeFiles/slh_dsa_c.dir/wrappers/prehash_sha2_512_224/slh_dsa_sha2_512_224_prehash_sha2_192f.c.o
[ 11%] Building C object src/kem/ntru/CMakeFiles/ntru_hps2048677_clean.dir/pqclean_ntruhps2048677_clean/sample_iid.c.o
[ 11%] Building ASM object src/kem/ntru/CMakeFiles/ntru_hps2048677_avx2.dir/pqclean_ntruhps2048677_avx2/poly_mod_3_Phi_n.s.o
[ 11%] Building C object src/kem/ntru/CMakeFiles/ntru_hps4096821_clean.dir/pqclean_ntruhps4096821_clean/poly_lift.c.o
[ 11%] Building C object src/kem/ntru/CMakeFiles/ntru_hps40961229_clean.dir/pqclean_ntruhps40961229_clean/pack3.c.o
[ 11%] Building C object src/kem/ntru/CMakeFiles/ntru_hrss701_clean.dir/kem_ntru_hrss701.c.o
[ 11%] Built target ntru_hps2048677_clean
[ 12%] Building C object src/kem/ntru/CMakeFiles/ntru_hps4096821_clean.dir/pqclean_ntruhps4096821_clean/poly_mod.c.o
[ 12%] Building C object src/kem/ntru/CMakeFiles/ntru_hps4096821_avx2.dir/pqclean_ntruhps4096821_avx2/kem.c.o
[ 12%] Building C object src/sig/slh_dsa/CMakeFiles/slh_dsa_c.dir/wrappers/prehash_sha2_512_224/slh_dsa_sha2_512_224_prehash_sha2_192s.c.o
[ 12%] Building C object src/kem/ntru/CMakeFiles/ntru_hps40961229_clean.dir/pqclean_ntruhps40961229_clean/packq.c.o
[ 13%] Building C object src/kem/ntru/CMakeFiles/ntru_hrss701_clean.dir/pqclean_ntruhrss701_clean/cmov.c.o
[ 13%] Building C object src/kem/ntru/CMakeFiles/ntru_hps4096821_clean.dir/pqclean_ntruhps4096821_clean/poly_r2_inv.c.o
[ 13%] Building C object src/kem/ntru/CMakeFiles/ntru_hps40961229_clean.dir/pqclean_ntruhps40961229_clean/poly.c.o
[ 13%] Building C object src/sig/slh_dsa/CMakeFiles/slh_dsa_c.dir/wrappers/prehash_sha2_512_224/slh_dsa_sha2_512_224_prehash_sha2_256f.c.o
[ 13%] Building C object src/kem/ntru/CMakeFiles/ntru_hrss701_clean.dir/pqclean_ntruhrss701_clean/kem.c.o
[ 13%] Building C object src/kem/ntru/CMakeFiles/ntru_hps4096821_clean.dir/pqclean_ntruhps4096821_clean/poly_rq_mul.c.o
[ 13%] Building C object src/kem/ntru/CMakeFiles/ntru_hps40961229_clean.dir/pqclean_ntruhps40961229_clean/poly_lift.c.o
[ 13%] Building C object src/kem/ntru/CMakeFiles/ntru_hrss701_clean.dir/pqclean_ntruhrss701_clean/owcpa.c.o
[ 13%] Building C object src/kem/ntruprime/CMakeFiles/ntruprime_sntrup761_avx2.dir/pqclean_sntrup761_avx2/crypto_decode_761x3.c.o
[ 13%] Building C object src/kem/ntru/CMakeFiles/ntru_hps40961229_clean.dir/pqclean_ntruhps40961229_clean/poly_mod.c.o
[ 13%] Building C object src/sig/slh_dsa/CMakeFiles/slh_dsa_c.dir/wrappers/prehash_sha2_512_224/slh_dsa_sha2_512_224_prehash_sha2_256s.c.o
[ 13%] Building ASM object src/kem/ntru/CMakeFiles/ntru_hps2048677_avx2.dir/pqclean_ntruhps2048677_avx2/poly_mod_q_Phi_n.s.o
[ 13%] Building C object src/kem/ntru/CMakeFiles/ntru_hps2048677_avx2.dir/pqclean_ntruhps2048677_avx2/poly_r2_inv.c.o
[ 13%] Building C object src/sig/slh_dsa/CMakeFiles/slh_dsa_c.dir/wrappers/prehash_sha2_512_224/slh_dsa_sha2_512_224_prehash_shake_128f.c.o
[ 13%] Building C object src/kem/ntru/CMakeFiles/ntru_hrss701_clean.dir/pqclean_ntruhrss701_clean/pack3.c.o
[ 13%] Building C object src/kem/ntru/CMakeFiles/ntru_hps40961229_clean.dir/pqclean_ntruhps40961229_clean/poly_r2_inv.c.o
[ 13%] Building C object src/kem/ntruprime/CMakeFiles/ntruprime_sntrup761_avx2.dir/pqclean_sntrup761_avx2/crypto_decode_761x4591.c.o
[ 13%] Building ASM object src/kem/ntru/CMakeFiles/ntru_hps2048509_avx2.dir/pqclean_ntruhps2048509_avx2/poly_mod_3_Phi_n.s.o
[ 13%] Building C object src/kem/ntru/CMakeFiles/ntru_hrss701_clean.dir/pqclean_ntruhrss701_clean/packq.c.o
[ 13%] Building ASM object src/kem/ntru/CMakeFiles/ntru_hps2048509_avx2.dir/pqclean_ntruhps2048509_avx2/poly_mod_q_Phi_n.s.o
[ 13%] Building C object src/kem/ntru/CMakeFiles/ntru_hps40961229_clean.dir/pqclean_ntruhps40961229_clean/poly_rq_mul.c.o
[ 13%] Building C object src/kem/ntru/CMakeFiles/ntru_hps2048509_avx2.dir/pqclean_ntruhps2048509_avx2/poly_r2_inv.c.o
[ 13%] Building C object src/sig/slh_dsa/CMakeFiles/slh_dsa_c.dir/wrappers/prehash_sha2_512_224/slh_dsa_sha2_512_224_prehash_shake_128s.c.o
[ 13%] Building C object src/kem/ntru/CMakeFiles/ntru_hrss701_clean.dir/pqclean_ntruhrss701_clean/poly.c.o
[ 13%] Building C object src/sig/slh_dsa/CMakeFiles/slh_dsa_c.dir/wrappers/prehash_sha2_512_224/slh_dsa_sha2_512_224_prehash_shake_192f.c.o
[ 13%] Building C object src/kem/ntru/CMakeFiles/ntru_hps40961229_clean.dir/pqclean_ntruhps40961229_clean/poly_s3_inv.c.o
[ 13%] Building C object src/kem/ntru/CMakeFiles/ntru_hrss701_clean.dir/pqclean_ntruhrss701_clean/poly_lift.c.o
[ 13%] Building C object src/kem/ntru/CMakeFiles/ntru_hps4096821_avx2.dir/pqclean_ntruhps4096821_avx2/owcpa.c.o
[ 13%] Building C object src/kem/ntru/CMakeFiles/ntru_hrss701_clean.dir/pqclean_ntruhrss701_clean/poly_mod.c.o
[ 13%] Building C object src/sig/slh_dsa/CMakeFiles/slh_dsa_c.dir/wrappers/prehash_sha2_512_224/slh_dsa_sha2_512_224_prehash_shake_192s.c.o
[ 13%] Building C object src/kem/ntru/CMakeFiles/ntru_hrss701_clean.dir/pqclean_ntruhrss701_clean/poly_r2_inv.c.o
[ 13%] Building ASM object src/kem/ntru/CMakeFiles/ntru_hps2048509_avx2.dir/pqclean_ntruhps2048509_avx2/poly_r2_mul.s.o
[ 13%] Building C object src/kem/ntru/CMakeFiles/ntru_hps4096821_clean.dir/pqclean_ntruhps4096821_clean/poly_s3_inv.c.o
[ 13%] Building C object src/sig/slh_dsa/CMakeFiles/slh_dsa_c.dir/wrappers/prehash_sha2_512_224/slh_dsa_sha2_512_224_prehash_shake_256f.c.o
[ 13%] Building C object src/kem/ntru/CMakeFiles/ntru_hrss701_clean.dir/pqclean_ntruhrss701_clean/poly_rq_mul.c.o
[ 13%] Building C object src/kem/ntru/CMakeFiles/ntru_hrss701_avx2.dir/pqclean_ntruhrss701_avx2/cmov.c.o
[ 13%] Building ASM object src/kem/ntru/CMakeFiles/ntru_hps2048677_avx2.dir/pqclean_ntruhps2048677_avx2/poly_r2_mul.s.o
[ 13%] Building C object src/kem/ntru/CMakeFiles/ntru_hrss701_avx2.dir/pqclean_ntruhrss701_avx2/kem.c.o
[ 13%] Building ASM object src/kem/ntru/CMakeFiles/ntru_hps2048677_avx2.dir/pqclean_ntruhps2048677_avx2/poly_rq_mul.s.o
[ 13%] Building ASM object src/kem/ntru/CMakeFiles/ntru_hps2048677_avx2.dir/pqclean_ntruhps2048677_avx2/poly_rq_to_s3.s.o
[ 13%] Building C object src/sig/slh_dsa/CMakeFiles/slh_dsa_c.dir/wrappers/prehash_sha2_512_224/slh_dsa_sha2_512_224_prehash_shake_256s.c.o
[ 13%] Building C object src/kem/ntru/CMakeFiles/ntru_hrss1373_clean.dir/kem_ntru_hrss1373.c.o
[ 14%] Building C object src/kem/ntruprime/CMakeFiles/ntruprime_sntrup761_avx2.dir/pqclean_sntrup761_avx2/crypto_decode_761xint16.c.o
[ 14%] Building C object src/kem/ntru/CMakeFiles/ntru_hps2048677_avx2.dir/pqclean_ntruhps2048677_avx2/poly_s3_inv.c.o
[ 14%] Building ASM object src/kem/ntru/CMakeFiles/ntru_hps2048509_avx2.dir/pqclean_ntruhps2048509_avx2/poly_rq_mul.s.o
[ 14%] Building C object src/kem/ntruprime/CMakeFiles/ntruprime_sntrup761_avx2.dir/pqclean_sntrup761_avx2/crypto_decode_761xint32.c.o
[ 14%] Building ASM object src/kem/ntru/CMakeFiles/ntru_hps2048509_avx2.dir/pqclean_ntruhps2048509_avx2/poly_rq_to_s3.s.o
[ 14%] Building C object src/kem/ntru/CMakeFiles/ntru_hrss1373_clean.dir/pqclean_ntruhrss1373_clean/cmov.c.o
[ 14%] Building C object src/sig/slh_dsa/CMakeFiles/slh_dsa_c.dir/wrappers/prehash_sha2_512_256/slh_dsa_sha2_512_256_prehash_sha2_128f.c.o
[ 14%] Building C object src/kem/ntru/CMakeFiles/ntru_hps2048509_avx2.dir/pqclean_ntruhps2048509_avx2/poly_s3_inv.c.o
[ 14%] Building C object src/kem/ntruprime/CMakeFiles/ntruprime_sntrup761_avx2.dir/pqclean_sntrup761_avx2/crypto_decode_int16.c.o
[ 14%] Building C object src/kem/ntru/CMakeFiles/ntru_hrss1373_clean.dir/pqclean_ntruhrss1373_clean/kem.c.o
[ 14%] Building C object src/kem/ntruprime/CMakeFiles/ntruprime_sntrup761_avx2.dir/pqclean_sntrup761_avx2/crypto_encode_761x1531.c.o
[ 14%] Building C object src/kem/ntru/CMakeFiles/ntru_hrss1373_clean.dir/pqclean_ntruhrss1373_clean/owcpa.c.o
[ 14%] Building C object src/sig/slh_dsa/CMakeFiles/slh_dsa_c.dir/wrappers/prehash_sha2_512_256/slh_dsa_sha2_512_256_prehash_sha2_128s.c.o
[ 14%] Building C object src/kem/ntru/CMakeFiles/ntru_hps4096821_avx2.dir/pqclean_ntruhps4096821_avx2/pack3.c.o
[ 14%] Building C object src/kem/ntru/CMakeFiles/ntru_hrss1373_clean.dir/pqclean_ntruhrss1373_clean/pack3.c.o
[ 14%] Building C object src/sig/slh_dsa/CMakeFiles/slh_dsa_c.dir/wrappers/prehash_sha2_512_256/slh_dsa_sha2_512_256_prehash_sha2_192f.c.o
[ 14%] Building C object src/kem/ntru/CMakeFiles/ntru_hrss1373_clean.dir/pqclean_ntruhrss1373_clean/packq.c.o
[ 14%] Building C object src/kem/ntru/CMakeFiles/ntru_hps40961229_clean.dir/pqclean_ntruhps40961229_clean/sample.c.o
[ 14%] Building C object src/kem/ntru/CMakeFiles/ntru_hrss1373_clean.dir/pqclean_ntruhrss1373_clean/poly.c.o
[ 14%] Building C object src/sig/slh_dsa/CMakeFiles/slh_dsa_c.dir/wrappers/prehash_sha2_512_256/slh_dsa_sha2_512_256_prehash_sha2_192s.c.o
[ 14%] Building C object src/kem/ntru/CMakeFiles/ntru_hrss701_avx2.dir/pqclean_ntruhrss701_avx2/owcpa.c.o
[ 14%] Building C object src/kem/ntru/CMakeFiles/ntru_hps40961229_clean.dir/pqclean_ntruhps40961229_clean/sample_iid.c.o
[ 14%] Building C object src/kem/ntru/CMakeFiles/ntru_hrss1373_clean.dir/pqclean_ntruhrss1373_clean/poly_lift.c.o
[ 14%] Building C object src/kem/ntru/CMakeFiles/ntru_hrss1373_clean.dir/pqclean_ntruhrss1373_clean/poly_mod.c.o
[ 14%] Built target ntru_hps40961229_clean
[ 14%] Building C object src/sig/slh_dsa/CMakeFiles/slh_dsa_c.dir/wrappers/prehash_sha2_512_256/slh_dsa_sha2_512_256_prehash_sha2_256f.c.o
[ 14%] Building C object src/kem/ntru/CMakeFiles/ntru_hps4096821_avx2.dir/pqclean_ntruhps4096821_avx2/packq.c.o
[ 14%] Building C object src/kem/ntru/CMakeFiles/ntru_hrss1373_clean.dir/pqclean_ntruhrss1373_clean/poly_r2_inv.c.o
[ 15%] Building C object src/sig/slh_dsa/CMakeFiles/slh_dsa_c.dir/wrappers/prehash_sha2_512_256/slh_dsa_sha2_512_256_prehash_sha2_256s.c.o
[ 15%] Building C object src/kem/ntru/CMakeFiles/ntru_hrss1373_clean.dir/pqclean_ntruhrss1373_clean/poly_rq_mul.c.o
[ 15%] Building C object src/kem/ntru/CMakeFiles/ntru_hrss701_clean.dir/pqclean_ntruhrss701_clean/poly_s3_inv.c.o
[ 15%] Building C object src/sig/slh_dsa/CMakeFiles/slh_dsa_c.dir/wrappers/prehash_sha2_512_256/slh_dsa_sha2_512_256_prehash_shake_128f.c.o
[ 15%] Building C object src/kem/ntru/CMakeFiles/ntru_hps2048677_avx2.dir/pqclean_ntruhps2048677_avx2/sample.c.o
[ 15%] Building C object src/kem/ntru/CMakeFiles/ntru_hps4096821_clean.dir/pqclean_ntruhps4096821_clean/sample.c.o
[ 15%] Building C object src/kem/ntruprime/CMakeFiles/ntruprime_sntrup761_avx2.dir/pqclean_sntrup761_avx2/crypto_encode_761x1531round.c.o
[ 15%] Building C object src/sig/slh_dsa/CMakeFiles/slh_dsa_c.dir/wrappers/prehash_sha2_512_256/slh_dsa_sha2_512_256_prehash_shake_128s.c.o
[ 15%] Building C object src/kem/ntru/CMakeFiles/ntru_hps4096821_clean.dir/pqclean_ntruhps4096821_clean/sample_iid.c.o
[ 15%] Building C object src/kem/ntru/CMakeFiles/ntru_hrss701_avx2.dir/pqclean_ntruhrss701_avx2/pack3.c.o
[ 16%] Building C object src/kem/ntru/CMakeFiles/ntru_hps2048509_avx2.dir/pqclean_ntruhps2048509_avx2/sample.c.o
[ 16%] Built target ntru_hps4096821_clean
[ 17%] Building C object src/kem/ntru/CMakeFiles/ntru_hrss701_avx2.dir/pqclean_ntruhrss701_avx2/packq.c.o
[ 17%] Building C object src/kem/ntru/CMakeFiles/ntru_hrss701_clean.dir/pqclean_ntruhrss701_clean/sample.c.o
[ 17%] Building C object src/sig/slh_dsa/CMakeFiles/slh_dsa_c.dir/wrappers/prehash_sha2_512_256/slh_dsa_sha2_512_256_prehash_shake_192f.c.o
[ 17%] Building C object src/kem/ntru/CMakeFiles/ntru_hrss701_clean.dir/pqclean_ntruhrss701_clean/sample_iid.c.o
[ 17%] Building C object src/kem/classic_mceliece/CMakeFiles/classic_mceliece_348864_clean.dir/kem_classic_mceliece_348864.c.o
[ 17%] Built target ntru_hrss701_clean
[ 17%] Building C object src/kem/ntru/CMakeFiles/ntru_hrss701_avx2.dir/pqclean_ntruhrss701_avx2/poly.c.o
[ 17%] Building C object src/sig/slh_dsa/CMakeFiles/slh_dsa_c.dir/wrappers/prehash_sha2_512_256/slh_dsa_sha2_512_256_prehash_shake_192s.c.o
[ 17%] Building C object src/kem/classic_mceliece/CMakeFiles/classic_mceliece_348864_clean.dir/pqclean_mceliece348864_clean/aes256ctr.c.o
[ 17%] Building C object src/kem/ntru/CMakeFiles/ntru_hps4096821_avx2.dir/pqclean_ntruhps4096821_avx2/poly.c.o
[ 17%] Building C object src/kem/classic_mceliece/CMakeFiles/classic_mceliece_348864_clean.dir/pqclean_mceliece348864_clean/benes.c.o
[ 17%] Building C object src/sig/slh_dsa/CMakeFiles/slh_dsa_c.dir/wrappers/prehash_sha2_512_256/slh_dsa_sha2_512_256_prehash_shake_256f.c.o
[ 17%] Building C object src/kem/ntru/CMakeFiles/ntru_hps2048677_avx2.dir/pqclean_ntruhps2048677_avx2/sample_iid.c.o
[ 17%] Building C object src/sig/slh_dsa/CMakeFiles/slh_dsa_c.dir/wrappers/prehash_sha2_512_256/slh_dsa_sha2_512_256_prehash_shake_256s.c.o
[ 17%] Building C object src/kem/classic_mceliece/CMakeFiles/classic_mceliece_348864_clean.dir/pqclean_mceliece348864_clean/bm.c.o
[ 17%] Building C object src/kem/ntruprime/CMakeFiles/ntruprime_sntrup761_avx2.dir/pqclean_sntrup761_avx2/crypto_encode_761x3.c.o
[ 17%] Building C object src/kem/ntru/CMakeFiles/ntru_hrss1373_clean.dir/pqclean_ntruhrss1373_clean/poly_s3_inv.c.o
[ 17%] Building C object src/sig/slh_dsa/CMakeFiles/slh_dsa_c.dir/wrappers/prehash_sha3_224/slh_dsa_sha3_224_prehash_sha2_128f.c.o
[ 17%] Building C object src/kem/ntru/CMakeFiles/ntru_hps2048509_avx2.dir/pqclean_ntruhps2048509_avx2/sample_iid.c.o
[ 17%] Building C object src/kem/classic_mceliece/CMakeFiles/classic_mceliece_348864_clean.dir/pqclean_mceliece348864_clean/controlbits.c.o
[ 17%] Building C object src/kem/classic_mceliece/CMakeFiles/classic_mceliece_348864_avx2.dir/pqclean_mceliece348864_avx2/aes256ctr.c.o
[ 17%] Building C object src/sig/slh_dsa/CMakeFiles/slh_dsa_c.dir/wrappers/prehash_sha3_224/slh_dsa_sha3_224_prehash_sha2_128s.c.o
[ 17%] Building ASM object src/kem/ntru/CMakeFiles/ntru_hrss701_avx2.dir/pqclean_ntruhrss701_avx2/poly_lift.s.o
[ 17%] Building C object src/kem/classic_mceliece/CMakeFiles/classic_mceliece_348864f_clean.dir/kem_classic_mceliece_348864f.c.o
[ 17%] Building C object src/kem/classic_mceliece/CMakeFiles/classic_mceliece_348864_avx2.dir/pqclean_mceliece348864_avx2/benes.c.o
[ 17%] Building ASM object src/kem/ntru/CMakeFiles/ntru_hrss701_avx2.dir/pqclean_ntruhrss701_avx2/poly_mod_3_Phi_n.s.o
[ 17%] Building ASM object src/kem/ntru/CMakeFiles/ntru_hrss701_avx2.dir/pqclean_ntruhrss701_avx2/poly_mod_q_Phi_n.s.o
[ 17%] Building C object src/kem/ntru/CMakeFiles/ntru_hrss701_avx2.dir/pqclean_ntruhrss701_avx2/poly_r2_inv.c.o
[ 17%] Building C object src/kem/ntru/CMakeFiles/ntru_hrss1373_clean.dir/pqclean_ntruhrss1373_clean/sample.c.o
[ 17%] Building C object src/sig/slh_dsa/CMakeFiles/slh_dsa_c.dir/wrappers/prehash_sha3_224/slh_dsa_sha3_224_prehash_sha2_192f.c.o
[ 17%] Building C object src/kem/classic_mceliece/CMakeFiles/classic_mceliece_348864f_clean.dir/pqclean_mceliece348864f_clean/aes256ctr.c.o
[ 17%] Building C object src/kem/ntru/CMakeFiles/ntru_hps4096821_avx2.dir/pqclean_ntruhps4096821_avx2/poly_lift.c.o
[ 17%] Building ASM object src/kem/ntru/CMakeFiles/ntru_hps2048677_avx2.dir/pqclean_ntruhps2048677_avx2/square_10_677_shufbytes.s.o
[ 17%] Building C object src/kem/ntru/CMakeFiles/ntru_hrss1373_clean.dir/pqclean_ntruhrss1373_clean/sample_iid.c.o
[ 17%] Building C object src/kem/classic_mceliece/CMakeFiles/classic_mceliece_348864f_clean.dir/pqclean_mceliece348864f_clean/benes.c.o
[ 17%] Building ASM object src/kem/ntru/CMakeFiles/ntru_hps2048677_avx2.dir/pqclean_ntruhps2048677_avx2/square_168_677_shufbytes.s.o
[ 17%] Building ASM object src/kem/ntru/CMakeFiles/ntru_hps2048677_avx2.dir/pqclean_ntruhps2048677_avx2/square_1_677_patience.s.o
[ 17%] Building C object src/sig/slh_dsa/CMakeFiles/slh_dsa_c.dir/wrappers/prehash_sha3_224/slh_dsa_sha3_224_prehash_sha2_192s.c.o
[ 17%] Built target ntru_hrss1373_clean
[ 17%] Building ASM object src/kem/ntru/CMakeFiles/ntru_hps2048677_avx2.dir/pqclean_ntruhps2048677_avx2/square_21_677_shufbytes.s.o
[ 17%] Building C object src/kem/ntruprime/CMakeFiles/ntruprime_sntrup761_avx2.dir/pqclean_sntrup761_avx2/crypto_encode_761x4591.c.o
[ 17%] Building ASM object src/kem/ntru/CMakeFiles/ntru_hps2048677_avx2.dir/pqclean_ntruhps2048677_avx2/square_2_677_patience.s.o
[ 18%] Building ASM object src/kem/ntru/CMakeFiles/ntru_hps2048677_avx2.dir/pqclean_ntruhps2048677_avx2/square_336_677_shufbytes.s.o
[ 18%] Building ASM object src/kem/ntru/CMakeFiles/ntru_hps2048509_avx2.dir/pqclean_ntruhps2048509_avx2/square_126_509_shufbytes.s.o
[ 18%] Building ASM object src/kem/ntru/CMakeFiles/ntru_hps2048677_avx2.dir/pqclean_ntruhps2048677_avx2/square_3_677_patience.s.o
[ 18%] Building C object src/sig/slh_dsa/CMakeFiles/slh_dsa_c.dir/wrappers/prehash_sha3_224/slh_dsa_sha3_224_prehash_sha2_256f.c.o
[ 18%] Building C object src/kem/classic_mceliece/CMakeFiles/classic_mceliece_348864_clean.dir/pqclean_mceliece348864_clean/crypto_int16.c.o
[ 18%] Building ASM object src/kem/ntru/CMakeFiles/ntru_hps2048677_avx2.dir/pqclean_ntruhps2048677_avx2/square_42_677_shufbytes.s.o
[ 18%] Building ASM object src/kem/ntru/CMakeFiles/ntru_hps2048677_avx2.dir/pqclean_ntruhps2048677_avx2/square_5_677_patience.s.o
[ 18%] Building ASM object src/kem/ntru/CMakeFiles/ntru_hps2048509_avx2.dir/pqclean_ntruhps2048509_avx2/square_15_509_shufbytes.s.o
[ 18%] Building C object src/kem/classic_mceliece/CMakeFiles/classic_mceliece_348864f_clean.dir/pqclean_mceliece348864f_clean/bm.c.o
[ 18%] Building ASM object src/kem/ntru/CMakeFiles/ntru_hps2048677_avx2.dir/pqclean_ntruhps2048677_avx2/square_84_677_shufbytes.s.o
[ 18%] Building C object src/kem/classic_mceliece/CMakeFiles/classic_mceliece_348864f_clean.dir/pqclean_mceliece348864f_clean/controlbits.c.o
[ 18%] Building ASM object src/kem/ntru/CMakeFiles/ntru_hps2048509_avx2.dir/pqclean_ntruhps2048509_avx2/square_1_509_patience.s.o
[ 18%] Building ASM object src/kem/ntru/CMakeFiles/ntru_hps2048677_avx2.dir/pqclean_ntruhps2048677_avx2/vec32_sample_iid.s.o
[ 18%] Building ASM object src/kem/ntru/CMakeFiles/ntru_hps2048509_avx2.dir/pqclean_ntruhps2048509_avx2/square_252_509_shufbytes.s.o
[ 18%] Building C object src/sig/slh_dsa/CMakeFiles/slh_dsa_c.dir/wrappers/prehash_sha3_224/slh_dsa_sha3_224_prehash_sha2_256s.c.o
[ 18%] Building ASM object src/kem/ntru/CMakeFiles/ntru_hps2048509_avx2.dir/pqclean_ntruhps2048509_avx2/square_30_509_shufbytes.s.o
[ 18%] Built target ntru_hps2048677_avx2
[ 18%] Building C object src/kem/classic_mceliece/CMakeFiles/classic_mceliece_348864_clean.dir/pqclean_mceliece348864_clean/crypto_int32.c.o
[ 18%] Building C object src/kem/classic_mceliece/CMakeFiles/classic_mceliece_348864_avx2.dir/pqclean_mceliece348864_avx2/bm.c.o
[ 18%] Building ASM object src/kem/ntru/CMakeFiles/ntru_hps2048509_avx2.dir/pqclean_ntruhps2048509_avx2/square_3_509_patience.s.o
[ 18%] Building C object src/kem/ntruprime/CMakeFiles/ntruprime_sntrup761_avx2.dir/pqclean_sntrup761_avx2/crypto_encode_761xfreeze3.c.o
[ 18%] Building ASM object src/kem/ntru/CMakeFiles/ntru_hps2048509_avx2.dir/pqclean_ntruhps2048509_avx2/square_63_509_shufbytes.s.o
[ 18%] Building ASM object src/kem/ntru/CMakeFiles/ntru_hps2048509_avx2.dir/pqclean_ntruhps2048509_avx2/square_6_509_patience.s.o
[ 18%] Building C object src/kem/classic_mceliece/CMakeFiles/classic_mceliece_348864_clean.dir/pqclean_mceliece348864_clean/crypto_uint16.c.o
[ 18%] Building C object src/sig/slh_dsa/CMakeFiles/slh_dsa_c.dir/wrappers/prehash_sha3_224/slh_dsa_sha3_224_prehash_shake_128f.c.o
[ 18%] Building ASM object src/kem/ntru/CMakeFiles/ntru_hps2048509_avx2.dir/pqclean_ntruhps2048509_avx2/vec32_sample_iid.s.o
[ 18%] Building ASM object src/kem/ntru/CMakeFiles/ntru_hrss701_avx2.dir/pqclean_ntruhrss701_avx2/poly_r2_mul.s.o
[ 18%] Built target ntru_hps2048509_avx2
[ 18%] Building ASM object src/kem/ntru/CMakeFiles/ntru_hps4096821_avx2.dir/pqclean_ntruhps4096821_avx2/poly_mod_3_Phi_n.s.o
[ 19%] Building ASM object src/kem/classic_mceliece/CMakeFiles/classic_mceliece_348864_avx2.dir/pqclean_mceliece348864_avx2/consts.S.o
[ 19%] Building ASM object src/kem/ntru/CMakeFiles/ntru_hps4096821_avx2.dir/pqclean_ntruhps4096821_avx2/poly_mod_q_Phi_n.s.o
[ 19%] Building C object src/kem/classic_mceliece/CMakeFiles/classic_mceliece_348864_clean.dir/pqclean_mceliece348864_clean/crypto_uint32.c.o
[ 19%] Building ASM object src/kem/ntru/CMakeFiles/ntru_hrss701_avx2.dir/pqclean_ntruhrss701_avx2/poly_rq_mul.s.o
[ 19%] Building C object src/kem/ntru/CMakeFiles/ntru_hps4096821_avx2.dir/pqclean_ntruhps4096821_avx2/poly_r2_inv.c.o
[ 19%] Building C object src/kem/classic_mceliece/CMakeFiles/classic_mceliece_348864_avx2.dir/pqclean_mceliece348864_avx2/controlbits.c.o
[ 19%] Building C object src/kem/classic_mceliece/CMakeFiles/classic_mceliece_348864f_avx2.dir/pqclean_mceliece348864f_avx2/aes256ctr.c.o
[ 19%] Building ASM object src/kem/ntru/CMakeFiles/ntru_hrss701_avx2.dir/pqclean_ntruhrss701_avx2/poly_rq_to_s3.s.o
[ 19%] Building C object src/kem/classic_mceliece/CMakeFiles/classic_mceliece_348864_clean.dir/pqclean_mceliece348864_clean/crypto_uint64.c.o
[ 19%] Building C object src/sig/slh_dsa/CMakeFiles/slh_dsa_c.dir/wrappers/prehash_sha3_224/slh_dsa_sha3_224_prehash_shake_128s.c.o
[ 19%] Building C object src/kem/classic_mceliece/CMakeFiles/classic_mceliece_460896_clean.dir/kem_classic_mceliece_460896.c.o
[ 19%] Building C object src/kem/ntru/CMakeFiles/ntru_hrss701_avx2.dir/pqclean_ntruhrss701_avx2/poly_s3_inv.c.o
[ 19%] Building C object src/kem/classic_mceliece/CMakeFiles/classic_mceliece_348864f_avx2.dir/pqclean_mceliece348864f_avx2/benes.c.o
[ 19%] Building C object src/kem/classic_mceliece/CMakeFiles/classic_mceliece_348864_clean.dir/pqclean_mceliece348864_clean/decrypt.c.o
[ 19%] Building C object src/sig/slh_dsa/CMakeFiles/slh_dsa_c.dir/wrappers/prehash_sha3_224/slh_dsa_sha3_224_prehash_shake_192f.c.o
[ 19%] Building C object src/kem/classic_mceliece/CMakeFiles/classic_mceliece_348864_avx2.dir/pqclean_mceliece348864_avx2/crypto_int16.c.o
[ 19%] Building C object src/kem/classic_mceliece/CMakeFiles/classic_mceliece_460896_clean.dir/pqclean_mceliece460896_clean/aes256ctr.c.o
[ 19%] Building C object src/kem/classic_mceliece/CMakeFiles/classic_mceliece_348864_clean.dir/pqclean_mceliece348864_clean/encrypt.c.o
[ 19%] Building C object src/kem/classic_mceliece/CMakeFiles/classic_mceliece_348864_avx2.dir/pqclean_mceliece348864_avx2/crypto_int32.c.o
[ 19%] Building C object src/kem/ntruprime/CMakeFiles/ntruprime_sntrup761_avx2.dir/pqclean_sntrup761_avx2/crypto_encode_761xint16.c.o
[ 19%] Building C object src/kem/classic_mceliece/CMakeFiles/classic_mceliece_460896_clean.dir/pqclean_mceliece460896_clean/benes.c.o
[ 19%] Building C object src/sig/slh_dsa/CMakeFiles/slh_dsa_c.dir/wrappers/prehash_sha3_224/slh_dsa_sha3_224_prehash_shake_192s.c.o
[ 19%] Building C object src/kem/classic_mceliece/CMakeFiles/classic_mceliece_348864_avx2.dir/pqclean_mceliece348864_avx2/crypto_uint16.c.o
[ 19%] Building C object src/kem/ntru/CMakeFiles/ntru_hrss701_avx2.dir/pqclean_ntruhrss701_avx2/sample.c.o
[ 19%] Building C object src/kem/classic_mceliece/CMakeFiles/classic_mceliece_348864_clean.dir/pqclean_mceliece348864_clean/gf.c.o
[ 19%] Building C object src/kem/classic_mceliece/CMakeFiles/classic_mceliece_348864f_clean.dir/pqclean_mceliece348864f_clean/crypto_int16.c.o
[ 19%] Building C object src/kem/classic_mceliece/CMakeFiles/classic_mceliece_348864_avx2.dir/pqclean_mceliece348864_avx2/crypto_uint32.c.o
[ 19%] Building C object src/sig/slh_dsa/CMakeFiles/slh_dsa_c.dir/wrappers/prehash_sha3_224/slh_dsa_sha3_224_prehash_shake_256f.c.o
[ 19%] Building C object src/kem/classic_mceliece/CMakeFiles/classic_mceliece_348864f_clean.dir/pqclean_mceliece348864f_clean/crypto_int32.c.o
[ 19%] Building C object src/kem/ntruprime/CMakeFiles/ntruprime_sntrup761_avx2.dir/pqclean_sntrup761_avx2/crypto_encode_int16.c.o
[ 19%] Building C object src/kem/classic_mceliece/CMakeFiles/classic_mceliece_348864_avx2.dir/pqclean_mceliece348864_avx2/crypto_uint64.c.o
[ 19%] Building C object src/kem/ntruprime/CMakeFiles/ntruprime_sntrup761_avx2.dir/pqclean_sntrup761_avx2/crypto_sort_int32.c.o
[ 19%] Building C object src/kem/classic_mceliece/CMakeFiles/classic_mceliece_348864f_clean.dir/pqclean_mceliece348864f_clean/crypto_uint16.c.o
[ 19%] Building C object src/kem/classic_mceliece/CMakeFiles/classic_mceliece_348864_avx2.dir/pqclean_mceliece348864_avx2/decrypt.c.o
[ 19%] Building C object src/sig/slh_dsa/CMakeFiles/slh_dsa_c.dir/wrappers/prehash_sha3_224/slh_dsa_sha3_224_prehash_shake_256s.c.o
[ 19%] Building C object src/kem/classic_mceliece/CMakeFiles/classic_mceliece_348864_clean.dir/pqclean_mceliece348864_clean/operations.c.o
[ 19%] Building C object src/kem/classic_mceliece/CMakeFiles/classic_mceliece_460896_clean.dir/pqclean_mceliece460896_clean/bm.c.o
[ 19%] Building C object src/kem/classic_mceliece/CMakeFiles/classic_mceliece_348864f_clean.dir/pqclean_mceliece348864f_clean/crypto_uint32.c.o
[ 19%] Building C object src/sig/slh_dsa/CMakeFiles/slh_dsa_c.dir/wrappers/prehash_sha3_256/slh_dsa_sha3_256_prehash_sha2_128f.c.o
[ 19%] Building C object src/kem/classic_mceliece/CMakeFiles/classic_mceliece_348864f_clean.dir/pqclean_mceliece348864f_clean/crypto_uint64.c.o
[ 19%] Building C object src/kem/classic_mceliece/CMakeFiles/classic_mceliece_460896_clean.dir/pqclean_mceliece460896_clean/controlbits.c.o
[ 19%] Building C object src/kem/classic_mceliece/CMakeFiles/classic_mceliece_348864_clean.dir/pqclean_mceliece348864_clean/pk_gen.c.o
[ 19%] Building ASM object src/kem/ntru/CMakeFiles/ntru_hps4096821_avx2.dir/pqclean_ntruhps4096821_avx2/poly_r2_mul.s.o
[ 20%] Building ASM object src/kem/ntru/CMakeFiles/ntru_hps4096821_avx2.dir/pqclean_ntruhps4096821_avx2/poly_rq_mul.s.o
[ 20%] Building C object src/kem/classic_mceliece/CMakeFiles/classic_mceliece_348864f_clean.dir/pqclean_mceliece348864f_clean/decrypt.c.o
[ 21%] Building C object src/kem/classic_mceliece/CMakeFiles/classic_mceliece_348864f_avx2.dir/pqclean_mceliece348864f_avx2/bm.c.o
[ 21%] Building C object src/sig/slh_dsa/CMakeFiles/slh_dsa_c.dir/wrappers/prehash_sha3_256/slh_dsa_sha3_256_prehash_sha2_128s.c.o
[ 21%] Building ASM object src/kem/ntru/CMakeFiles/ntru_hps4096821_avx2.dir/pqclean_ntruhps4096821_avx2/poly_rq_to_s3.s.o
[ 21%] Building C object src/kem/ntru/CMakeFiles/ntru_hps4096821_avx2.dir/pqclean_ntruhps4096821_avx2/poly_s3_inv.c.o
[ 21%] Building C object src/kem/classic_mceliece/CMakeFiles/classic_mceliece_348864f_clean.dir/pqclean_mceliece348864f_clean/encrypt.c.o
[ 21%] Building C object src/sig/slh_dsa/CMakeFiles/slh_dsa_c.dir/wrappers/prehash_sha3_256/slh_dsa_sha3_256_prehash_sha2_192f.c.o
[ 21%] Building ASM object src/kem/classic_mceliece/CMakeFiles/classic_mceliece_348864f_avx2.dir/pqclean_mceliece348864f_avx2/consts.S.o
[ 21%] Building C object src/kem/classic_mceliece/CMakeFiles/classic_mceliece_348864_clean.dir/pqclean_mceliece348864_clean/root.c.o
[ 21%] Building C object src/kem/classic_mceliece/CMakeFiles/classic_mceliece_348864f_clean.dir/pqclean_mceliece348864f_clean/gf.c.o
[ 21%] Building C object src/kem/classic_mceliece/CMakeFiles/classic_mceliece_348864f_avx2.dir/pqclean_mceliece348864f_avx2/controlbits.c.o
[ 21%] Building C object src/kem/classic_mceliece/CMakeFiles/classic_mceliece_348864_clean.dir/pqclean_mceliece348864_clean/sk_gen.c.o
[ 21%] Building C object src/kem/classic_mceliece/CMakeFiles/classic_mceliece_348864_avx2.dir/pqclean_mceliece348864_avx2/encrypt.c.o
[ 21%] Building C object src/sig/slh_dsa/CMakeFiles/slh_dsa_c.dir/wrappers/prehash_sha3_256/slh_dsa_sha3_256_prehash_sha2_192s.c.o
[ 21%] Building C object src/kem/ntru/CMakeFiles/ntru_hrss701_avx2.dir/pqclean_ntruhrss701_avx2/sample_iid.c.o
[ 21%] Building C object src/kem/classic_mceliece/CMakeFiles/classic_mceliece_348864_clean.dir/pqclean_mceliece348864_clean/synd.c.o
[ 21%] Building C object src/kem/ntru/CMakeFiles/ntru_hps4096821_avx2.dir/pqclean_ntruhps4096821_avx2/sample.c.o
[ 21%] Building C object src/kem/classic_mceliece/CMakeFiles/classic_mceliece_348864f_avx2.dir/pqclean_mceliece348864f_avx2/crypto_int16.c.o
[ 21%] Building C object src/sig/slh_dsa/CMakeFiles/slh_dsa_c.dir/wrappers/prehash_sha3_256/slh_dsa_sha3_256_prehash_sha2_256f.c.o
[ 21%] Building C object src/kem/classic_mceliece/CMakeFiles/classic_mceliece_348864f_clean.dir/pqclean_mceliece348864f_clean/operations.c.o
[ 21%] Building C object src/kem/classic_mceliece/CMakeFiles/classic_mceliece_348864_clean.dir/pqclean_mceliece348864_clean/transpose.c.o
[ 21%] Building C object src/kem/classic_mceliece/CMakeFiles/classic_mceliece_348864_avx2.dir/pqclean_mceliece348864_avx2/fft.c.o
[ 21%] Building C object src/kem/classic_mceliece/CMakeFiles/classic_mceliece_348864f_avx2.dir/pqclean_mceliece348864f_avx2/crypto_int32.c.o
[ 21%] Building C object src/kem/classic_mceliece/CMakeFiles/classic_mceliece_348864_clean.dir/pqclean_mceliece348864_clean/util.c.o
[ 21%] Building C object src/kem/classic_mceliece/CMakeFiles/classic_mceliece_460896_clean.dir/pqclean_mceliece460896_clean/crypto_int16.c.o
[ 21%] Building C object src/kem/classic_mceliece/CMakeFiles/classic_mceliece_348864f_clean.dir/pqclean_mceliece348864f_clean/pk_gen.c.o
[ 22%] Building C object src/sig/slh_dsa/CMakeFiles/slh_dsa_c.dir/wrappers/prehash_sha3_256/slh_dsa_sha3_256_prehash_sha2_256s.c.o
[ 22%] Building C object src/kem/classic_mceliece/CMakeFiles/classic_mceliece_348864f_avx2.dir/pqclean_mceliece348864f_avx2/crypto_uint16.c.o
[ 22%] Built target classic_mceliece_348864_clean
[ 22%] Building C object src/kem/classic_mceliece/CMakeFiles/classic_mceliece_460896_clean.dir/pqclean_mceliece460896_clean/crypto_int32.c.o
[ 22%] Building C object src/kem/ntruprime/CMakeFiles/ntruprime_sntrup761_avx2.dir/pqclean_sntrup761_avx2/crypto_sort_uint32.c.o
[ 22%] Building C object src/kem/classic_mceliece/CMakeFiles/classic_mceliece_348864f_avx2.dir/pqclean_mceliece348864f_avx2/crypto_uint32.c.o
[ 22%] Building C object src/sig/slh_dsa/CMakeFiles/slh_dsa_c.dir/wrappers/prehash_sha3_256/slh_dsa_sha3_256_prehash_shake_128f.c.o
[ 22%] Building C object src/kem/classic_mceliece/CMakeFiles/classic_mceliece_460896_clean.dir/pqclean_mceliece460896_clean/crypto_uint16.c.o
[ 22%] Building C object src/kem/classic_mceliece/CMakeFiles/classic_mceliece_348864f_avx2.dir/pqclean_mceliece348864f_avx2/crypto_uint64.c.o
[ 22%] Building ASM object src/kem/ntru/CMakeFiles/ntru_hrss701_avx2.dir/pqclean_ntruhrss701_avx2/square_12_701_shufbytes.s.o
[ 22%] Building C object src/kem/ntru/CMakeFiles/ntru_hps4096821_avx2.dir/pqclean_ntruhps4096821_avx2/sample_iid.c.o
[ 22%] Building C object src/kem/classic_mceliece/CMakeFiles/classic_mceliece_460896_clean.dir/pqclean_mceliece460896_clean/crypto_uint32.c.o
[ 22%] Building C object src/kem/classic_mceliece/CMakeFiles/classic_mceliece_348864f_avx2.dir/pqclean_mceliece348864f_avx2/decrypt.c.o
[ 22%] Building C object src/sig/slh_dsa/CMakeFiles/slh_dsa_c.dir/wrappers/prehash_sha3_256/slh_dsa_sha3_256_prehash_shake_128s.c.o
[ 22%] Building C object src/kem/classic_mceliece/CMakeFiles/classic_mceliece_460896_clean.dir/pqclean_mceliece460896_clean/crypto_uint64.c.o
[ 22%] Building C object src/kem/classic_mceliece/CMakeFiles/classic_mceliece_348864f_clean.dir/pqclean_mceliece348864f_clean/root.c.o
[ 22%] Building C object src/kem/classic_mceliece/CMakeFiles/classic_mceliece_460896_clean.dir/pqclean_mceliece460896_clean/decrypt.c.o
[ 22%] Building C object src/kem/classic_mceliece/CMakeFiles/classic_mceliece_348864f_clean.dir/pqclean_mceliece348864f_clean/sk_gen.c.o
[ 22%] Building C object src/sig/slh_dsa/CMakeFiles/slh_dsa_c.dir/wrappers/prehash_sha3_256/slh_dsa_sha3_256_prehash_shake_192f.c.o
[ 22%] Building ASM object src/kem/ntru/CMakeFiles/ntru_hrss701_avx2.dir/pqclean_ntruhrss701_avx2/square_15_701_shufbytes.s.o
[ 22%] Building ASM object src/kem/ntru/CMakeFiles/ntru_hrss701_avx2.dir/pqclean_ntruhrss701_avx2/square_168_701_shufbytes.s.o
[ 22%] Building C object src/kem/classic_mceliece/CMakeFiles/classic_mceliece_348864f_clean.dir/pqclean_mceliece348864f_clean/synd.c.o
[ 22%] Building C object src/kem/classic_mceliece/CMakeFiles/classic_mceliece_460896_clean.dir/pqclean_mceliece460896_clean/encrypt.c.o
[ 22%] Building ASM object src/kem/ntru/CMakeFiles/ntru_hrss701_avx2.dir/pqclean_ntruhrss701_avx2/square_1_701_patience.s.o
[ 22%] Building C object src/kem/classic_mceliece/CMakeFiles/classic_mceliece_460896_clean.dir/pqclean_mceliece460896_clean/gf.c.o
[ 22%] Building ASM object src/kem/ntru/CMakeFiles/ntru_hrss701_avx2.dir/pqclean_ntruhrss701_avx2/square_27_701_shufbytes.s.o
[ 22%] Building C object src/sig/slh_dsa/CMakeFiles/slh_dsa_c.dir/wrappers/prehash_sha3_256/slh_dsa_sha3_256_prehash_shake_192s.c.o
[ 22%] Building ASM object src/kem/ntru/CMakeFiles/ntru_hrss701_avx2.dir/pqclean_ntruhrss701_avx2/square_336_701_shufbytes.s.o
[ 22%] Building C object src/kem/classic_mceliece/CMakeFiles/classic_mceliece_348864f_clean.dir/pqclean_mceliece348864f_clean/transpose.c.o
[ 22%] Building C object src/kem/ntruprime/CMakeFiles/ntruprime_sntrup761_avx2.dir/pqclean_sntrup761_avx2/crypto_verify_1039.c.o
[ 22%] Building ASM object src/kem/ntru/CMakeFiles/ntru_hrss701_avx2.dir/pqclean_ntruhrss701_avx2/square_3_701_patience.s.o
[ 22%] Building ASM object src/kem/ntru/CMakeFiles/ntru_hrss701_avx2.dir/pqclean_ntruhrss701_avx2/square_42_701_shufbytes.s.o
[ 22%] Building ASM object src/kem/ntru/CMakeFiles/ntru_hrss701_avx2.dir/pqclean_ntruhrss701_avx2/square_6_701_patience.s.o
[ 22%] Building C object src/kem/classic_mceliece/CMakeFiles/classic_mceliece_348864_avx2.dir/pqclean_mceliece348864_avx2/fft_tr.c.o
[ 22%] Building C object src/kem/classic_mceliece/CMakeFiles/classic_mceliece_348864f_clean.dir/pqclean_mceliece348864f_clean/util.c.o
[ 22%] Building ASM object src/kem/ntru/CMakeFiles/ntru_hrss701_avx2.dir/pqclean_ntruhrss701_avx2/square_84_701_shufbytes.s.o
[ 22%] Building ASM object src/kem/ntru/CMakeFiles/ntru_hrss701_avx2.dir/pqclean_ntruhrss701_avx2/vec32_sample_iid.s.o
[ 22%] Building C object src/kem/classic_mceliece/CMakeFiles/classic_mceliece_460896_clean.dir/pqclean_mceliece460896_clean/operations.c.o
[ 22%] Building C object src/sig/slh_dsa/CMakeFiles/slh_dsa_c.dir/wrappers/prehash_sha3_256/slh_dsa_sha3_256_prehash_shake_256f.c.o
[ 22%] Built target ntru_hrss701_avx2
[ 22%] Building C object src/kem/classic_mceliece/CMakeFiles/classic_mceliece_348864f_avx2.dir/pqclean_mceliece348864f_avx2/encrypt.c.o
[ 22%] Built target classic_mceliece_348864f_clean
[ 22%] Building C object src/kem/classic_mceliece/CMakeFiles/classic_mceliece_348864_avx2.dir/pqclean_mceliece348864_avx2/gf.c.o
[ 22%] Building ASM object src/kem/ntru/CMakeFiles/ntru_hps4096821_avx2.dir/pqclean_ntruhps4096821_avx2/square_102_821_shufbytes.s.o
[ 22%] Building C object src/kem/ntruprime/CMakeFiles/ntruprime_sntrup761_avx2.dir/pqclean_sntrup761_avx2/kem.c.o
[ 22%] Building C object src/kem/classic_mceliece/CMakeFiles/classic_mceliece_460896_avx2.dir/pqclean_mceliece460896_avx2/aes256ctr.c.o
[ 22%] Building ASM object src/kem/ntru/CMakeFiles/ntru_hps4096821_avx2.dir/pqclean_ntruhps4096821_avx2/square_12_821_shufbytes.s.o
[ 22%] Building C object src/kem/classic_mceliece/CMakeFiles/classic_mceliece_348864_avx2.dir/pqclean_mceliece348864_avx2/operations.c.o
[ 22%] Building C object src/sig/slh_dsa/CMakeFiles/slh_dsa_c.dir/wrappers/prehash_sha3_256/slh_dsa_sha3_256_prehash_shake_256s.c.o
[ 22%] Building ASM object src/kem/ntru/CMakeFiles/ntru_hps4096821_avx2.dir/pqclean_ntruhps4096821_avx2/square_1_821_patience.s.o
[ 22%] Building C object src/kem/classic_mceliece/CMakeFiles/classic_mceliece_460896_clean.dir/pqclean_mceliece460896_clean/pk_gen.c.o
[ 22%] Building C object src/sig/slh_dsa/CMakeFiles/slh_dsa_c.dir/wrappers/prehash_sha3_384/slh_dsa_sha3_384_prehash_sha2_128f.c.o
[ 22%] Building ASM object src/kem/ntru/CMakeFiles/ntru_hps4096821_avx2.dir/pqclean_ntruhps4096821_avx2/square_204_821_shufbytes.s.o
[ 23%] Building C object src/kem/classic_mceliece/CMakeFiles/classic_mceliece_460896_avx2.dir/pqclean_mceliece460896_avx2/benes.c.o
[ 23%] Building C object src/kem/classic_mceliece/CMakeFiles/classic_mceliece_348864f_avx2.dir/pqclean_mceliece348864f_avx2/fft.c.o
[ 23%] Building ASM object src/kem/ntru/CMakeFiles/ntru_hps4096821_avx2.dir/pqclean_ntruhps4096821_avx2/square_24_821_shufbytes.s.o
[ 23%] Building ASM object src/kem/ntru/CMakeFiles/ntru_hps4096821_avx2.dir/pqclean_ntruhps4096821_avx2/square_3_821_patience.s.o
[ 23%] Building C object src/sig/slh_dsa/CMakeFiles/slh_dsa_c.dir/wrappers/prehash_sha3_384/slh_dsa_sha3_384_prehash_sha2_128s.c.o
[ 23%] Building ASM object src/kem/ntru/CMakeFiles/ntru_hps4096821_avx2.dir/pqclean_ntruhps4096821_avx2/square_408_821_shufbytes.s.o
[ 23%] Building C object src/kem/classic_mceliece/CMakeFiles/classic_mceliece_348864f_avx2.dir/pqclean_mceliece348864f_avx2/fft_tr.c.o
[ 23%] Building C object src/sig/slh_dsa/CMakeFiles/slh_dsa_c.dir/wrappers/prehash_sha3_384/slh_dsa_sha3_384_prehash_sha2_192f.c.o
[ 23%] Building ASM object src/kem/ntru/CMakeFiles/ntru_hps4096821_avx2.dir/pqclean_ntruhps4096821_avx2/square_51_821_shufbytes.s.o
[ 23%] Building ASM object src/kem/ntru/CMakeFiles/ntru_hps4096821_avx2.dir/pqclean_ntruhps4096821_avx2/square_6_821_patience.s.o
[ 23%] Building C object src/kem/classic_mceliece/CMakeFiles/classic_mceliece_348864f_avx2.dir/pqclean_mceliece348864f_avx2/gf.c.o
[ 23%] Building ASM object src/kem/ntru/CMakeFiles/ntru_hps4096821_avx2.dir/pqclean_ntruhps4096821_avx2/vec32_sample_iid.s.o
[ 23%] Building C object src/kem/classic_mceliece/CMakeFiles/classic_mceliece_460896_clean.dir/pqclean_mceliece460896_clean/root.c.o
[ 23%] Built target ntru_hps4096821_avx2
[ 23%] Building C object src/kem/classic_mceliece/CMakeFiles/classic_mceliece_460896f_clean.dir/kem_classic_mceliece_460896f.c.o
[ 23%] Building C object src/kem/classic_mceliece/CMakeFiles/classic_mceliece_460896_avx2.dir/pqclean_mceliece460896_avx2/bm.c.o
[ 23%] Building C object src/sig/slh_dsa/CMakeFiles/slh_dsa_c.dir/wrappers/prehash_sha3_384/slh_dsa_sha3_384_prehash_sha2_192s.c.o
[ 23%] Building C object src/kem/classic_mceliece/CMakeFiles/classic_mceliece_460896_clean.dir/pqclean_mceliece460896_clean/sk_gen.c.o
[ 23%] Building C object src/sig/slh_dsa/CMakeFiles/slh_dsa_c.dir/wrappers/prehash_sha3_384/slh_dsa_sha3_384_prehash_sha2_256f.c.o
[ 23%] Building C object src/kem/classic_mceliece/CMakeFiles/classic_mceliece_460896f_clean.dir/pqclean_mceliece460896f_clean/aes256ctr.c.o
[ 23%] Built target ntruprime_sntrup761_avx2
[ 23%] Building C object src/kem/classic_mceliece/CMakeFiles/classic_mceliece_460896_clean.dir/pqclean_mceliece460896_clean/synd.c.o
[ 23%] Building ASM object src/kem/classic_mceliece/CMakeFiles/classic_mceliece_460896_avx2.dir/pqclean_mceliece460896_avx2/consts.S.o
[ 23%] Building C object src/kem/classic_mceliece/CMakeFiles/classic_mceliece_348864_avx2.dir/pqclean_mceliece348864_avx2/pk_gen.c.o
[ 23%] Building C object src/sig/slh_dsa/CMakeFiles/slh_dsa_c.dir/wrappers/prehash_sha3_384/slh_dsa_sha3_384_prehash_sha2_256s.c.o
[ 23%] Building C object src/kem/classic_mceliece/CMakeFiles/classic_mceliece_460896f_clean.dir/pqclean_mceliece460896f_clean/benes.c.o
[ 23%] Building C object src/kem/classic_mceliece/CMakeFiles/classic_mceliece_460896f_clean.dir/pqclean_mceliece460896f_clean/bm.c.o
[ 23%] Building C object src/kem/classic_mceliece/CMakeFiles/classic_mceliece_460896_clean.dir/pqclean_mceliece460896_clean/transpose.c.o
[ 23%] Building C object src/kem/classic_mceliece/CMakeFiles/classic_mceliece_348864_avx2.dir/pqclean_mceliece348864_avx2/sk_gen.c.o
[ 24%] Building C object src/kem/classic_mceliece/CMakeFiles/classic_mceliece_460896_clean.dir/pqclean_mceliece460896_clean/util.c.o
[ 24%] Building C object src/sig/slh_dsa/CMakeFiles/slh_dsa_c.dir/wrappers/prehash_sha3_384/slh_dsa_sha3_384_prehash_shake_128f.c.o
[ 24%] Building C object src/kem/classic_mceliece/CMakeFiles/classic_mceliece_460896f_avx2.dir/pqclean_mceliece460896f_avx2/aes256ctr.c.o
[ 24%] Built target classic_mceliece_460896_clean
[ 24%] Building C object src/kem/classic_mceliece/CMakeFiles/classic_mceliece_348864f_avx2.dir/pqclean_mceliece348864f_avx2/operations.c.o
[ 24%] Building C object src/kem/classic_mceliece/CMakeFiles/classic_mceliece_460896f_avx2.dir/pqclean_mceliece460896f_avx2/benes.c.o
[ 24%] Building C object src/kem/classic_mceliece/CMakeFiles/classic_mceliece_460896f_avx2.dir/pqclean_mceliece460896f_avx2/bm.c.o
[ 24%] Building C object src/sig/slh_dsa/CMakeFiles/slh_dsa_c.dir/wrappers/prehash_sha3_384/slh_dsa_sha3_384_prehash_shake_128s.c.o
[ 24%] Building C object src/kem/classic_mceliece/CMakeFiles/classic_mceliece_460896f_clean.dir/pqclean_mceliece460896f_clean/controlbits.c.o
[ 24%] Building C object src/kem/classic_mceliece/CMakeFiles/classic_mceliece_460896f_clean.dir/pqclean_mceliece460896f_clean/crypto_int16.c.o
[ 24%] Building ASM object src/kem/classic_mceliece/CMakeFiles/classic_mceliece_348864_avx2.dir/pqclean_mceliece348864_avx2/syndrome_asm.S.o
[ 24%] Building ASM object src/kem/classic_mceliece/CMakeFiles/classic_mceliece_348864_avx2.dir/pqclean_mceliece348864_avx2/transpose_64x256_sp_asm.S.o
[ 24%] Building C object src/sig/slh_dsa/CMakeFiles/slh_dsa_c.dir/wrappers/prehash_sha3_384/slh_dsa_sha3_384_prehash_shake_192f.c.o
[ 24%] Building C object src/kem/classic_mceliece/CMakeFiles/classic_mceliece_460896_avx2.dir/pqclean_mceliece460896_avx2/controlbits.c.o
[ 24%] Building C object src/kem/classic_mceliece/CMakeFiles/classic_mceliece_348864f_avx2.dir/pqclean_mceliece348864f_avx2/pk_gen.c.o
[ 24%] Building C object src/kem/classic_mceliece/CMakeFiles/classic_mceliece_348864f_avx2.dir/pqclean_mceliece348864f_avx2/sk_gen.c.o
[ 24%] Building C object src/kem/classic_mceliece/CMakeFiles/classic_mceliece_6688128_clean.dir/kem_classic_mceliece_6688128.c.o
[ 24%] Building C object src/sig/slh_dsa/CMakeFiles/slh_dsa_c.dir/wrappers/prehash_sha3_384/slh_dsa_sha3_384_prehash_shake_192s.c.o
[ 24%] Building C object src/kem/classic_mceliece/CMakeFiles/classic_mceliece_6688128_clean.dir/pqclean_mceliece6688128_clean/aes256ctr.c.o
[ 24%] Building C object src/kem/classic_mceliece/CMakeFiles/classic_mceliece_460896_avx2.dir/pqclean_mceliece460896_avx2/crypto_int16.c.o
[ 24%] Building C object src/kem/classic_mceliece/CMakeFiles/classic_mceliece_6688128_clean.dir/pqclean_mceliece6688128_clean/benes.c.o
[ 24%] Building C object src/sig/slh_dsa/CMakeFiles/slh_dsa_c.dir/wrappers/prehash_sha3_384/slh_dsa_sha3_384_prehash_shake_256f.c.o
[ 24%] Building C object src/kem/classic_mceliece/CMakeFiles/classic_mceliece_460896_avx2.dir/pqclean_mceliece460896_avx2/crypto_int32.c.o
[ 24%] Building C object src/kem/classic_mceliece/CMakeFiles/classic_mceliece_460896_avx2.dir/pqclean_mceliece460896_avx2/crypto_uint16.c.o
[ 24%] Building C object src/kem/classic_mceliece/CMakeFiles/classic_mceliece_6688128_avx2.dir/pqclean_mceliece6688128_avx2/aes256ctr.c.o
[ 24%] Building ASM object src/kem/classic_mceliece/CMakeFiles/classic_mceliece_348864_avx2.dir/pqclean_mceliece348864_avx2/transpose_64x64_asm.S.o
[ 24%] Building C object src/sig/slh_dsa/CMakeFiles/slh_dsa_c.dir/wrappers/prehash_sha3_384/slh_dsa_sha3_384_prehash_shake_256s.c.o
[ 24%] Building C object src/kem/classic_mceliece/CMakeFiles/classic_mceliece_460896_avx2.dir/pqclean_mceliece460896_avx2/crypto_uint32.c.o
[ 24%] Building C object src/kem/classic_mceliece/CMakeFiles/classic_mceliece_460896f_clean.dir/pqclean_mceliece460896f_clean/crypto_int32.c.o
[ 24%] Building C object src/kem/classic_mceliece/CMakeFiles/classic_mceliece_6688128_avx2.dir/pqclean_mceliece6688128_avx2/benes.c.o
[ 24%] Building ASM object src/kem/classic_mceliece/CMakeFiles/classic_mceliece_348864_avx2.dir/pqclean_mceliece348864_avx2/update_asm.S.o
[ 24%] Building C object src/kem/classic_mceliece/CMakeFiles/classic_mceliece_348864_avx2.dir/pqclean_mceliece348864_avx2/vec.c.o
[ 24%] Building C object src/kem/classic_mceliece/CMakeFiles/classic_mceliece_460896_avx2.dir/pqclean_mceliece460896_avx2/crypto_uint64.c.o
[ 24%] Building C object src/kem/classic_mceliece/CMakeFiles/classic_mceliece_460896f_clean.dir/pqclean_mceliece460896f_clean/crypto_uint16.c.o
[ 24%] Building C object src/kem/classic_mceliece/CMakeFiles/classic_mceliece_460896_avx2.dir/pqclean_mceliece460896_avx2/decrypt.c.o
[ 24%] Building ASM object src/kem/classic_mceliece/CMakeFiles/classic_mceliece_460896f_avx2.dir/pqclean_mceliece460896f_avx2/consts.S.o
[ 24%] Building C object src/kem/classic_mceliece/CMakeFiles/classic_mceliece_460896f_avx2.dir/pqclean_mceliece460896f_avx2/controlbits.c.o
[ 24%] Building ASM object src/kem/classic_mceliece/CMakeFiles/classic_mceliece_348864_avx2.dir/pqclean_mceliece348864_avx2/vec128_mul_asm.S.o
[ 24%] Building C object src/sig/slh_dsa/CMakeFiles/slh_dsa_c.dir/wrappers/prehash_sha3_512/slh_dsa_sha3_512_prehash_sha2_128f.c.o
[ 24%] Building C object src/kem/classic_mceliece/CMakeFiles/classic_mceliece_460896f_clean.dir/pqclean_mceliece460896f_clean/crypto_uint32.c.o
[ 24%] Building C object src/kem/classic_mceliece/CMakeFiles/classic_mceliece_6688128f_clean.dir/kem_classic_mceliece_6688128f.c.o
[ 24%] Building C object src/kem/classic_mceliece/CMakeFiles/classic_mceliece_6688128_clean.dir/pqclean_mceliece6688128_clean/bm.c.o
[ 24%] Building C object src/kem/classic_mceliece/CMakeFiles/classic_mceliece_348864_avx2.dir/pqclean_mceliece348864_avx2/vec256.c.o
[ 24%] Building C object src/kem/classic_mceliece/CMakeFiles/classic_mceliece_460896f_clean.dir/pqclean_mceliece460896f_clean/crypto_uint64.c.o
[ 24%] Building C object src/kem/classic_mceliece/CMakeFiles/classic_mceliece_6688128_clean.dir/pqclean_mceliece6688128_clean/controlbits.c.o
[ 24%] Building C object src/kem/classic_mceliece/CMakeFiles/classic_mceliece_460896f_clean.dir/pqclean_mceliece460896f_clean/decrypt.c.o
[ 24%] Building C object src/sig/slh_dsa/CMakeFiles/slh_dsa_c.dir/wrappers/prehash_sha3_512/slh_dsa_sha3_512_prehash_sha2_128s.c.o
[ 24%] Building C object src/kem/classic_mceliece/CMakeFiles/classic_mceliece_6688128f_clean.dir/pqclean_mceliece6688128f_clean/aes256ctr.c.o
[ 24%] Building C object src/kem/classic_mceliece/CMakeFiles/classic_mceliece_460896f_avx2.dir/pqclean_mceliece460896f_avx2/crypto_int16.c.o
[ 24%] Building C object src/kem/classic_mceliece/CMakeFiles/classic_mceliece_6688128_avx2.dir/pqclean_mceliece6688128_avx2/bm.c.o
[ 24%] Building C object src/kem/classic_mceliece/CMakeFiles/classic_mceliece_460896f_clean.dir/pqclean_mceliece460896f_clean/encrypt.c.o
[ 24%] Building C object src/kem/classic_mceliece/CMakeFiles/classic_mceliece_6688128f_clean.dir/pqclean_mceliece6688128f_clean/benes.c.o
[ 24%] Building C object src/kem/classic_mceliece/CMakeFiles/classic_mceliece_460896f_avx2.dir/pqclean_mceliece460896f_avx2/crypto_int32.c.o
[ 24%] Building ASM object src/kem/classic_mceliece/CMakeFiles/classic_mceliece_348864f_avx2.dir/pqclean_mceliece348864f_avx2/syndrome_asm.S.o
[ 24%] Building C object src/sig/slh_dsa/CMakeFiles/slh_dsa_c.dir/wrappers/prehash_sha3_512/slh_dsa_sha3_512_prehash_sha2_192f.c.o
[ 24%] Building ASM object src/kem/classic_mceliece/CMakeFiles/classic_mceliece_348864f_avx2.dir/pqclean_mceliece348864f_avx2/transpose_64x256_sp_asm.S.o
[ 24%] Building C object src/kem/classic_mceliece/CMakeFiles/classic_mceliece_460896f_avx2.dir/pqclean_mceliece460896f_avx2/crypto_uint16.c.o
[ 24%] Building ASM object src/kem/classic_mceliece/CMakeFiles/classic_mceliece_348864f_avx2.dir/pqclean_mceliece348864f_avx2/transpose_64x64_asm.S.o
[ 24%] Building C object src/kem/classic_mceliece/CMakeFiles/classic_mceliece_460896f_clean.dir/pqclean_mceliece460896f_clean/gf.c.o
[ 24%] Building C object src/kem/classic_mceliece/CMakeFiles/classic_mceliece_460896f_avx2.dir/pqclean_mceliece460896f_avx2/crypto_uint32.c.o
[ 24%] Building ASM object src/kem/classic_mceliece/CMakeFiles/classic_mceliece_348864f_avx2.dir/pqclean_mceliece348864f_avx2/update_asm.S.o
[ 24%] Building C object src/sig/slh_dsa/CMakeFiles/slh_dsa_c.dir/wrappers/prehash_sha3_512/slh_dsa_sha3_512_prehash_sha2_192s.c.o
[ 24%] Building C object src/kem/classic_mceliece/CMakeFiles/classic_mceliece_460896f_avx2.dir/pqclean_mceliece460896f_avx2/crypto_uint64.c.o
[ 24%] Building C object src/kem/classic_mceliece/CMakeFiles/classic_mceliece_348864f_avx2.dir/pqclean_mceliece348864f_avx2/vec.c.o
[ 24%] Building C object src/kem/classic_mceliece/CMakeFiles/classic_mceliece_460896f_avx2.dir/pqclean_mceliece460896f_avx2/decrypt.c.o
[ 24%] Building ASM object src/kem/classic_mceliece/CMakeFiles/classic_mceliece_348864f_avx2.dir/pqclean_mceliece348864f_avx2/vec128_mul_asm.S.o
[ 24%] Building C object src/sig/slh_dsa/CMakeFiles/slh_dsa_c.dir/wrappers/prehash_sha3_512/slh_dsa_sha3_512_prehash_sha2_256f.c.o
[ 24%] Building C object src/kem/classic_mceliece/CMakeFiles/classic_mceliece_460896f_clean.dir/pqclean_mceliece460896f_clean/operations.c.o
[ 24%] Building C object src/kem/classic_mceliece/CMakeFiles/classic_mceliece_6688128f_clean.dir/pqclean_mceliece6688128f_clean/bm.c.o
[ 24%] Building C object src/kem/classic_mceliece/CMakeFiles/classic_mceliece_348864f_avx2.dir/pqclean_mceliece348864f_avx2/vec256.c.o
[ 24%] Building C object src/kem/classic_mceliece/CMakeFiles/classic_mceliece_460896_avx2.dir/pqclean_mceliece460896_avx2/encrypt.c.o
[ 24%] Building C object src/kem/classic_mceliece/CMakeFiles/classic_mceliece_6688128f_avx2.dir/pqclean_mceliece6688128f_avx2/aes256ctr.c.o
[ 24%] Building ASM object src/kem/classic_mceliece/CMakeFiles/classic_mceliece_348864_avx2.dir/pqclean_mceliece348864_avx2/vec256_mul_asm.S.o
[ 24%] Building C object src/kem/classic_mceliece/CMakeFiles/classic_mceliece_6688128f_clean.dir/pqclean_mceliece6688128f_clean/controlbits.c.o
[ 24%] Building C object src/kem/classic_mceliece/CMakeFiles/classic_mceliece_460896f_clean.dir/pqclean_mceliece460896f_clean/pk_gen.c.o
[ 24%] Building ASM object src/kem/classic_mceliece/CMakeFiles/classic_mceliece_348864_avx2.dir/pqclean_mceliece348864_avx2/vec_mul_asm.S.o
[ 24%] Building C object src/kem/classic_mceliece/CMakeFiles/classic_mceliece_6688128f_avx2.dir/pqclean_mceliece6688128f_avx2/benes.c.o
[ 25%] Building C object src/sig/slh_dsa/CMakeFiles/slh_dsa_c.dir/wrappers/prehash_sha3_512/slh_dsa_sha3_512_prehash_sha2_256s.c.o
[ 25%] Building C object src/kem/classic_mceliece/CMakeFiles/classic_mceliece_6688128_clean.dir/pqclean_mceliece6688128_clean/crypto_int16.c.o
[ 26%] Building ASM object src/kem/classic_mceliece/CMakeFiles/classic_mceliece_348864_avx2.dir/pqclean_mceliece348864_avx2/vec_mul_sp_asm.S.o
[ 26%] Building ASM object src/kem/classic_mceliece/CMakeFiles/classic_mceliece_348864_avx2.dir/pqclean_mceliece348864_avx2/vec_reduce_asm.S.o
[ 26%] Building C object src/kem/classic_mceliece/CMakeFiles/classic_mceliece_460896_avx2.dir/pqclean_mceliece460896_avx2/fft.c.o
[ 26%] Building C object src/kem/classic_mceliece/CMakeFiles/classic_mceliece_6688128_clean.dir/pqclean_mceliece6688128_clean/crypto_int32.c.o
[ 26%] Built target classic_mceliece_348864_avx2
[ 26%] Building ASM object src/kem/classic_mceliece/CMakeFiles/classic_mceliece_348864f_avx2.dir/pqclean_mceliece348864f_avx2/vec256_mul_asm.S.o
[ 26%] Building ASM object src/kem/classic_mceliece/CMakeFiles/classic_mceliece_6688128_avx2.dir/pqclean_mceliece6688128_avx2/consts.S.o
[ 26%] Building C object src/sig/slh_dsa/CMakeFiles/slh_dsa_c.dir/wrappers/prehash_sha3_512/slh_dsa_sha3_512_prehash_shake_128f.c.o
[ 26%] Building C object src/kem/classic_mceliece/CMakeFiles/classic_mceliece_460896f_avx2.dir/pqclean_mceliece460896f_avx2/encrypt.c.o
[ 26%] Building C object src/kem/classic_mceliece/CMakeFiles/classic_mceliece_6688128_clean.dir/pqclean_mceliece6688128_clean/crypto_uint16.c.o
[ 26%] Building C object src/kem/classic_mceliece/CMakeFiles/classic_mceliece_6688128_avx2.dir/pqclean_mceliece6688128_avx2/controlbits.c.o
[ 26%] Building C object src/kem/classic_mceliece/CMakeFiles/classic_mceliece_6688128_clean.dir/pqclean_mceliece6688128_clean/crypto_uint32.c.o
[ 26%] Building C object src/sig/slh_dsa/CMakeFiles/slh_dsa_c.dir/wrappers/prehash_sha3_512/slh_dsa_sha3_512_prehash_shake_128s.c.o
[ 26%] Building C object src/kem/classic_mceliece/CMakeFiles/classic_mceliece_6688128_avx2.dir/pqclean_mceliece6688128_avx2/crypto_int16.c.o
[ 26%] Building C object src/kem/classic_mceliece/CMakeFiles/classic_mceliece_460896f_clean.dir/pqclean_mceliece460896f_clean/root.c.o
[ 26%] Building C object src/kem/classic_mceliece/CMakeFiles/classic_mceliece_6688128_clean.dir/pqclean_mceliece6688128_clean/crypto_uint64.c.o
[ 26%] Building C object src/kem/classic_mceliece/CMakeFiles/classic_mceliece_6688128f_clean.dir/pqclean_mceliece6688128f_clean/crypto_int16.c.o
[ 26%] Building C object src/kem/classic_mceliece/CMakeFiles/classic_mceliece_6688128_avx2.dir/pqclean_mceliece6688128_avx2/crypto_int32.c.o
[ 26%] Building C object src/kem/classic_mceliece/CMakeFiles/classic_mceliece_460896f_clean.dir/pqclean_mceliece460896f_clean/sk_gen.c.o
[ 26%] Building C object src/kem/classic_mceliece/CMakeFiles/classic_mceliece_6688128_clean.dir/pqclean_mceliece6688128_clean/decrypt.c.o
[ 26%] Building C object src/sig/slh_dsa/CMakeFiles/slh_dsa_c.dir/wrappers/prehash_sha3_512/slh_dsa_sha3_512_prehash_shake_192f.c.o
[ 26%] Building C object src/kem/classic_mceliece/CMakeFiles/classic_mceliece_6688128_avx2.dir/pqclean_mceliece6688128_avx2/crypto_uint16.c.o
[ 26%] Building C object src/kem/classic_mceliece/CMakeFiles/classic_mceliece_6688128f_avx2.dir/pqclean_mceliece6688128f_avx2/bm.c.o
[ 26%] Building C object src/kem/classic_mceliece/CMakeFiles/classic_mceliece_460896f_avx2.dir/pqclean_mceliece460896f_avx2/fft.c.o
[ 26%] Building C object src/kem/classic_mceliece/CMakeFiles/classic_mceliece_6688128_clean.dir/pqclean_mceliece6688128_clean/encrypt.c.o
[ 27%] Building C object src/kem/classic_mceliece/CMakeFiles/classic_mceliece_460896f_clean.dir/pqclean_mceliece460896f_clean/synd.c.o
[ 28%] Building ASM object src/kem/classic_mceliece/CMakeFiles/classic_mceliece_348864f_avx2.dir/pqclean_mceliece348864f_avx2/vec_mul_asm.S.o
[ 28%] Building C object src/kem/classic_mceliece/CMakeFiles/classic_mceliece_6688128_avx2.dir/pqclean_mceliece6688128_avx2/crypto_uint32.c.o
[ 28%] Building C object src/sig/slh_dsa/CMakeFiles/slh_dsa_c.dir/wrappers/prehash_sha3_512/slh_dsa_sha3_512_prehash_shake_192s.c.o
[ 28%] Building ASM object src/kem/classic_mceliece/CMakeFiles/classic_mceliece_348864f_avx2.dir/pqclean_mceliece348864f_avx2/vec_mul_sp_asm.S.o
[ 28%] Building C object src/kem/classic_mceliece/CMakeFiles/classic_mceliece_6688128f_clean.dir/pqclean_mceliece6688128f_clean/crypto_int32.c.o
[ 28%] Building ASM object src/kem/classic_mceliece/CMakeFiles/classic_mceliece_348864f_avx2.dir/pqclean_mceliece348864f_avx2/vec_reduce_asm.S.o
[ 28%] Building C object src/kem/classic_mceliece/CMakeFiles/classic_mceliece_460896f_clean.dir/pqclean_mceliece460896f_clean/transpose.c.o
[ 28%] Building C object src/kem/classic_mceliece/CMakeFiles/classic_mceliece_6688128_avx2.dir/pqclean_mceliece6688128_avx2/crypto_uint64.c.o
[ 28%] Building C object src/kem/classic_mceliece/CMakeFiles/classic_mceliece_460896f_avx2.dir/pqclean_mceliece460896f_avx2/fft_tr.c.o
[ 28%] Built target classic_mceliece_348864f_avx2
[ 28%] Building C object src/kem/classic_mceliece/CMakeFiles/classic_mceliece_6688128f_clean.dir/pqclean_mceliece6688128f_clean/crypto_uint16.c.o
[ 28%] Building C object src/kem/classic_mceliece/CMakeFiles/classic_mceliece_460896f_clean.dir/pqclean_mceliece460896f_clean/util.c.o
[ 28%] Building C object src/kem/classic_mceliece/CMakeFiles/classic_mceliece_6688128_clean.dir/pqclean_mceliece6688128_clean/gf.c.o
[ 28%] Building C object src/sig/slh_dsa/CMakeFiles/slh_dsa_c.dir/wrappers/prehash_sha3_512/slh_dsa_sha3_512_prehash_shake_256f.c.o
[ 28%] Building C object src/kem/classic_mceliece/CMakeFiles/classic_mceliece_6688128_avx2.dir/pqclean_mceliece6688128_avx2/decrypt.c.o
[ 28%] Building C object src/sig/slh_dsa/CMakeFiles/slh_dsa_c.dir/wrappers/prehash_sha3_512/slh_dsa_sha3_512_prehash_shake_256s.c.o
[ 28%] Building C object src/kem/classic_mceliece/CMakeFiles/classic_mceliece_6688128f_clean.dir/pqclean_mceliece6688128f_clean/crypto_uint32.c.o
[ 28%] Built target classic_mceliece_460896f_clean
[ 28%] Building ASM object src/kem/classic_mceliece/CMakeFiles/classic_mceliece_6688128f_avx2.dir/pqclean_mceliece6688128f_avx2/consts.S.o
[ 28%] Building C object src/kem/classic_mceliece/CMakeFiles/classic_mceliece_6688128f_clean.dir/pqclean_mceliece6688128f_clean/crypto_uint64.c.o
[ 28%] Building C object src/kem/classic_mceliece/CMakeFiles/classic_mceliece_460896f_avx2.dir/pqclean_mceliece460896f_avx2/gf.c.o
[ 28%] Building C object src/kem/classic_mceliece/CMakeFiles/classic_mceliece_6688128f_clean.dir/pqclean_mceliece6688128f_clean/decrypt.c.o
[ 28%] Building C object src/sig/slh_dsa/CMakeFiles/slh_dsa_c.dir/wrappers/prehash_shake_128/slh_dsa_shake_128_prehash_sha2_128f.c.o
[ 28%] Building C object src/kem/classic_mceliece/CMakeFiles/classic_mceliece_6688128_clean.dir/pqclean_mceliece6688128_clean/operations.c.o
[ 28%] Building C object src/kem/classic_mceliece/CMakeFiles/classic_mceliece_6688128_avx2.dir/pqclean_mceliece6688128_avx2/encrypt.c.o
[ 28%] Building C object src/kem/classic_mceliece/CMakeFiles/classic_mceliece_6688128f_clean.dir/pqclean_mceliece6688128f_clean/encrypt.c.o
[ 28%] Building C object src/kem/classic_mceliece/CMakeFiles/classic_mceliece_6688128_avx2.dir/pqclean_mceliece6688128_avx2/fft.c.o
[ 28%] Building C object src/kem/classic_mceliece/CMakeFiles/classic_mceliece_6688128_clean.dir/pqclean_mceliece6688128_clean/pk_gen.c.o
[ 28%] Building C object src/sig/slh_dsa/CMakeFiles/slh_dsa_c.dir/wrappers/prehash_shake_128/slh_dsa_shake_128_prehash_sha2_128s.c.o
[ 28%] Building C object src/kem/classic_mceliece/CMakeFiles/classic_mceliece_6688128_avx2.dir/pqclean_mceliece6688128_avx2/fft_tr.c.o
[ 28%] Building C object src/kem/classic_mceliece/CMakeFiles/classic_mceliece_6688128f_clean.dir/pqclean_mceliece6688128f_clean/gf.c.o
[ 28%] Building C object src/kem/classic_mceliece/CMakeFiles/classic_mceliece_6688128f_avx2.dir/pqclean_mceliece6688128f_avx2/controlbits.c.o
[ 28%] Building C object src/kem/classic_mceliece/CMakeFiles/classic_mceliece_460896_avx2.dir/pqclean_mceliece460896_avx2/fft_tr.c.o
[ 28%] Building C object src/sig/slh_dsa/CMakeFiles/slh_dsa_c.dir/wrappers/prehash_shake_128/slh_dsa_shake_128_prehash_sha2_192f.c.o
[ 29%] Building C object src/kem/classic_mceliece/CMakeFiles/classic_mceliece_6688128_clean.dir/pqclean_mceliece6688128_clean/root.c.o
[ 29%] Building C object src/sig/slh_dsa/CMakeFiles/slh_dsa_c.dir/wrappers/prehash_shake_128/slh_dsa_shake_128_prehash_sha2_192s.c.o
[ 30%] Building C object src/kem/classic_mceliece/CMakeFiles/classic_mceliece_6688128f_clean.dir/pqclean_mceliece6688128f_clean/operations.c.o
[ 30%] Building C object src/kem/classic_mceliece/CMakeFiles/classic_mceliece_6688128f_avx2.dir/pqclean_mceliece6688128f_avx2/crypto_int16.c.o
[ 30%] Building C object src/kem/classic_mceliece/CMakeFiles/classic_mceliece_6688128f_avx2.dir/pqclean_mceliece6688128f_avx2/crypto_int32.c.o
[ 30%] Building C object src/kem/classic_mceliece/CMakeFiles/classic_mceliece_6688128_clean.dir/pqclean_mceliece6688128_clean/sk_gen.c.o
[ 30%] Building C object src/kem/classic_mceliece/CMakeFiles/classic_mceliece_6688128f_avx2.dir/pqclean_mceliece6688128f_avx2/crypto_uint16.c.o
[ 30%] Building C object src/kem/classic_mceliece/CMakeFiles/classic_mceliece_6960119_clean.dir/kem_classic_mceliece_6960119.c.o
[ 30%] Building C object src/kem/classic_mceliece/CMakeFiles/classic_mceliece_6688128_clean.dir/pqclean_mceliece6688128_clean/synd.c.o
[ 30%] Building C object src/kem/classic_mceliece/CMakeFiles/classic_mceliece_6688128f_clean.dir/pqclean_mceliece6688128f_clean/pk_gen.c.o
[ 30%] Building C object src/sig/slh_dsa/CMakeFiles/slh_dsa_c.dir/wrappers/prehash_shake_128/slh_dsa_shake_128_prehash_sha2_256f.c.o
[ 30%] Building C object src/kem/classic_mceliece/CMakeFiles/classic_mceliece_6688128f_avx2.dir/pqclean_mceliece6688128f_avx2/crypto_uint32.c.o
[ 30%] Building C object src/kem/classic_mceliece/CMakeFiles/classic_mceliece_6688128_avx2.dir/pqclean_mceliece6688128_avx2/gf.c.o
[ 30%] Building C object src/kem/classic_mceliece/CMakeFiles/classic_mceliece_6688128_clean.dir/pqclean_mceliece6688128_clean/transpose.c.o
[ 30%] Building C object src/kem/classic_mceliece/CMakeFiles/classic_mceliece_6688128f_avx2.dir/pqclean_mceliece6688128f_avx2/crypto_uint64.c.o
[ 30%] Building C object src/kem/classic_mceliece/CMakeFiles/classic_mceliece_6960119_clean.dir/pqclean_mceliece6960119_clean/aes256ctr.c.o
[ 30%] Building C object src/kem/classic_mceliece/CMakeFiles/classic_mceliece_6688128_clean.dir/pqclean_mceliece6688128_clean/util.c.o
[ 30%] Building C object src/sig/slh_dsa/CMakeFiles/slh_dsa_c.dir/wrappers/prehash_shake_128/slh_dsa_shake_128_prehash_sha2_256s.c.o
[ 30%] Building C object src/kem/classic_mceliece/CMakeFiles/classic_mceliece_6688128f_avx2.dir/pqclean_mceliece6688128f_avx2/decrypt.c.o
[ 30%] Building C object src/kem/classic_mceliece/CMakeFiles/classic_mceliece_460896_avx2.dir/pqclean_mceliece460896_avx2/gf.c.o
[ 30%] Building C object src/kem/classic_mceliece/CMakeFiles/classic_mceliece_6960119_clean.dir/pqclean_mceliece6960119_clean/benes.c.o
[ 30%] Built target classic_mceliece_6688128_clean
[ 30%] Building C object src/sig/slh_dsa/CMakeFiles/slh_dsa_c.dir/wrappers/prehash_shake_128/slh_dsa_shake_128_prehash_shake_128f.c.o
[ 30%] Building C object src/kem/classic_mceliece/CMakeFiles/classic_mceliece_460896f_avx2.dir/pqclean_mceliece460896f_avx2/operations.c.o
[ 30%] Building C object src/kem/classic_mceliece/CMakeFiles/classic_mceliece_6688128f_clean.dir/pqclean_mceliece6688128f_clean/root.c.o
[ 30%] Building C object src/kem/classic_mceliece/CMakeFiles/classic_mceliece_6688128_avx2.dir/pqclean_mceliece6688128_avx2/operations.c.o
[ 30%] Building C object src/kem/classic_mceliece/CMakeFiles/classic_mceliece_6688128f_avx2.dir/pqclean_mceliece6688128f_avx2/encrypt.c.o
[ 30%] Building C object src/kem/classic_mceliece/CMakeFiles/classic_mceliece_6688128f_clean.dir/pqclean_mceliece6688128f_clean/sk_gen.c.o
[ 30%] Building C object src/sig/slh_dsa/CMakeFiles/slh_dsa_c.dir/wrappers/prehash_shake_128/slh_dsa_shake_128_prehash_shake_128s.c.o
[ 30%] Building C object src/kem/classic_mceliece/CMakeFiles/classic_mceliece_460896f_avx2.dir/pqclean_mceliece460896f_avx2/pk_gen.c.o
[ 30%] Building C object src/kem/classic_mceliece/CMakeFiles/classic_mceliece_6960119_clean.dir/pqclean_mceliece6960119_clean/bm.c.o
[ 30%] Building C object src/kem/classic_mceliece/CMakeFiles/classic_mceliece_6688128f_clean.dir/pqclean_mceliece6688128f_clean/synd.c.o
[ 30%] Building C object src/kem/classic_mceliece/CMakeFiles/classic_mceliece_6960119_avx2.dir/pqclean_mceliece6960119_avx2/aes256ctr.c.o
[ 30%] Building C object src/sig/slh_dsa/CMakeFiles/slh_dsa_c.dir/wrappers/prehash_shake_128/slh_dsa_shake_128_prehash_shake_192f.c.o
[ 30%] Building C object src/kem/classic_mceliece/CMakeFiles/classic_mceliece_460896_avx2.dir/pqclean_mceliece460896_avx2/operations.c.o
[ 30%] Building C object src/kem/classic_mceliece/CMakeFiles/classic_mceliece_6960119_clean.dir/pqclean_mceliece6960119_clean/controlbits.c.o
[ 30%] Building C object src/kem/classic_mceliece/CMakeFiles/classic_mceliece_6688128f_clean.dir/pqclean_mceliece6688128f_clean/transpose.c.o
[ 30%] Building C object src/kem/classic_mceliece/CMakeFiles/classic_mceliece_6960119_avx2.dir/pqclean_mceliece6960119_avx2/benes.c.o
[ 30%] Building C object src/kem/classic_mceliece/CMakeFiles/classic_mceliece_460896_avx2.dir/pqclean_mceliece460896_avx2/pk_gen.c.o
[ 30%] Building C object src/sig/slh_dsa/CMakeFiles/slh_dsa_c.dir/wrappers/prehash_shake_128/slh_dsa_shake_128_prehash_shake_192s.c.o
[ 30%] Building C object src/kem/classic_mceliece/CMakeFiles/classic_mceliece_6688128f_clean.dir/pqclean_mceliece6688128f_clean/util.c.o
[ 30%] Building C object src/kem/classic_mceliece/CMakeFiles/classic_mceliece_460896f_avx2.dir/pqclean_mceliece460896f_avx2/sk_gen.c.o
[ 30%] Built target classic_mceliece_6688128f_clean
[ 30%] Building C object src/kem/classic_mceliece/CMakeFiles/classic_mceliece_6688128f_avx2.dir/pqclean_mceliece6688128f_avx2/fft.c.o
[ 30%] Building C object src/kem/classic_mceliece/CMakeFiles/classic_mceliece_460896_avx2.dir/pqclean_mceliece460896_avx2/sk_gen.c.o
[ 30%] Building C object src/sig/slh_dsa/CMakeFiles/slh_dsa_c.dir/wrappers/prehash_shake_128/slh_dsa_shake_128_prehash_shake_256f.c.o
[ 30%] Building C object src/kem/classic_mceliece/CMakeFiles/classic_mceliece_6960119f_clean.dir/kem_classic_mceliece_6960119f.c.o
[ 30%] Building C object src/sig/slh_dsa/CMakeFiles/slh_dsa_c.dir/wrappers/prehash_shake_128/slh_dsa_shake_128_prehash_shake_256s.c.o
[ 30%] Building C object src/kem/classic_mceliece/CMakeFiles/classic_mceliece_6688128_avx2.dir/pqclean_mceliece6688128_avx2/pk_gen.c.o
[ 30%] Building C object src/kem/classic_mceliece/CMakeFiles/classic_mceliece_6960119f_clean.dir/pqclean_mceliece6960119f_clean/aes256ctr.c.o
[ 30%] Building C object src/sig/slh_dsa/CMakeFiles/slh_dsa_c.dir/wrappers/prehash_shake_256/slh_dsa_shake_256_prehash_sha2_128f.c.o
[ 30%] Building C object src/kem/classic_mceliece/CMakeFiles/classic_mceliece_6960119f_clean.dir/pqclean_mceliece6960119f_clean/benes.c.o
[ 30%] Building C object src/sig/slh_dsa/CMakeFiles/slh_dsa_c.dir/wrappers/prehash_shake_256/slh_dsa_shake_256_prehash_sha2_128s.c.o
[ 30%] Building C object src/kem/classic_mceliece/CMakeFiles/classic_mceliece_6960119_clean.dir/pqclean_mceliece6960119_clean/crypto_int16.c.o
[ 30%] Building C object src/kem/classic_mceliece/CMakeFiles/classic_mceliece_6960119_avx2.dir/pqclean_mceliece6960119_avx2/bm.c.o
[ 30%] Building C object src/kem/classic_mceliece/CMakeFiles/classic_mceliece_6960119_clean.dir/pqclean_mceliece6960119_clean/crypto_int32.c.o
[ 30%] Building C object src/sig/slh_dsa/CMakeFiles/slh_dsa_c.dir/wrappers/prehash_shake_256/slh_dsa_shake_256_prehash_sha2_192f.c.o
[ 30%] Building ASM object src/kem/classic_mceliece/CMakeFiles/classic_mceliece_460896_avx2.dir/pqclean_mceliece460896_avx2/syndrome_asm.S.o
[ 30%] Building C object src/kem/classic_mceliece/CMakeFiles/classic_mceliece_6960119_clean.dir/pqclean_mceliece6960119_clean/crypto_uint16.c.o
[ 30%] Building C object src/kem/classic_mceliece/CMakeFiles/classic_mceliece_6688128_avx2.dir/pqclean_mceliece6688128_avx2/sk_gen.c.o
[ 30%] Building ASM object src/kem/classic_mceliece/CMakeFiles/classic_mceliece_460896f_avx2.dir/pqclean_mceliece460896f_avx2/syndrome_asm.S.o
[ 30%] Building C object src/kem/classic_mceliece/CMakeFiles/classic_mceliece_6960119f_clean.dir/pqclean_mceliece6960119f_clean/bm.c.o
[ 30%] Building ASM object src/kem/classic_mceliece/CMakeFiles/classic_mceliece_460896f_avx2.dir/pqclean_mceliece460896f_avx2/transpose_64x128_sp_asm.S.o
[ 30%] Building C object src/kem/classic_mceliece/CMakeFiles/classic_mceliece_6960119_clean.dir/pqclean_mceliece6960119_clean/crypto_uint32.c.o
[ 30%] Building C object src/sig/slh_dsa/CMakeFiles/slh_dsa_c.dir/wrappers/prehash_shake_256/slh_dsa_shake_256_prehash_sha2_192s.c.o
[ 30%] Building ASM object src/kem/classic_mceliece/CMakeFiles/classic_mceliece_460896f_avx2.dir/pqclean_mceliece460896f_avx2/transpose_64x256_sp_asm.S.o
[ 30%] Building C object src/kem/classic_mceliece/CMakeFiles/classic_mceliece_6688128f_avx2.dir/pqclean_mceliece6688128f_avx2/fft_tr.c.o
[ 30%] Building ASM object src/kem/classic_mceliece/CMakeFiles/classic_mceliece_460896_avx2.dir/pqclean_mceliece460896_avx2/transpose_64x128_sp_asm.S.o
[ 30%] Building C object src/kem/classic_mceliece/CMakeFiles/classic_mceliece_6960119_clean.dir/pqclean_mceliece6960119_clean/crypto_uint64.c.o
[ 30%] Building C object src/kem/classic_mceliece/CMakeFiles/classic_mceliece_6960119f_clean.dir/pqclean_mceliece6960119f_clean/controlbits.c.o
[ 30%] Building ASM object src/kem/classic_mceliece/CMakeFiles/classic_mceliece_460896f_avx2.dir/pqclean_mceliece460896f_avx2/transpose_64x64_asm.S.o
[ 30%] Building ASM object src/kem/classic_mceliece/CMakeFiles/classic_mceliece_460896_avx2.dir/pqclean_mceliece460896_avx2/transpose_64x256_sp_asm.S.o
[ 30%] Building ASM object src/kem/classic_mceliece/CMakeFiles/classic_mceliece_460896_avx2.dir/pqclean_mceliece460896_avx2/transpose_64x64_asm.S.o
[ 30%] Building C object src/kem/classic_mceliece/CMakeFiles/classic_mceliece_6960119_clean.dir/pqclean_mceliece6960119_clean/decrypt.c.o
[ 30%] Building ASM object src/kem/classic_mceliece/CMakeFiles/classic_mceliece_460896f_avx2.dir/pqclean_mceliece460896f_avx2/update_asm.S.o
[ 30%] Building C object src/sig/slh_dsa/CMakeFiles/slh_dsa_c.dir/wrappers/prehash_shake_256/slh_dsa_shake_256_prehash_sha2_256f.c.o
[ 31%] Building C object src/kem/classic_mceliece/CMakeFiles/classic_mceliece_460896f_avx2.dir/pqclean_mceliece460896f_avx2/vec128.c.o
[ 31%] Building ASM object src/kem/classic_mceliece/CMakeFiles/classic_mceliece_460896_avx2.dir/pqclean_mceliece460896_avx2/update_asm.S.o
[ 32%] Building C object src/kem/classic_mceliece/CMakeFiles/classic_mceliece_6960119_clean.dir/pqclean_mceliece6960119_clean/encrypt.c.o
[ 32%] Building C object src/kem/classic_mceliece/CMakeFiles/classic_mceliece_460896_avx2.dir/pqclean_mceliece460896_avx2/vec128.c.o
[ 33%] Building C object src/sig/slh_dsa/CMakeFiles/slh_dsa_c.dir/wrappers/prehash_shake_256/slh_dsa_shake_256_prehash_sha2_256s.c.o
[ 33%] Building ASM object src/kem/classic_mceliece/CMakeFiles/classic_mceliece_460896f_avx2.dir/pqclean_mceliece460896f_avx2/vec128_mul_asm.S.o
[ 33%] Building ASM object src/kem/classic_mceliece/CMakeFiles/classic_mceliece_460896_avx2.dir/pqclean_mceliece460896_avx2/vec128_mul_asm.S.o
[ 33%] Building C object src/kem/classic_mceliece/CMakeFiles/classic_mceliece_460896f_avx2.dir/pqclean_mceliece460896f_avx2/vec256.c.o
[ 33%] Building C object src/kem/classic_mceliece/CMakeFiles/classic_mceliece_6960119_clean.dir/pqclean_mceliece6960119_clean/gf.c.o
[ 34%] Building C object src/kem/classic_mceliece/CMakeFiles/classic_mceliece_460896_avx2.dir/pqclean_mceliece460896_avx2/vec256.c.o
[ 34%] Building C object src/kem/classic_mceliece/CMakeFiles/classic_mceliece_6960119f_avx2.dir/pqclean_mceliece6960119f_avx2/aes256ctr.c.o
[ 34%] Building ASM object src/kem/classic_mceliece/CMakeFiles/classic_mceliece_6960119_avx2.dir/pqclean_mceliece6960119_avx2/consts.S.o
[ 34%] Building C object src/sig/slh_dsa/CMakeFiles/slh_dsa_c.dir/wrappers/prehash_shake_256/slh_dsa_shake_256_prehash_shake_128f.c.o
[ 34%] Building C object src/kem/classic_mceliece/CMakeFiles/classic_mceliece_6960119_avx2.dir/pqclean_mceliece6960119_avx2/controlbits.c.o
[ 34%] Building C object src/kem/classic_mceliece/CMakeFiles/classic_mceliece_6960119f_avx2.dir/pqclean_mceliece6960119f_avx2/benes.c.o
[ 34%] Building C object src/kem/classic_mceliece/CMakeFiles/classic_mceliece_6960119_clean.dir/pqclean_mceliece6960119_clean/operations.c.o
[ 34%] Building C object src/sig/slh_dsa/CMakeFiles/slh_dsa_c.dir/wrappers/prehash_shake_256/slh_dsa_shake_256_prehash_shake_128s.c.o
[ 34%] Building ASM object src/kem/classic_mceliece/CMakeFiles/classic_mceliece_6688128_avx2.dir/pqclean_mceliece6688128_avx2/syndrome_asm.S.o
[ 34%] Building ASM object src/kem/classic_mceliece/CMakeFiles/classic_mceliece_6688128_avx2.dir/pqclean_mceliece6688128_avx2/transpose_64x128_sp_asm.S.o
[ 34%] Building C object src/kem/classic_mceliece/CMakeFiles/classic_mceliece_6960119_clean.dir/pqclean_mceliece6960119_clean/pk_gen.c.o
[ 34%] Building C object src/kem/classic_mceliece/CMakeFiles/classic_mceliece_6960119_avx2.dir/pqclean_mceliece6960119_avx2/crypto_int16.c.o
[ 34%] Building ASM object src/kem/classic_mceliece/CMakeFiles/classic_mceliece_6688128_avx2.dir/pqclean_mceliece6688128_avx2/transpose_64x256_sp_asm.S.o
[ 34%] Building C object src/sig/slh_dsa/CMakeFiles/slh_dsa_c.dir/wrappers/prehash_shake_256/slh_dsa_shake_256_prehash_shake_192f.c.o
[ 35%] Building ASM object src/kem/classic_mceliece/CMakeFiles/classic_mceliece_6688128_avx2.dir/pqclean_mceliece6688128_avx2/transpose_64x64_asm.S.o
[ 35%] Building C object src/kem/classic_mceliece/CMakeFiles/classic_mceliece_6960119f_clean.dir/pqclean_mceliece6960119f_clean/crypto_int16.c.o
[ 35%] Building C object src/kem/classic_mceliece/CMakeFiles/classic_mceliece_6960119_avx2.dir/pqclean_mceliece6960119_avx2/crypto_int32.c.o
[ 35%] Building ASM object src/kem/classic_mceliece/CMakeFiles/classic_mceliece_6688128_avx2.dir/pqclean_mceliece6688128_avx2/update_asm.S.o
[ 35%] Building C object src/sig/slh_dsa/CMakeFiles/slh_dsa_c.dir/wrappers/prehash_shake_256/slh_dsa_shake_256_prehash_shake_192s.c.o
[ 35%] Building C object src/kem/classic_mceliece/CMakeFiles/classic_mceliece_6688128_avx2.dir/pqclean_mceliece6688128_avx2/vec128.c.o
[ 35%] Building C object src/kem/classic_mceliece/CMakeFiles/classic_mceliece_6960119_avx2.dir/pqclean_mceliece6960119_avx2/crypto_uint16.c.o
[ 35%] Building C object src/kem/classic_mceliece/CMakeFiles/classic_mceliece_6960119f_clean.dir/pqclean_mceliece6960119f_clean/crypto_int32.c.o
[ 35%] Building C object src/kem/classic_mceliece/CMakeFiles/classic_mceliece_6960119_clean.dir/pqclean_mceliece6960119_clean/root.c.o
[ 35%] Building ASM object src/kem/classic_mceliece/CMakeFiles/classic_mceliece_460896_avx2.dir/pqclean_mceliece460896_avx2/vec256_ama_asm.S.o
[ 35%] Building C object src/kem/classic_mceliece/CMakeFiles/classic_mceliece_6960119_avx2.dir/pqclean_mceliece6960119_avx2/crypto_uint32.c.o
[ 35%] Building C object src/kem/classic_mceliece/CMakeFiles/classic_mceliece_6960119f_clean.dir/pqclean_mceliece6960119f_clean/crypto_uint16.c.o
[ 35%] Building C object src/kem/classic_mceliece/CMakeFiles/classic_mceliece_6960119_clean.dir/pqclean_mceliece6960119_clean/sk_gen.c.o
[ 35%] Building ASM object src/kem/classic_mceliece/CMakeFiles/classic_mceliece_6688128_avx2.dir/pqclean_mceliece6688128_avx2/vec128_mul_asm.S.o
[ 35%] Building C object src/sig/slh_dsa/CMakeFiles/slh_dsa_c.dir/wrappers/prehash_shake_256/slh_dsa_shake_256_prehash_shake_256f.c.o
[ 35%] Building ASM object src/kem/classic_mceliece/CMakeFiles/classic_mceliece_460896_avx2.dir/pqclean_mceliece460896_avx2/vec256_maa_asm.S.o
[ 35%] Building C object src/kem/classic_mceliece/CMakeFiles/classic_mceliece_8192128_clean.dir/kem_classic_mceliece_8192128.c.o
[ 35%] Building C object src/kem/classic_mceliece/CMakeFiles/classic_mceliece_6960119_avx2.dir/pqclean_mceliece6960119_avx2/crypto_uint64.c.o
[ 35%] Building C object src/kem/classic_mceliece/CMakeFiles/classic_mceliece_6960119f_clean.dir/pqclean_mceliece6960119f_clean/crypto_uint32.c.o
[ 35%] Building C object src/kem/classic_mceliece/CMakeFiles/classic_mceliece_6688128_avx2.dir/pqclean_mceliece6688128_avx2/vec256.c.o
[ 35%] Building ASM object src/kem/classic_mceliece/CMakeFiles/classic_mceliece_460896_avx2.dir/pqclean_mceliece460896_avx2/vec256_mul_asm.S.o
[ 35%] Building ASM object src/kem/classic_mceliece/CMakeFiles/classic_mceliece_460896f_avx2.dir/pqclean_mceliece460896f_avx2/vec256_ama_asm.S.o
[ 35%] Building C object src/kem/classic_mceliece/CMakeFiles/classic_mceliece_6960119_avx2.dir/pqclean_mceliece6960119_avx2/decrypt.c.o
[ 35%] Building C object src/kem/classic_mceliece/CMakeFiles/classic_mceliece_6960119_clean.dir/pqclean_mceliece6960119_clean/synd.c.o
[ 36%] Building C object src/kem/classic_mceliece/CMakeFiles/classic_mceliece_6960119f_clean.dir/pqclean_mceliece6960119f_clean/crypto_uint64.c.o
[ 36%] Building ASM object src/kem/classic_mceliece/CMakeFiles/classic_mceliece_460896_avx2.dir/pqclean_mceliece460896_avx2/vec_reduce_asm.S.o
[ 36%] Building ASM object src/kem/classic_mceliece/CMakeFiles/classic_mceliece_460896f_avx2.dir/pqclean_mceliece460896f_avx2/vec256_maa_asm.S.o
[ 36%] Building C object src/kem/classic_mceliece/CMakeFiles/classic_mceliece_6688128f_avx2.dir/pqclean_mceliece6688128f_avx2/gf.c.o
[ 36%] Building C object src/sig/slh_dsa/CMakeFiles/slh_dsa_c.dir/wrappers/prehash_shake_256/slh_dsa_shake_256_prehash_shake_256s.c.o
[ 36%] Building C object src/kem/classic_mceliece/CMakeFiles/classic_mceliece_8192128_clean.dir/pqclean_mceliece8192128_clean/aes256ctr.c.o
[ 36%] Built target classic_mceliece_460896_avx2
[ 36%] Building ASM object src/kem/classic_mceliece/CMakeFiles/classic_mceliece_460896f_avx2.dir/pqclean_mceliece460896f_avx2/vec256_mul_asm.S.o
[ 36%] Building C object src/kem/classic_mceliece/CMakeFiles/classic_mceliece_6960119f_clean.dir/pqclean_mceliece6960119f_clean/decrypt.c.o
[ 36%] Building C object src/kem/classic_mceliece/CMakeFiles/classic_mceliece_8192128_clean.dir/pqclean_mceliece8192128_clean/benes.c.o
[ 36%] Building C object src/kem/classic_mceliece/CMakeFiles/classic_mceliece_6960119_clean.dir/pqclean_mceliece6960119_clean/transpose.c.o
[ 36%] Building ASM object src/kem/classic_mceliece/CMakeFiles/classic_mceliece_460896f_avx2.dir/pqclean_mceliece460896f_avx2/vec_reduce_asm.S.o
[ 36%] Building C object src/kem/classic_mceliece/CMakeFiles/classic_mceliece_6960119_avx2.dir/pqclean_mceliece6960119_avx2/encrypt.c.o
[ 36%] Building C object src/kem/classic_mceliece/CMakeFiles/classic_mceliece_6960119f_avx2.dir/pqclean_mceliece6960119f_avx2/bm.c.o
[ 36%] Built target classic_mceliece_460896f_avx2
[ 36%] Building C object src/kem/classic_mceliece/CMakeFiles/classic_mceliece_6688128f_avx2.dir/pqclean_mceliece6688128f_avx2/operations.c.o
[ 36%] Building C object src/sig/slh_dsa/CMakeFiles/slh_dsa_c.dir/wrappers/pure/slh_dsa_pure_sha2_128f.c.o
[ 36%] Building C object src/kem/classic_mceliece/CMakeFiles/classic_mceliece_6960119f_clean.dir/pqclean_mceliece6960119f_clean/encrypt.c.o
[ 36%] Building ASM object src/kem/classic_mceliece/CMakeFiles/classic_mceliece_6688128_avx2.dir/pqclean_mceliece6688128_avx2/vec256_ama_asm.S.o
[ 36%] Building C object src/kem/classic_mceliece/CMakeFiles/classic_mceliece_6960119_clean.dir/pqclean_mceliece6960119_clean/util.c.o
[ 36%] Building C object src/kem/classic_mceliece/CMakeFiles/classic_mceliece_8192128_avx2.dir/pqclean_mceliece8192128_avx2/aes256ctr.c.o
[ 36%] Built target classic_mceliece_6960119_clean
[ 36%] Building C object src/kem/classic_mceliece/CMakeFiles/classic_mceliece_8192128f_clean.dir/kem_classic_mceliece_8192128f.c.o
[ 36%] Building C object src/kem/classic_mceliece/CMakeFiles/classic_mceliece_6688128f_avx2.dir/pqclean_mceliece6688128f_avx2/pk_gen.c.o
[ 36%] Building C object src/sig/slh_dsa/CMakeFiles/slh_dsa_c.dir/wrappers/pure/slh_dsa_pure_sha2_128s.c.o
[ 36%] Building C object src/kem/classic_mceliece/CMakeFiles/classic_mceliece_8192128f_avx2.dir/pqclean_mceliece8192128f_avx2/aes256ctr.c.o
[ 36%] Building C object src/kem/classic_mceliece/CMakeFiles/classic_mceliece_8192128_avx2.dir/pqclean_mceliece8192128_avx2/benes.c.o
[ 36%] Building C object src/kem/classic_mceliece/CMakeFiles/classic_mceliece_6960119f_clean.dir/pqclean_mceliece6960119f_clean/gf.c.o
[ 36%] Building C object src/kem/classic_mceliece/CMakeFiles/classic_mceliece_8192128f_clean.dir/pqclean_mceliece8192128f_clean/aes256ctr.c.o
[ 36%] Building C object src/kem/classic_mceliece/CMakeFiles/classic_mceliece_8192128f_avx2.dir/pqclean_mceliece8192128f_avx2/benes.c.o
[ 36%] Building C object src/sig/slh_dsa/CMakeFiles/slh_dsa_c.dir/wrappers/pure/slh_dsa_pure_sha2_192f.c.o
[ 36%] Building C object src/kem/classic_mceliece/CMakeFiles/classic_mceliece_8192128_clean.dir/pqclean_mceliece8192128_clean/bm.c.o
[ 36%] Building C object src/kem/classic_mceliece/CMakeFiles/classic_mceliece_8192128f_clean.dir/pqclean_mceliece8192128f_clean/benes.c.o
[ 36%] Building C object src/kem/classic_mceliece/CMakeFiles/classic_mceliece_6960119f_clean.dir/pqclean_mceliece6960119f_clean/operations.c.o
[ 36%] Building C object src/kem/classic_mceliece/CMakeFiles/classic_mceliece_8192128_clean.dir/pqclean_mceliece8192128_clean/controlbits.c.o
[ 36%] Building C object src/sig/slh_dsa/CMakeFiles/slh_dsa_c.dir/wrappers/pure/slh_dsa_pure_sha2_192s.c.o
[ 36%] Building ASM object src/kem/classic_mceliece/CMakeFiles/classic_mceliece_6688128_avx2.dir/pqclean_mceliece6688128_avx2/vec256_maa_asm.S.o
[ 36%] Building ASM object src/kem/classic_mceliece/CMakeFiles/classic_mceliece_6688128_avx2.dir/pqclean_mceliece6688128_avx2/vec256_mul_asm.S.o
[ 36%] Building C object src/kem/classic_mceliece/CMakeFiles/classic_mceliece_6960119f_clean.dir/pqclean_mceliece6960119f_clean/pk_gen.c.o
[ 36%] Building ASM object src/kem/classic_mceliece/CMakeFiles/classic_mceliece_6688128_avx2.dir/pqclean_mceliece6688128_avx2/vec_reduce_asm.S.o
[ 36%] Building C object src/kem/classic_mceliece/CMakeFiles/classic_mceliece_6960119_avx2.dir/pqclean_mceliece6960119_avx2/fft.c.o
[ 36%] Building C object src/sig/slh_dsa/CMakeFiles/slh_dsa_c.dir/wrappers/pure/slh_dsa_pure_sha2_256f.c.o
[ 36%] Built target classic_mceliece_6688128_avx2
[ 36%] Building C object src/kem/classic_mceliece/CMakeFiles/classic_mceliece_8192128_clean.dir/pqclean_mceliece8192128_clean/crypto_int16.c.o
[ 36%] Building ASM object src/kem/classic_mceliece/CMakeFiles/classic_mceliece_6960119f_avx2.dir/pqclean_mceliece6960119f_avx2/consts.S.o
[ 36%] Building C object src/kem/classic_mceliece/CMakeFiles/classic_mceliece_6960119f_avx2.dir/pqclean_mceliece6960119f_avx2/controlbits.c.o
[ 36%] Building C object src/kem/classic_mceliece/CMakeFiles/classic_mceliece_6960119f_clean.dir/pqclean_mceliece6960119f_clean/root.c.o
[ 36%] Building C object src/sig/slh_dsa/CMakeFiles/slh_dsa_c.dir/wrappers/pure/slh_dsa_pure_sha2_256s.c.o
[ 36%] Building C object src/kem/classic_mceliece/CMakeFiles/classic_mceliece_8192128f_clean.dir/pqclean_mceliece8192128f_clean/bm.c.o
[ 36%] Building C object src/kem/classic_mceliece/CMakeFiles/classic_mceliece_6688128f_avx2.dir/pqclean_mceliece6688128f_avx2/sk_gen.c.o
[ 36%] Building C object src/kem/classic_mceliece/CMakeFiles/classic_mceliece_8192128f_clean.dir/pqclean_mceliece8192128f_clean/controlbits.c.o
[ 36%] Building C object src/sig/slh_dsa/CMakeFiles/slh_dsa_c.dir/wrappers/pure/slh_dsa_pure_shake_128f.c.o
[ 36%] Building C object src/kem/classic_mceliece/CMakeFiles/classic_mceliece_6960119f_avx2.dir/pqclean_mceliece6960119f_avx2/crypto_int16.c.o
[ 36%] Building C object src/kem/classic_mceliece/CMakeFiles/classic_mceliece_8192128_avx2.dir/pqclean_mceliece8192128_avx2/bm.c.o
[ 36%] Building C object src/kem/classic_mceliece/CMakeFiles/classic_mceliece_6960119f_avx2.dir/pqclean_mceliece6960119f_avx2/crypto_int32.c.o
[ 36%] Building C object src/kem/classic_mceliece/CMakeFiles/classic_mceliece_8192128f_avx2.dir/pqclean_mceliece8192128f_avx2/bm.c.o
[ 36%] Building C object src/kem/classic_mceliece/CMakeFiles/classic_mceliece_6960119f_clean.dir/pqclean_mceliece6960119f_clean/sk_gen.c.o
[ 36%] Building C object src/sig/slh_dsa/CMakeFiles/slh_dsa_c.dir/wrappers/pure/slh_dsa_pure_shake_128s.c.o
[ 36%] Building C object src/kem/classic_mceliece/CMakeFiles/classic_mceliece_8192128_clean.dir/pqclean_mceliece8192128_clean/crypto_int32.c.o
[ 36%] Building C object src/kem/classic_mceliece/CMakeFiles/classic_mceliece_6960119f_avx2.dir/pqclean_mceliece6960119f_avx2/crypto_uint16.c.o
[ 36%] Building C object src/kem/classic_mceliece/CMakeFiles/classic_mceliece_6960119f_avx2.dir/pqclean_mceliece6960119f_avx2/crypto_uint32.c.o
[ 36%] Building C object src/kem/classic_mceliece/CMakeFiles/classic_mceliece_6960119f_clean.dir/pqclean_mceliece6960119f_clean/synd.c.o
[ 36%] Building C object src/sig/slh_dsa/CMakeFiles/slh_dsa_c.dir/wrappers/pure/slh_dsa_pure_shake_192f.c.o
[ 37%] Building C object src/kem/classic_mceliece/CMakeFiles/classic_mceliece_8192128_clean.dir/pqclean_mceliece8192128_clean/crypto_uint16.c.o
[ 37%] Building C object src/kem/classic_mceliece/CMakeFiles/classic_mceliece_6960119f_avx2.dir/pqclean_mceliece6960119f_avx2/crypto_uint64.c.o
[ 37%] Building C object src/kem/classic_mceliece/CMakeFiles/classic_mceliece_6960119_avx2.dir/pqclean_mceliece6960119_avx2/fft_tr.c.o
[ 37%] Building C object src/kem/classic_mceliece/CMakeFiles/classic_mceliece_6960119f_clean.dir/pqclean_mceliece6960119f_clean/transpose.c.o
[ 37%] Building C object src/kem/classic_mceliece/CMakeFiles/classic_mceliece_8192128_clean.dir/pqclean_mceliece8192128_clean/crypto_uint32.c.o
[ 37%] Building C object src/kem/classic_mceliece/CMakeFiles/classic_mceliece_6960119f_avx2.dir/pqclean_mceliece6960119f_avx2/decrypt.c.o
[ 37%] Building C object src/sig/slh_dsa/CMakeFiles/slh_dsa_c.dir/wrappers/pure/slh_dsa_pure_shake_192s.c.o
[ 37%] Building C object src/kem/classic_mceliece/CMakeFiles/classic_mceliece_6960119f_clean.dir/pqclean_mceliece6960119f_clean/util.c.o
[ 37%] Building C object src/kem/classic_mceliece/CMakeFiles/classic_mceliece_8192128_clean.dir/pqclean_mceliece8192128_clean/crypto_uint64.c.o
[ 37%] Built target classic_mceliece_6960119f_clean
[ 37%] Building C object src/kem/classic_mceliece/CMakeFiles/classic_mceliece_8192128_clean.dir/pqclean_mceliece8192128_clean/decrypt.c.o
[ 37%] Building C object src/kem/classic_mceliece/CMakeFiles/classic_mceliece_6960119_avx2.dir/pqclean_mceliece6960119_avx2/gf.c.o
[ 37%] Building C object src/sig/slh_dsa/CMakeFiles/slh_dsa_c.dir/wrappers/pure/slh_dsa_pure_shake_256f.c.o
[ 37%] Building ASM object src/kem/classic_mceliece/CMakeFiles/classic_mceliece_6688128f_avx2.dir/pqclean_mceliece6688128f_avx2/syndrome_asm.S.o
[ 38%] Building ASM object src/kem/classic_mceliece/CMakeFiles/classic_mceliece_6688128f_avx2.dir/pqclean_mceliece6688128f_avx2/transpose_64x128_sp_asm.S.o
[ 38%] Building C object src/kem/classic_mceliece/CMakeFiles/classic_mceliece_8192128_clean.dir/pqclean_mceliece8192128_clean/encrypt.c.o
[ 39%] Building C object src/kem/classic_mceliece/CMakeFiles/classic_mceliece_8192128f_clean.dir/pqclean_mceliece8192128f_clean/crypto_int16.c.o
[ 39%] Building ASM object src/kem/classic_mceliece/CMakeFiles/classic_mceliece_8192128_avx2.dir/pqclean_mceliece8192128_avx2/consts.S.o
[ 39%] Building ASM object src/kem/classic_mceliece/CMakeFiles/classic_mceliece_6688128f_avx2.dir/pqclean_mceliece6688128f_avx2/transpose_64x256_sp_asm.S.o
[ 39%] Building C object src/kem/classic_mceliece/CMakeFiles/classic_mceliece_6960119f_avx2.dir/pqclean_mceliece6960119f_avx2/encrypt.c.o
[ 39%] Building ASM object src/kem/classic_mceliece/CMakeFiles/classic_mceliece_8192128f_avx2.dir/pqclean_mceliece8192128f_avx2/consts.S.o
[ 39%] Building C object src/kem/classic_mceliece/CMakeFiles/classic_mceliece_8192128_avx2.dir/pqclean_mceliece8192128_avx2/controlbits.c.o
[ 39%] Building C object src/sig/slh_dsa/CMakeFiles/slh_dsa_c.dir/wrappers/pure/slh_dsa_pure_shake_256s.c.o
[ 39%] Building C object src/kem/classic_mceliece/CMakeFiles/classic_mceliece_8192128f_clean.dir/pqclean_mceliece8192128f_clean/crypto_int32.c.o
[ 39%] Building ASM object src/kem/classic_mceliece/CMakeFiles/classic_mceliece_6688128f_avx2.dir/pqclean_mceliece6688128f_avx2/transpose_64x64_asm.S.o
[ 40%] Building C object src/kem/kyber/CMakeFiles/kyber_512_ref.dir/kem_kyber_512.c.o
[ 40%] Building C object src/kem/classic_mceliece/CMakeFiles/classic_mceliece_8192128f_clean.dir/pqclean_mceliece8192128f_clean/crypto_uint16.c.o
[ 40%] Building C object src/kem/classic_mceliece/CMakeFiles/classic_mceliece_8192128f_avx2.dir/pqclean_mceliece8192128f_avx2/controlbits.c.o
[ 40%] Building ASM object src/kem/classic_mceliece/CMakeFiles/classic_mceliece_6688128f_avx2.dir/pqclean_mceliece6688128f_avx2/update_asm.S.o
[ 40%] Building C object src/kem/classic_mceliece/CMakeFiles/classic_mceliece_8192128_clean.dir/pqclean_mceliece8192128_clean/gf.c.o
[ 40%] Building C object src/kem/kyber/CMakeFiles/kyber_512_ref.dir/pqcrystals-kyber_kyber512_ref/cbd.c.o
[ 40%] Building C object src/kem/classic_mceliece/CMakeFiles/classic_mceliece_6688128f_avx2.dir/pqclean_mceliece6688128f_avx2/vec128.c.o
[ 40%] Built target slh_dsa_c
[ 40%] Building C object src/kem/classic_mceliece/CMakeFiles/classic_mceliece_8192128f_clean.dir/pqclean_mceliece8192128f_clean/crypto_uint32.c.o
[ 40%] Building C object src/kem/kyber/CMakeFiles/kyber_512_ref.dir/pqcrystals-kyber_kyber512_ref/indcpa.c.o
[ 40%] Building C object src/kem/classic_mceliece/CMakeFiles/classic_mceliece_8192128_avx2.dir/pqclean_mceliece8192128_avx2/crypto_int16.c.o
[ 40%] Building ASM object src/kem/kyber/CMakeFiles/kyber_512_avx2.dir/pqcrystals-kyber_kyber512_avx2/basemul.S.o
[ 40%] Building ASM object src/kem/classic_mceliece/CMakeFiles/classic_mceliece_6688128f_avx2.dir/pqclean_mceliece6688128f_avx2/vec128_mul_asm.S.o
[ 40%] Building C object src/kem/classic_mceliece/CMakeFiles/classic_mceliece_8192128f_clean.dir/pqclean_mceliece8192128f_clean/crypto_uint64.c.o
[ 40%] Building C object src/kem/classic_mceliece/CMakeFiles/classic_mceliece_8192128_clean.dir/pqclean_mceliece8192128_clean/operations.c.o
[ 40%] Building C object src/kem/kyber/CMakeFiles/kyber_512_avx2.dir/pqcrystals-kyber_kyber512_avx2/cbd.c.o
[ 40%] Building C object src/kem/classic_mceliece/CMakeFiles/classic_mceliece_6688128f_avx2.dir/pqclean_mceliece6688128f_avx2/vec256.c.o
[ 40%] Building C object src/kem/classic_mceliece/CMakeFiles/classic_mceliece_8192128_avx2.dir/pqclean_mceliece8192128_avx2/crypto_int32.c.o
[ 40%] Building C object src/kem/classic_mceliece/CMakeFiles/classic_mceliece_8192128_avx2.dir/pqclean_mceliece8192128_avx2/crypto_uint16.c.o
[ 40%] Building C object src/kem/classic_mceliece/CMakeFiles/classic_mceliece_8192128f_avx2.dir/pqclean_mceliece8192128f_avx2/crypto_int16.c.o
[ 40%] Building C object src/kem/kyber/CMakeFiles/kyber_512_ref.dir/pqcrystals-kyber_kyber512_ref/kem.c.o
[ 40%] Building C object src/kem/classic_mceliece/CMakeFiles/classic_mceliece_8192128f_clean.dir/pqclean_mceliece8192128f_clean/decrypt.c.o
[ 40%] Building C object src/kem/classic_mceliece/CMakeFiles/classic_mceliece_6960119f_avx2.dir/pqclean_mceliece6960119f_avx2/fft.c.o
[ 40%] Building C object src/kem/classic_mceliece/CMakeFiles/classic_mceliece_8192128f_avx2.dir/pqclean_mceliece8192128f_avx2/crypto_int32.c.o
[ 40%] Building C object src/kem/classic_mceliece/CMakeFiles/classic_mceliece_8192128_avx2.dir/pqclean_mceliece8192128_avx2/crypto_uint32.c.o
[ 40%] Building C object src/kem/classic_mceliece/CMakeFiles/classic_mceliece_6960119_avx2.dir/pqclean_mceliece6960119_avx2/operations.c.o
[ 40%] Building C object src/kem/classic_mceliece/CMakeFiles/classic_mceliece_8192128_clean.dir/pqclean_mceliece8192128_clean/pk_gen.c.o
[ 40%] Building C object src/kem/kyber/CMakeFiles/kyber_512_ref.dir/pqcrystals-kyber_kyber512_ref/ntt.c.o
[ 40%] Building C object src/kem/classic_mceliece/CMakeFiles/classic_mceliece_8192128f_clean.dir/pqclean_mceliece8192128f_clean/encrypt.c.o
[ 40%] Building C object src/kem/classic_mceliece/CMakeFiles/classic_mceliece_8192128f_avx2.dir/pqclean_mceliece8192128f_avx2/crypto_uint16.c.o
[ 40%] Building C object src/kem/classic_mceliece/CMakeFiles/classic_mceliece_8192128_avx2.dir/pqclean_mceliece8192128_avx2/crypto_uint64.c.o
[ 40%] Building C object src/kem/classic_mceliece/CMakeFiles/classic_mceliece_8192128f_avx2.dir/pqclean_mceliece8192128f_avx2/crypto_uint32.c.o
[ 40%] Building C object src/kem/kyber/CMakeFiles/kyber_512_ref.dir/pqcrystals-kyber_kyber512_ref/poly.c.o
[ 40%] Building C object src/kem/classic_mceliece/CMakeFiles/classic_mceliece_8192128_avx2.dir/pqclean_mceliece8192128_avx2/decrypt.c.o
[ 41%] Building C object src/kem/kyber/CMakeFiles/kyber_768_ref.dir/kem_kyber_768.c.o
[ 41%] Building C object src/kem/classic_mceliece/CMakeFiles/classic_mceliece_8192128f_avx2.dir/pqclean_mceliece8192128f_avx2/crypto_uint64.c.o
[ 41%] Building C object src/kem/classic_mceliece/CMakeFiles/classic_mceliece_8192128_clean.dir/pqclean_mceliece8192128_clean/root.c.o
[ 41%] Building C object src/kem/classic_mceliece/CMakeFiles/classic_mceliece_8192128f_clean.dir/pqclean_mceliece8192128f_clean/gf.c.o
[ 41%] Building C object src/kem/classic_mceliece/CMakeFiles/classic_mceliece_8192128f_avx2.dir/pqclean_mceliece8192128f_avx2/decrypt.c.o
[ 41%] Building C object src/kem/classic_mceliece/CMakeFiles/classic_mceliece_8192128_clean.dir/pqclean_mceliece8192128_clean/sk_gen.c.o
[ 41%] Building C object src/kem/classic_mceliece/CMakeFiles/classic_mceliece_6960119_avx2.dir/pqclean_mceliece6960119_avx2/pk_gen.c.o
[ 41%] Building C object src/kem/kyber/CMakeFiles/kyber_768_ref.dir/pqcrystals-kyber_kyber768_ref/cbd.c.o
[ 41%] Building C object src/kem/classic_mceliece/CMakeFiles/classic_mceliece_8192128_clean.dir/pqclean_mceliece8192128_clean/synd.c.o
[ 41%] Building C object src/kem/kyber/CMakeFiles/kyber_768_ref.dir/pqcrystals-kyber_kyber768_ref/indcpa.c.o
[ 41%] Building C object src/kem/classic_mceliece/CMakeFiles/classic_mceliece_8192128f_clean.dir/pqclean_mceliece8192128f_clean/operations.c.o
[ 41%] Building C object src/kem/kyber/CMakeFiles/kyber_512_ref.dir/pqcrystals-kyber_kyber512_ref/polyvec.c.o
[ 41%] Building C object src/kem/classic_mceliece/CMakeFiles/classic_mceliece_8192128_clean.dir/pqclean_mceliece8192128_clean/transpose.c.o
[ 41%] Building C object src/kem/classic_mceliece/CMakeFiles/classic_mceliece_8192128f_clean.dir/pqclean_mceliece8192128f_clean/pk_gen.c.o
[ 41%] Building ASM object src/kem/classic_mceliece/CMakeFiles/classic_mceliece_6688128f_avx2.dir/pqclean_mceliece6688128f_avx2/vec256_ama_asm.S.o
[ 41%] Building C object src/kem/kyber/CMakeFiles/kyber_512_avx2.dir/pqcrystals-kyber_kyber512_avx2/consts.c.o
[ 41%] Building C object src/kem/kyber/CMakeFiles/kyber_768_ref.dir/pqcrystals-kyber_kyber768_ref/kem.c.o
[ 41%] Building C object src/kem/classic_mceliece/CMakeFiles/classic_mceliece_8192128_clean.dir/pqclean_mceliece8192128_clean/util.c.o
[ 41%] Building C object src/kem/kyber/CMakeFiles/kyber_512_ref.dir/pqcrystals-kyber_kyber512_ref/reduce.c.o
[ 41%] Building ASM object src/kem/classic_mceliece/CMakeFiles/classic_mceliece_6688128f_avx2.dir/pqclean_mceliece6688128f_avx2/vec256_maa_asm.S.o
[ 41%] Building C object src/kem/kyber/CMakeFiles/kyber_512_ref.dir/pqcrystals-kyber_kyber512_ref/symmetric-shake.c.o
[ 41%] Building C object src/kem/kyber/CMakeFiles/kyber_768_ref.dir/pqcrystals-kyber_kyber768_ref/ntt.c.o
[ 41%] Building ASM object src/kem/classic_mceliece/CMakeFiles/classic_mceliece_6688128f_avx2.dir/pqclean_mceliece6688128f_avx2/vec256_mul_asm.S.o
[ 41%] Built target classic_mceliece_8192128_clean
[ 42%] Building ASM object src/kem/classic_mceliece/CMakeFiles/classic_mceliece_6688128f_avx2.dir/pqclean_mceliece6688128f_avx2/vec_reduce_asm.S.o
[ 42%] Building C object src/kem/classic_mceliece/CMakeFiles/classic_mceliece_6960119_avx2.dir/pqclean_mceliece6960119_avx2/sk_gen.c.o
[ 42%] Building C object src/kem/kyber/CMakeFiles/kyber_512_ref.dir/pqcrystals-kyber_kyber512_ref/verify.c.o
[ 42%] Built target classic_mceliece_6688128f_avx2
[ 42%] Building C object src/kem/classic_mceliece/CMakeFiles/classic_mceliece_6960119f_avx2.dir/pqclean_mceliece6960119f_avx2/fft_tr.c.o
[ 42%] Building C object src/kem/kyber/CMakeFiles/kyber_768_ref.dir/pqcrystals-kyber_kyber768_ref/poly.c.o
[ 42%] Building C object src/kem/classic_mceliece/CMakeFiles/classic_mceliece_8192128f_clean.dir/pqclean_mceliece8192128f_clean/root.c.o
[ 42%] Building C object src/kem/classic_mceliece/CMakeFiles/classic_mceliece_8192128_avx2.dir/pqclean_mceliece8192128_avx2/encrypt.c.o
[ 42%] Built target kyber_512_ref
[ 43%] Building C object src/kem/classic_mceliece/CMakeFiles/classic_mceliece_8192128f_avx2.dir/pqclean_mceliece8192128f_avx2/encrypt.c.o
[ 43%] Building C object src/kem/classic_mceliece/CMakeFiles/classic_mceliece_8192128f_clean.dir/pqclean_mceliece8192128f_clean/sk_gen.c.o
[ 43%] Building C object src/kem/classic_mceliece/CMakeFiles/classic_mceliece_8192128_avx2.dir/pqclean_mceliece8192128_avx2/fft.c.o
[ 43%] Building ASM object src/kem/classic_mceliece/CMakeFiles/classic_mceliece_6960119_avx2.dir/pqclean_mceliece6960119_avx2/syndrome_asm.S.o
[ 43%] Building ASM object src/kem/kyber/CMakeFiles/kyber_512_avx2.dir/pqcrystals-kyber_kyber512_avx2/fq.S.o
[ 43%] Building C object src/kem/kyber/CMakeFiles/kyber_768_ref.dir/pqcrystals-kyber_kyber768_ref/polyvec.c.o
[ 43%] Building C object src/kem/classic_mceliece/CMakeFiles/classic_mceliece_8192128f_clean.dir/pqclean_mceliece8192128f_clean/synd.c.o
[ 43%] Building C object src/kem/classic_mceliece/CMakeFiles/classic_mceliece_8192128f_avx2.dir/pqclean_mceliece8192128f_avx2/fft.c.o
[ 43%] Building ASM object src/kem/kyber/CMakeFiles/kyber_768_avx2.dir/pqcrystals-kyber_kyber768_avx2/basemul.S.o
[ 43%] Building C object src/kem/kyber/CMakeFiles/kyber_768_avx2.dir/pqcrystals-kyber_kyber768_avx2/cbd.c.o
[ 43%] Building C object src/kem/classic_mceliece/CMakeFiles/classic_mceliece_8192128f_clean.dir/pqclean_mceliece8192128f_clean/transpose.c.o
[ 44%] Building C object src/kem/kyber/CMakeFiles/kyber_1024_ref.dir/kem_kyber_1024.c.o
[ 44%] Building C object src/kem/kyber/CMakeFiles/kyber_768_ref.dir/pqcrystals-kyber_kyber768_ref/reduce.c.o
[ 44%] Building C object src/kem/kyber/CMakeFiles/kyber_768_ref.dir/pqcrystals-kyber_kyber768_ref/symmetric-shake.c.o
[ 44%] Building C object src/kem/kyber/CMakeFiles/kyber_512_avx2.dir/pqcrystals-kyber_kyber512_avx2/indcpa.c.o
[ 44%] Building ASM object src/kem/kyber/CMakeFiles/kyber_512_avx2.dir/pqcrystals-kyber_kyber512_avx2/invntt.S.o
[ 44%] Building C object src/kem/classic_mceliece/CMakeFiles/classic_mceliece_8192128f_clean.dir/pqclean_mceliece8192128f_clean/util.c.o
[ 44%] Building C object src/kem/kyber/CMakeFiles/kyber_768_ref.dir/pqcrystals-kyber_kyber768_ref/verify.c.o
[ 44%] Building C object src/kem/kyber/CMakeFiles/kyber_1024_ref.dir/pqcrystals-kyber_kyber1024_ref/cbd.c.o
[ 44%] Building C object src/kem/kyber/CMakeFiles/kyber_1024_ref.dir/pqcrystals-kyber_kyber1024_ref/indcpa.c.o
[ 44%] Built target classic_mceliece_8192128f_clean
[ 44%] Building C object src/kem/classic_mceliece/CMakeFiles/classic_mceliece_6960119f_avx2.dir/pqclean_mceliece6960119f_avx2/gf.c.o
[ 44%] Built target kyber_768_ref
[ 45%] Building C object src/kem/classic_mceliece/CMakeFiles/classic_mceliece_8192128_avx2.dir/pqclean_mceliece8192128_avx2/fft_tr.c.o
[ 45%] Building C object src/kem/classic_mceliece/CMakeFiles/classic_mceliece_8192128_avx2.dir/pqclean_mceliece8192128_avx2/gf.c.o
[ 45%] Building ASM object src/kem/classic_mceliece/CMakeFiles/classic_mceliece_6960119_avx2.dir/pqclean_mceliece6960119_avx2/transpose_64x128_sp_asm.S.o
[ 45%] Building C object src/kem/classic_mceliece/CMakeFiles/classic_mceliece_8192128f_avx2.dir/pqclean_mceliece8192128f_avx2/fft_tr.c.o
[ 45%] Building C object src/kem/kyber/CMakeFiles/kyber_768_avx2.dir/pqcrystals-kyber_kyber768_avx2/consts.c.o
[ 45%] Building ASM object src/kem/classic_mceliece/CMakeFiles/classic_mceliece_6960119_avx2.dir/pqclean_mceliece6960119_avx2/transpose_64x256_sp_asm.S.o
[ 45%] Building ASM object src/kem/classic_mceliece/CMakeFiles/classic_mceliece_6960119_avx2.dir/pqclean_mceliece6960119_avx2/transpose_64x64_asm.S.o
[ 45%] Building C object src/kem/kyber/CMakeFiles/kyber_1024_ref.dir/pqcrystals-kyber_kyber1024_ref/kem.c.o
[ 45%] Building ASM object src/kem/classic_mceliece/CMakeFiles/classic_mceliece_6960119_avx2.dir/pqclean_mceliece6960119_avx2/update_asm.S.o
[ 45%] Building C object src/kem/classic_mceliece/CMakeFiles/classic_mceliece_6960119_avx2.dir/pqclean_mceliece6960119_avx2/vec128.c.o
[ 45%] Building C object src/kem/kyber/CMakeFiles/kyber_1024_ref.dir/pqcrystals-kyber_kyber1024_ref/ntt.c.o
[ 45%] Building C object src/kem/kyber/CMakeFiles/kyber_1024_ref.dir/pqcrystals-kyber_kyber1024_ref/poly.c.o
[ 45%] Building ASM object src/kem/classic_mceliece/CMakeFiles/classic_mceliece_6960119_avx2.dir/pqclean_mceliece6960119_avx2/vec128_mul_asm.S.o
[ 45%] Building C object src/kem/classic_mceliece/CMakeFiles/classic_mceliece_8192128f_avx2.dir/pqclean_mceliece8192128f_avx2/gf.c.o
[ 45%] Building C object src/kem/classic_mceliece/CMakeFiles/classic_mceliece_6960119_avx2.dir/pqclean_mceliece6960119_avx2/vec256.c.o
[ 45%] Building C object src/kem/kyber/CMakeFiles/kyber_512_avx2.dir/pqcrystals-kyber_kyber512_avx2/kem.c.o
[ 46%] Building C object src/kem/classic_mceliece/CMakeFiles/classic_mceliece_6960119f_avx2.dir/pqclean_mceliece6960119f_avx2/operations.c.o
[ 46%] Building ASM object src/kem/classic_mceliece/CMakeFiles/classic_mceliece_6960119_avx2.dir/pqclean_mceliece6960119_avx2/vec256_ama_asm.S.o
[ 46%] Building C object src/kem/classic_mceliece/CMakeFiles/classic_mceliece_6960119f_avx2.dir/pqclean_mceliece6960119f_avx2/pk_gen.c.o
[ 46%] Building ASM object src/kem/kyber/CMakeFiles/kyber_1024_avx2.dir/pqcrystals-kyber_kyber1024_avx2/basemul.S.o
[ 46%] Building ASM object src/kem/kyber/CMakeFiles/kyber_768_avx2.dir/pqcrystals-kyber_kyber768_avx2/fq.S.o
[ 46%] Building C object src/kem/kyber/CMakeFiles/kyber_768_avx2.dir/pqcrystals-kyber_kyber768_avx2/indcpa.c.o
[ 46%] Building C object src/kem/kyber/CMakeFiles/kyber_1024_ref.dir/pqcrystals-kyber_kyber1024_ref/polyvec.c.o
[ 46%] Building C object src/kem/kyber/CMakeFiles/kyber_1024_avx2.dir/pqcrystals-kyber_kyber1024_avx2/cbd.c.o
[ 46%] Building C object src/kem/kyber/CMakeFiles/kyber_1024_ref.dir/pqcrystals-kyber_kyber1024_ref/reduce.c.o
[ 46%] Building C object src/kem/kyber/CMakeFiles/kyber_1024_ref.dir/pqcrystals-kyber_kyber1024_ref/symmetric-shake.c.o
[ 46%] Building C object src/kem/kyber/CMakeFiles/kyber_1024_ref.dir/pqcrystals-kyber_kyber1024_ref/verify.c.o
[ 46%] Building ASM object src/kem/classic_mceliece/CMakeFiles/classic_mceliece_6960119_avx2.dir/pqclean_mceliece6960119_avx2/vec256_maa_asm.S.o
[ 46%] Building C object src/kem/classic_mceliece/CMakeFiles/classic_mceliece_8192128_avx2.dir/pqclean_mceliece8192128_avx2/operations.c.o
[ 46%] Building C object src/kem/ml_kem/CMakeFiles/ml_kem_512_ref.dir/kem_ml_kem_512.c.o
[ 46%] Built target kyber_1024_ref
[ 46%] Building ASM object src/kem/classic_mceliece/CMakeFiles/classic_mceliece_6960119_avx2.dir/pqclean_mceliece6960119_avx2/vec256_mul_asm.S.o
[ 46%] Building ASM object src/kem/kyber/CMakeFiles/kyber_768_avx2.dir/pqcrystals-kyber_kyber768_avx2/invntt.S.o
[ 46%] Building ASM object src/kem/classic_mceliece/CMakeFiles/classic_mceliece_6960119_avx2.dir/pqclean_mceliece6960119_avx2/vec_reduce_asm.S.o
[ 46%] Building ASM object src/kem/kyber/CMakeFiles/kyber_512_avx2.dir/pqcrystals-kyber_kyber512_avx2/ntt.S.o
[ 46%] Building C object src/kem/ml_kem/CMakeFiles/ml_kem_512_ref.dir/mlkem-native_ml-kem-512_ref/mlkem/src/compress.c.o
[ 46%] Building C object src/kem/ml_kem/CMakeFiles/ml_kem_512_ref.dir/mlkem-native_ml-kem-512_ref/mlkem/src/debug.c.o
[ 46%] Building C object src/kem/classic_mceliece/CMakeFiles/classic_mceliece_8192128_avx2.dir/pqclean_mceliece8192128_avx2/pk_gen.c.o
[ 46%] Built target classic_mceliece_6960119_avx2
[ 46%] Building C object src/kem/kyber/CMakeFiles/kyber_512_avx2.dir/pqcrystals-kyber_kyber512_avx2/poly.c.o
[ 46%] Building C object src/kem/classic_mceliece/CMakeFiles/classic_mceliece_6960119f_avx2.dir/pqclean_mceliece6960119f_avx2/sk_gen.c.o
[ 46%] Building C object src/kem/classic_mceliece/CMakeFiles/classic_mceliece_8192128f_avx2.dir/pqclean_mceliece8192128f_avx2/operations.c.o
[ 46%] Building C object src/kem/kyber/CMakeFiles/kyber_1024_avx2.dir/pqcrystals-kyber_kyber1024_avx2/consts.c.o
[ 46%] Building C object src/kem/ml_kem/CMakeFiles/ml_kem_512_x86_64.dir/mlkem-native_ml-kem-512_x86_64/mlkem/src/compress.c.o
[ 46%] Building C object src/kem/ml_kem/CMakeFiles/ml_kem_768_ref.dir/kem_ml_kem_768.c.o
[ 46%] Building C object src/kem/classic_mceliece/CMakeFiles/classic_mceliece_8192128f_avx2.dir/pqclean_mceliece8192128f_avx2/pk_gen.c.o
[ 46%] Building C object src/kem/ml_kem/CMakeFiles/ml_kem_768_ref.dir/mlkem-native_ml-kem-768_ref/mlkem/src/compress.c.o
[ 46%] Building C object src/kem/ml_kem/CMakeFiles/ml_kem_512_ref.dir/mlkem-native_ml-kem-512_ref/mlkem/src/indcpa.c.o
[ 46%] Building C object src/kem/classic_mceliece/CMakeFiles/classic_mceliece_8192128f_avx2.dir/pqclean_mceliece8192128f_avx2/sk_gen.c.o
[ 46%] Building C object src/kem/kyber/CMakeFiles/kyber_768_avx2.dir/pqcrystals-kyber_kyber768_avx2/kem.c.o
[ 46%] Building C object src/kem/ml_kem/CMakeFiles/ml_kem_768_ref.dir/mlkem-native_ml-kem-768_ref/mlkem/src/debug.c.o
[ 46%] Building C object src/kem/ml_kem/CMakeFiles/ml_kem_768_ref.dir/mlkem-native_ml-kem-768_ref/mlkem/src/indcpa.c.o
[ 46%] Building ASM object src/kem/kyber/CMakeFiles/kyber_1024_avx2.dir/pqcrystals-kyber_kyber1024_avx2/fq.S.o
[ 46%] Building C object src/kem/kyber/CMakeFiles/kyber_1024_avx2.dir/pqcrystals-kyber_kyber1024_avx2/indcpa.c.o
[ 46%] Building ASM object src/kem/classic_mceliece/CMakeFiles/classic_mceliece_6960119f_avx2.dir/pqclean_mceliece6960119f_avx2/syndrome_asm.S.o
[ 46%] Building ASM object src/kem/classic_mceliece/CMakeFiles/classic_mceliece_6960119f_avx2.dir/pqclean_mceliece6960119f_avx2/transpose_64x128_sp_asm.S.o
[ 46%] Building C object src/kem/classic_mceliece/CMakeFiles/classic_mceliece_8192128_avx2.dir/pqclean_mceliece8192128_avx2/sk_gen.c.o
[ 46%] Building C object src/kem/ml_kem/CMakeFiles/ml_kem_512_x86_64.dir/mlkem-native_ml-kem-512_x86_64/mlkem/src/debug.c.o
[ 46%] Building C object src/kem/kyber/CMakeFiles/kyber_512_avx2.dir/pqcrystals-kyber_kyber512_avx2/polyvec.c.o
[ 46%] Building ASM object src/kem/classic_mceliece/CMakeFiles/classic_mceliece_6960119f_avx2.dir/pqclean_mceliece6960119f_avx2/transpose_64x256_sp_asm.S.o
[ 46%] Building ASM object src/kem/classic_mceliece/CMakeFiles/classic_mceliece_6960119f_avx2.dir/pqclean_mceliece6960119f_avx2/transpose_64x64_asm.S.o
[ 47%] Building C object src/kem/ml_kem/CMakeFiles/ml_kem_512_ref.dir/mlkem-native_ml-kem-512_ref/mlkem/src/kem.c.o
[ 47%] Building ASM object src/kem/classic_mceliece/CMakeFiles/classic_mceliece_6960119f_avx2.dir/pqclean_mceliece6960119f_avx2/update_asm.S.o
[ 47%] Building ASM object src/kem/kyber/CMakeFiles/kyber_768_avx2.dir/pqcrystals-kyber_kyber768_avx2/ntt.S.o
[ 47%] Building C object src/kem/classic_mceliece/CMakeFiles/classic_mceliece_6960119f_avx2.dir/pqclean_mceliece6960119f_avx2/vec128.c.o
[ 47%] Building C object src/kem/kyber/CMakeFiles/kyber_768_avx2.dir/pqcrystals-kyber_kyber768_avx2/poly.c.o
[ 47%] Building C object src/kem/ml_kem/CMakeFiles/ml_kem_768_x86_64.dir/mlkem-native_ml-kem-768_x86_64/mlkem/src/compress.c.o
[ 47%] Building ASM object src/kem/classic_mceliece/CMakeFiles/classic_mceliece_6960119f_avx2.dir/pqclean_mceliece6960119f_avx2/vec128_mul_asm.S.o
[ 47%] Building ASM object src/kem/classic_mceliece/CMakeFiles/classic_mceliece_8192128f_avx2.dir/pqclean_mceliece8192128f_avx2/syndrome_asm.S.o
[ 47%] Building C object src/kem/classic_mceliece/CMakeFiles/classic_mceliece_6960119f_avx2.dir/pqclean_mceliece6960119f_avx2/vec256.c.o
[ 47%] Building ASM object src/kem/classic_mceliece/CMakeFiles/classic_mceliece_8192128f_avx2.dir/pqclean_mceliece8192128f_avx2/transpose_64x128_sp_asm.S.o
[ 47%] Building ASM object src/kem/classic_mceliece/CMakeFiles/classic_mceliece_8192128f_avx2.dir/pqclean_mceliece8192128f_avx2/transpose_64x256_sp_asm.S.o
[ 47%] Building ASM object src/kem/classic_mceliece/CMakeFiles/classic_mceliece_8192128f_avx2.dir/pqclean_mceliece8192128f_avx2/transpose_64x64_asm.S.o
[ 47%] Building C object src/kem/ml_kem/CMakeFiles/ml_kem_512_x86_64.dir/mlkem-native_ml-kem-512_x86_64/mlkem/src/indcpa.c.o
[ 47%] Building C object src/kem/ml_kem/CMakeFiles/ml_kem_768_ref.dir/mlkem-native_ml-kem-768_ref/mlkem/src/kem.c.o
[ 47%] Building ASM object src/kem/classic_mceliece/CMakeFiles/classic_mceliece_8192128f_avx2.dir/pqclean_mceliece8192128f_avx2/update_asm.S.o
[ 47%] Building C object src/kem/classic_mceliece/CMakeFiles/classic_mceliece_8192128f_avx2.dir/pqclean_mceliece8192128f_avx2/vec128.c.o
[ 47%] Building ASM object src/kem/classic_mceliece/CMakeFiles/classic_mceliece_8192128_avx2.dir/pqclean_mceliece8192128_avx2/syndrome_asm.S.o
[ 47%] Building ASM object src/kem/kyber/CMakeFiles/kyber_1024_avx2.dir/pqcrystals-kyber_kyber1024_avx2/invntt.S.o
[ 47%] Building C object src/kem/kyber/CMakeFiles/kyber_512_avx2.dir/pqcrystals-kyber_kyber512_avx2/rejsample.c.o
[ 47%] Building ASM object src/kem/classic_mceliece/CMakeFiles/classic_mceliece_8192128_avx2.dir/pqclean_mceliece8192128_avx2/transpose_64x128_sp_asm.S.o
[ 47%] Building C object src/kem/kyber/CMakeFiles/kyber_1024_avx2.dir/pqcrystals-kyber_kyber1024_avx2/kem.c.o
[ 47%] Building ASM object src/kem/classic_mceliece/CMakeFiles/classic_mceliece_8192128f_avx2.dir/pqclean_mceliece8192128f_avx2/vec128_mul_asm.S.o
[ 47%] Building ASM object src/kem/classic_mceliece/CMakeFiles/classic_mceliece_8192128_avx2.dir/pqclean_mceliece8192128_avx2/transpose_64x256_sp_asm.S.o
[ 47%] Building C object src/kem/classic_mceliece/CMakeFiles/classic_mceliece_8192128f_avx2.dir/pqclean_mceliece8192128f_avx2/vec256.c.o
[ 47%] Building ASM object src/kem/classic_mceliece/CMakeFiles/classic_mceliece_8192128_avx2.dir/pqclean_mceliece8192128_avx2/transpose_64x64_asm.S.o
[ 47%] Building C object src/kem/ml_kem/CMakeFiles/ml_kem_512_ref.dir/mlkem-native_ml-kem-512_ref/mlkem/src/poly.c.o
[ 47%] Building ASM object src/kem/classic_mceliece/CMakeFiles/classic_mceliece_8192128_avx2.dir/pqclean_mceliece8192128_avx2/update_asm.S.o
[ 47%] Building C object src/kem/classic_mceliece/CMakeFiles/classic_mceliece_8192128_avx2.dir/pqclean_mceliece8192128_avx2/vec128.c.o
[ 47%] Building C object src/kem/kyber/CMakeFiles/kyber_768_avx2.dir/pqcrystals-kyber_kyber768_avx2/polyvec.c.o
[ 47%] Building ASM object src/kem/classic_mceliece/CMakeFiles/classic_mceliece_8192128_avx2.dir/pqclean_mceliece8192128_avx2/vec128_mul_asm.S.o
[ 47%] Building ASM object src/kem/classic_mceliece/CMakeFiles/classic_mceliece_6960119f_avx2.dir/pqclean_mceliece6960119f_avx2/vec256_ama_asm.S.o
[ 47%] Building C object src/kem/classic_mceliece/CMakeFiles/classic_mceliece_8192128_avx2.dir/pqclean_mceliece8192128_avx2/vec256.c.o
[ 47%] Building ASM object src/kem/classic_mceliece/CMakeFiles/classic_mceliece_6960119f_avx2.dir/pqclean_mceliece6960119f_avx2/vec256_maa_asm.S.o
[ 47%] Building C object src/kem/ml_kem/CMakeFiles/ml_kem_768_x86_64.dir/mlkem-native_ml-kem-768_x86_64/mlkem/src/debug.c.o
[ 47%] Building ASM object src/kem/classic_mceliece/CMakeFiles/classic_mceliece_6960119f_avx2.dir/pqclean_mceliece6960119f_avx2/vec256_mul_asm.S.o
[ 47%] Building ASM object src/kem/classic_mceliece/CMakeFiles/classic_mceliece_6960119f_avx2.dir/pqclean_mceliece6960119f_avx2/vec_reduce_asm.S.o
[ 47%] Built target classic_mceliece_6960119f_avx2
[ 47%] Building C object src/kem/ml_kem/CMakeFiles/ml_kem_512_x86_64.dir/mlkem-native_ml-kem-512_x86_64/mlkem/src/kem.c.o
[ 47%] Building ASM object src/kem/kyber/CMakeFiles/kyber_512_avx2.dir/pqcrystals-kyber_kyber512_avx2/shuffle.S.o
[ 47%] Building ASM object src/kem/classic_mceliece/CMakeFiles/classic_mceliece_8192128f_avx2.dir/pqclean_mceliece8192128f_avx2/vec256_ama_asm.S.o
[ 47%] Building C object src/kem/ml_kem/CMakeFiles/ml_kem_768_ref.dir/mlkem-native_ml-kem-768_ref/mlkem/src/poly.c.o
[ 47%] Building C object src/kem/kyber/CMakeFiles/kyber_512_avx2.dir/pqcrystals-kyber_kyber512_avx2/symmetric-shake.c.o
[ 47%] Building ASM object src/kem/kyber/CMakeFiles/kyber_1024_avx2.dir/pqcrystals-kyber_kyber1024_avx2/ntt.S.o
[ 47%] Building C object src/kem/ml_kem/CMakeFiles/ml_kem_512_ref.dir/mlkem-native_ml-kem-512_ref/mlkem/src/poly_k.c.o
[ 47%] Building ASM object src/kem/classic_mceliece/CMakeFiles/classic_mceliece_8192128f_avx2.dir/pqclean_mceliece8192128f_avx2/vec256_maa_asm.S.o
[ 47%] Building C object src/kem/kyber/CMakeFiles/kyber_1024_avx2.dir/pqcrystals-kyber_kyber1024_avx2/poly.c.o
[ 47%] Building ASM object src/kem/classic_mceliece/CMakeFiles/classic_mceliece_8192128f_avx2.dir/pqclean_mceliece8192128f_avx2/vec256_mul_asm.S.o
[ 47%] Building ASM object src/kem/classic_mceliece/CMakeFiles/classic_mceliece_8192128f_avx2.dir/pqclean_mceliece8192128f_avx2/vec_reduce_asm.S.o
[ 47%] Built target classic_mceliece_8192128f_avx2
[ 47%] Building C object src/kem/kyber/CMakeFiles/kyber_768_avx2.dir/pqcrystals-kyber_kyber768_avx2/rejsample.c.o
[ 47%] Building ASM object src/kem/classic_mceliece/CMakeFiles/classic_mceliece_8192128_avx2.dir/pqclean_mceliece8192128_avx2/vec256_ama_asm.S.o
[ 47%] Building C object src/kem/ml_kem/CMakeFiles/ml_kem_768_x86_64.dir/mlkem-native_ml-kem-768_x86_64/mlkem/src/indcpa.c.o
[ 47%] Building ASM object src/kem/classic_mceliece/CMakeFiles/classic_mceliece_8192128_avx2.dir/pqclean_mceliece8192128_avx2/vec256_maa_asm.S.o
[ 47%] Building C object src/kem/ml_kem/CMakeFiles/ml_kem_512_x86_64.dir/mlkem-native_ml-kem-512_x86_64/mlkem/src/native/x86_64/src/basemul.c.o
[ 47%] Building C object src/kem/ml_kem/CMakeFiles/ml_kem_512_ref.dir/mlkem-native_ml-kem-512_ref/mlkem/src/sampling.c.o
[ 47%] Building ASM object src/kem/classic_mceliece/CMakeFiles/classic_mceliece_8192128_avx2.dir/pqclean_mceliece8192128_avx2/vec256_mul_asm.S.o
[ 47%] Building ASM object src/kem/classic_mceliece/CMakeFiles/classic_mceliece_8192128_avx2.dir/pqclean_mceliece8192128_avx2/vec_reduce_asm.S.o
[ 47%] Built target classic_mceliece_8192128_avx2
[ 47%] Building C object src/kem/ml_kem/CMakeFiles/ml_kem_512_ref.dir/mlkem-native_ml-kem-512_ref/mlkem/src/verify.c.o
[ 47%] Building C object src/kem/ml_kem/CMakeFiles/ml_kem_768_ref.dir/mlkem-native_ml-kem-768_ref/mlkem/src/poly_k.c.o
[ 47%] Building C object src/kem/kyber/CMakeFiles/kyber_512_avx2.dir/pqcrystals-kyber_kyber512_avx2/verify.c.o
[ 47%] Building C object src/kem/kyber/CMakeFiles/kyber_1024_avx2.dir/pqcrystals-kyber_kyber1024_avx2/polyvec.c.o
[ 47%] Building C object src/kem/ml_kem/CMakeFiles/ml_kem_768_ref.dir/mlkem-native_ml-kem-768_ref/mlkem/src/sampling.c.o
[ 47%] Building ASM object src/kem/kyber/CMakeFiles/kyber_768_avx2.dir/pqcrystals-kyber_kyber768_avx2/shuffle.S.o
[ 47%] Building C object src/kem/kyber/CMakeFiles/kyber_768_avx2.dir/pqcrystals-kyber_kyber768_avx2/symmetric-shake.c.o
[ 47%] Building C object src/kem/ml_kem/CMakeFiles/ml_kem_768_x86_64.dir/mlkem-native_ml-kem-768_x86_64/mlkem/src/kem.c.o
[ 47%] Building C object src/kem/ml_kem/CMakeFiles/ml_kem_1024_ref.dir/kem_ml_kem_1024.c.o
[ 47%] Building ASM object src/kem/ml_kem/CMakeFiles/ml_kem_512_x86_64.dir/mlkem-native_ml-kem-512_x86_64/mlkem/src/native/x86_64/src/basemul.S.o
[ 47%] Building C object src/kem/ml_kem/CMakeFiles/ml_kem_1024_x86_64.dir/mlkem-native_ml-kem-1024_x86_64/mlkem/src/compress.c.o
[ 47%] Building C object src/kem/ml_kem/CMakeFiles/ml_kem_512_x86_64.dir/mlkem-native_ml-kem-512_x86_64/mlkem/src/native/x86_64/src/compress_avx2.c.o
[ 47%] Building C object src/kem/ml_kem/CMakeFiles/ml_kem_1024_ref.dir/mlkem-native_ml-kem-1024_ref/mlkem/src/compress.c.o
[ 47%] Built target ml_kem_512_ref
[ 47%] Building C object src/kem/ml_kem/CMakeFiles/ml_kem_1024_x86_64.dir/mlkem-native_ml-kem-1024_x86_64/mlkem/src/debug.c.o
[ 47%] Built target kyber_512_avx2
[ 47%] Building C object src/kem/kyber/CMakeFiles/kyber_1024_avx2.dir/pqcrystals-kyber_kyber1024_avx2/rejsample.c.o
[ 47%] Building C object src/kem/kyber/CMakeFiles/kyber_768_avx2.dir/pqcrystals-kyber_kyber768_avx2/verify.c.o
[ 47%] Building C object src/kem/ml_kem/CMakeFiles/ml_kem_512_x86_64.dir/mlkem-native_ml-kem-512_x86_64/mlkem/src/native/x86_64/src/consts.c.o
[ 47%] Building C object src/kem/ml_kem/CMakeFiles/ml_kem_1024_ref.dir/mlkem-native_ml-kem-1024_ref/mlkem/src/debug.c.o
[ 47%] Building C object src/kem/ml_kem/CMakeFiles/ml_kem_768_x86_64.dir/mlkem-native_ml-kem-768_x86_64/mlkem/src/native/x86_64/src/basemul.c.o
[ 47%] Building C object src/kem/ml_kem/CMakeFiles/ml_kem_1024_ref.dir/mlkem-native_ml-kem-1024_ref/mlkem/src/indcpa.c.o
[ 47%] Building ASM object src/kem/ml_kem/CMakeFiles/ml_kem_512_x86_64.dir/mlkem-native_ml-kem-512_x86_64/mlkem/src/native/x86_64/src/intt.S.o
[ 47%] Building C object src/kem/ml_kem/CMakeFiles/ml_kem_768_ref.dir/mlkem-native_ml-kem-768_ref/mlkem/src/verify.c.o
[ 47%] Building C object src/kem/ml_kem/CMakeFiles/ml_kem_1024_ref.dir/mlkem-native_ml-kem-1024_ref/mlkem/src/kem.c.o
[ 47%] Built target ml_kem_768_ref
[ 48%] Building C object src/kem/ml_kem/CMakeFiles/ml_kem_1024_x86_64.dir/mlkem-native_ml-kem-1024_x86_64/mlkem/src/indcpa.c.o
[ 48%] Building ASM object src/kem/ml_kem/CMakeFiles/ml_kem_768_x86_64.dir/mlkem-native_ml-kem-768_x86_64/mlkem/src/native/x86_64/src/basemul.S.o
[ 48%] Building ASM object src/kem/kyber/CMakeFiles/kyber_1024_avx2.dir/pqcrystals-kyber_kyber1024_avx2/shuffle.S.o
[ 48%] Building C object src/kem/ml_kem/CMakeFiles/ml_kem_1024_ref.dir/mlkem-native_ml-kem-1024_ref/mlkem/src/poly.c.o
[ 48%] Building C object src/kem/ml_kem/CMakeFiles/ml_kem_1024_ref.dir/mlkem-native_ml-kem-1024_ref/mlkem/src/poly_k.c.o
[ 48%] Building C object src/kem/ml_kem/CMakeFiles/ml_kem_768_x86_64.dir/mlkem-native_ml-kem-768_x86_64/mlkem/src/native/x86_64/src/compress_avx2.c.o
[ 48%] Built target kyber_768_avx2
[ 48%] Building ASM object src/kem/ml_kem/CMakeFiles/ml_kem_512_x86_64.dir/mlkem-native_ml-kem-512_x86_64/mlkem/src/native/x86_64/src/mulcache_compute.S.o
[ 48%] Building C object src/kem/kyber/CMakeFiles/kyber_1024_avx2.dir/pqcrystals-kyber_kyber1024_avx2/symmetric-shake.c.o
[ 48%] Building C object src/kem/ml_kem/CMakeFiles/ml_kem_1024_x86_64.dir/mlkem-native_ml-kem-1024_x86_64/mlkem/src/kem.c.o
[ 48%] Building ASM object src/kem/ml_kem/CMakeFiles/ml_kem_512_x86_64.dir/mlkem-native_ml-kem-512_x86_64/mlkem/src/native/x86_64/src/ntt.S.o
[ 48%] Building ASM object src/kem/ml_kem/CMakeFiles/ml_kem_512_x86_64.dir/mlkem-native_ml-kem-512_x86_64/mlkem/src/native/x86_64/src/nttfrombytes.S.o
[ 48%] Building ASM object src/kem/ml_kem/CMakeFiles/ml_kem_512_x86_64.dir/mlkem-native_ml-kem-512_x86_64/mlkem/src/native/x86_64/src/ntttobytes.S.o
[ 48%] Building C object src/kem/ml_kem/CMakeFiles/ml_kem_1024_ref.dir/mlkem-native_ml-kem-1024_ref/mlkem/src/sampling.c.o
[ 48%] Building ASM object src/kem/ml_kem/CMakeFiles/ml_kem_512_x86_64.dir/mlkem-native_ml-kem-512_x86_64/mlkem/src/native/x86_64/src/nttunpack.S.o
[ 48%] Building ASM object src/kem/ml_kem/CMakeFiles/ml_kem_512_x86_64.dir/mlkem-native_ml-kem-512_x86_64/mlkem/src/native/x86_64/src/reduce.S.o
[ 48%] Building C object src/kem/ml_kem/CMakeFiles/ml_kem_512_x86_64.dir/mlkem-native_ml-kem-512_x86_64/mlkem/src/native/x86_64/src/rej_uniform_avx2.c.o
[ 48%] Building C object src/sig/ml_dsa/CMakeFiles/ml_dsa_44_ref.dir/sig_ml_dsa_44.c.o
[ 48%] Building C object src/sig/ml_dsa/CMakeFiles/ml_dsa_44_avx2.dir/pqcrystals-dilithium-standard_ml-dsa-44_avx2/consts.c.o
[ 48%] Building C object src/sig/ml_dsa/CMakeFiles/ml_dsa_44_ref.dir/pqcrystals-dilithium-standard_ml-dsa-44_ref/ntt.c.o
[ 48%] Building C object src/kem/ml_kem/CMakeFiles/ml_kem_1024_ref.dir/mlkem-native_ml-kem-1024_ref/mlkem/src/verify.c.o
[ 48%] Building C object src/sig/ml_dsa/CMakeFiles/ml_dsa_44_ref.dir/pqcrystals-dilithium-standard_ml-dsa-44_ref/packing.c.o
[ 48%] Building C object src/kem/kyber/CMakeFiles/kyber_1024_avx2.dir/pqcrystals-kyber_kyber1024_avx2/verify.c.o
[ 48%] Building C object src/kem/ml_kem/CMakeFiles/ml_kem_768_x86_64.dir/mlkem-native_ml-kem-768_x86_64/mlkem/src/native/x86_64/src/consts.c.o
[ 48%] Building C object src/kem/ml_kem/CMakeFiles/ml_kem_512_x86_64.dir/mlkem-native_ml-kem-512_x86_64/mlkem/src/native/x86_64/src/rej_uniform_table.c.o
[ 48%] Building C object src/sig/ml_dsa/CMakeFiles/ml_dsa_44_ref.dir/pqcrystals-dilithium-standard_ml-dsa-44_ref/poly.c.o
[ 48%] Building C object src/kem/ml_kem/CMakeFiles/ml_kem_1024_x86_64.dir/mlkem-native_ml-kem-1024_x86_64/mlkem/src/native/x86_64/src/basemul.c.o
[ 48%] Building C object src/sig/ml_dsa/CMakeFiles/ml_dsa_65_ref.dir/sig_ml_dsa_65.c.o
[ 48%] Building C object src/sig/ml_dsa/CMakeFiles/ml_dsa_44_ref.dir/pqcrystals-dilithium-standard_ml-dsa-44_ref/polyvec.c.o
[ 48%] Building C object src/sig/ml_dsa/CMakeFiles/ml_dsa_65_ref.dir/pqcrystals-dilithium-standard_ml-dsa-65_ref/ntt.c.o
[ 48%] Building ASM object src/sig/ml_dsa/CMakeFiles/ml_dsa_44_avx2.dir/pqcrystals-dilithium-standard_ml-dsa-44_avx2/invntt.S.o
[ 48%] Building ASM object src/kem/ml_kem/CMakeFiles/ml_kem_768_x86_64.dir/mlkem-native_ml-kem-768_x86_64/mlkem/src/native/x86_64/src/intt.S.o
[ 48%] Building C object src/sig/ml_dsa/CMakeFiles/ml_dsa_65_ref.dir/pqcrystals-dilithium-standard_ml-dsa-65_ref/packing.c.o
[ 48%] Built target ml_kem_1024_ref
[ 48%] Building ASM object src/kem/ml_kem/CMakeFiles/ml_kem_768_x86_64.dir/mlkem-native_ml-kem-768_x86_64/mlkem/src/native/x86_64/src/mulcache_compute.S.o
[ 48%] Building ASM object src/kem/ml_kem/CMakeFiles/ml_kem_1024_x86_64.dir/mlkem-native_ml-kem-1024_x86_64/mlkem/src/native/x86_64/src/basemul.S.o
[ 49%] Building ASM object src/sig/ml_dsa/CMakeFiles/ml_dsa_44_avx2.dir/pqcrystals-dilithium-standard_ml-dsa-44_avx2/ntt.S.o
[ 49%] Building ASM object src/kem/ml_kem/CMakeFiles/ml_kem_512_x86_64.dir/mlkem-native_ml-kem-512_x86_64/mlkem/src/native/x86_64/src/tomont.S.o
[ 49%] Building C object src/sig/ml_dsa/CMakeFiles/ml_dsa_44_avx2.dir/pqcrystals-dilithium-standard_ml-dsa-44_avx2/packing.c.o
[ 49%] Building C object src/kem/ml_kem/CMakeFiles/ml_kem_1024_x86_64.dir/mlkem-native_ml-kem-1024_x86_64/mlkem/src/native/x86_64/src/compress_avx2.c.o
[ 49%] Building C object src/kem/ml_kem/CMakeFiles/ml_kem_512_x86_64.dir/mlkem-native_ml-kem-512_x86_64/mlkem/src/poly.c.o
[ 49%] Building ASM object src/sig/ml_dsa/CMakeFiles/ml_dsa_44_avx2.dir/pqcrystals-dilithium-standard_ml-dsa-44_avx2/pointwise.S.o
[ 49%] Building C object src/sig/ml_dsa/CMakeFiles/ml_dsa_65_ref.dir/pqcrystals-dilithium-standard_ml-dsa-65_ref/poly.c.o
[ 49%] Building ASM object src/kem/ml_kem/CMakeFiles/ml_kem_768_x86_64.dir/mlkem-native_ml-kem-768_x86_64/mlkem/src/native/x86_64/src/ntt.S.o
[ 49%] Building C object src/kem/ml_kem/CMakeFiles/ml_kem_1024_x86_64.dir/mlkem-native_ml-kem-1024_x86_64/mlkem/src/native/x86_64/src/consts.c.o
[ 49%] Building C object src/sig/ml_dsa/CMakeFiles/ml_dsa_65_avx2.dir/pqcrystals-dilithium-standard_ml-dsa-65_avx2/consts.c.o
[ 49%] Building ASM object src/kem/ml_kem/CMakeFiles/ml_kem_768_x86_64.dir/mlkem-native_ml-kem-768_x86_64/mlkem/src/native/x86_64/src/nttfrombytes.S.o
[ 50%] Building ASM object src/kem/ml_kem/CMakeFiles/ml_kem_768_x86_64.dir/mlkem-native_ml-kem-768_x86_64/mlkem/src/native/x86_64/src/ntttobytes.S.o
[ 50%] Built target kyber_1024_avx2
[ 50%] Building ASM object src/kem/ml_kem/CMakeFiles/ml_kem_768_x86_64.dir/mlkem-native_ml-kem-768_x86_64/mlkem/src/native/x86_64/src/nttunpack.S.o
[ 50%] Building C object src/sig/ml_dsa/CMakeFiles/ml_dsa_44_ref.dir/pqcrystals-dilithium-standard_ml-dsa-44_ref/reduce.c.o
[ 50%] Building ASM object src/sig/ml_dsa/CMakeFiles/ml_dsa_65_avx2.dir/pqcrystals-dilithium-standard_ml-dsa-65_avx2/invntt.S.o
[ 50%] Building ASM object src/kem/ml_kem/CMakeFiles/ml_kem_768_x86_64.dir/mlkem-native_ml-kem-768_x86_64/mlkem/src/native/x86_64/src/reduce.S.o
[ 50%] Building ASM object src/sig/ml_dsa/CMakeFiles/ml_dsa_65_avx2.dir/pqcrystals-dilithium-standard_ml-dsa-65_avx2/ntt.S.o
[ 50%] Building C object src/sig/ml_dsa/CMakeFiles/ml_dsa_44_ref.dir/pqcrystals-dilithium-standard_ml-dsa-44_ref/rounding.c.o
[ 50%] Building C object src/kem/ml_kem/CMakeFiles/ml_kem_768_x86_64.dir/mlkem-native_ml-kem-768_x86_64/mlkem/src/native/x86_64/src/rej_uniform_avx2.c.o
[ 50%] Building C object src/sig/ml_dsa/CMakeFiles/ml_dsa_65_avx2.dir/pqcrystals-dilithium-standard_ml-dsa-65_avx2/packing.c.o
[ 50%] Building C object src/sig/ml_dsa/CMakeFiles/ml_dsa_65_ref.dir/pqcrystals-dilithium-standard_ml-dsa-65_ref/polyvec.c.o
[ 50%] Building C object src/sig/ml_dsa/CMakeFiles/ml_dsa_44_ref.dir/pqcrystals-dilithium-standard_ml-dsa-44_ref/sign.c.o
[ 51%] Building C object src/kem/ml_kem/CMakeFiles/ml_kem_512_x86_64.dir/mlkem-native_ml-kem-512_x86_64/mlkem/src/poly_k.c.o
[ 51%] Building C object src/sig/ml_dsa/CMakeFiles/ml_dsa_65_ref.dir/pqcrystals-dilithium-standard_ml-dsa-65_ref/reduce.c.o
[ 51%] Building C object src/sig/ml_dsa/CMakeFiles/ml_dsa_44_ref.dir/pqcrystals-dilithium-standard_ml-dsa-44_ref/symmetric-shake.c.o
[ 51%] Building C object src/sig/ml_dsa/CMakeFiles/ml_dsa_65_ref.dir/pqcrystals-dilithium-standard_ml-dsa-65_ref/rounding.c.o
[ 51%] Built target ml_dsa_44_ref
[ 51%] Building C object src/sig/ml_dsa/CMakeFiles/ml_dsa_65_ref.dir/pqcrystals-dilithium-standard_ml-dsa-65_ref/sign.c.o
[ 51%] Building C object src/sig/ml_dsa/CMakeFiles/ml_dsa_44_avx2.dir/pqcrystals-dilithium-standard_ml-dsa-44_avx2/poly.c.o
[ 51%] Building C object src/sig/ml_dsa/CMakeFiles/ml_dsa_44_avx2.dir/pqcrystals-dilithium-standard_ml-dsa-44_avx2/polyvec.c.o
[ 51%] Building C object src/sig/ml_dsa/CMakeFiles/ml_dsa_44_avx2.dir/pqcrystals-dilithium-standard_ml-dsa-44_avx2/rejsample.c.o
[ 51%] Building C object src/kem/ml_kem/CMakeFiles/ml_kem_768_x86_64.dir/mlkem-native_ml-kem-768_x86_64/mlkem/src/native/x86_64/src/rej_uniform_table.c.o
[ 51%] Building ASM object src/kem/ml_kem/CMakeFiles/ml_kem_1024_x86_64.dir/mlkem-native_ml-kem-1024_x86_64/mlkem/src/native/x86_64/src/intt.S.o
[ 51%] Building ASM object src/kem/ml_kem/CMakeFiles/ml_kem_1024_x86_64.dir/mlkem-native_ml-kem-1024_x86_64/mlkem/src/native/x86_64/src/mulcache_compute.S.o
[ 51%] Building ASM object src/kem/ml_kem/CMakeFiles/ml_kem_1024_x86_64.dir/mlkem-native_ml-kem-1024_x86_64/mlkem/src/native/x86_64/src/ntt.S.o
[ 51%] Building ASM object src/kem/ml_kem/CMakeFiles/ml_kem_768_x86_64.dir/mlkem-native_ml-kem-768_x86_64/mlkem/src/native/x86_64/src/tomont.S.o
[ 51%] Building ASM object src/kem/ml_kem/CMakeFiles/ml_kem_1024_x86_64.dir/mlkem-native_ml-kem-1024_x86_64/mlkem/src/native/x86_64/src/nttfrombytes.S.o
[ 51%] Building C object src/kem/ml_kem/CMakeFiles/ml_kem_512_x86_64.dir/mlkem-native_ml-kem-512_x86_64/mlkem/src/sampling.c.o
[ 51%] Building C object src/sig/ml_dsa/CMakeFiles/ml_dsa_65_ref.dir/pqcrystals-dilithium-standard_ml-dsa-65_ref/symmetric-shake.c.o
[ 51%] Building ASM object src/kem/ml_kem/CMakeFiles/ml_kem_1024_x86_64.dir/mlkem-native_ml-kem-1024_x86_64/mlkem/src/native/x86_64/src/ntttobytes.S.o
[ 51%] Building ASM object src/kem/ml_kem/CMakeFiles/ml_kem_1024_x86_64.dir/mlkem-native_ml-kem-1024_x86_64/mlkem/src/native/x86_64/src/nttunpack.S.o
[ 51%] Built target ml_dsa_65_ref
[ 51%] Building ASM object src/kem/ml_kem/CMakeFiles/ml_kem_1024_x86_64.dir/mlkem-native_ml-kem-1024_x86_64/mlkem/src/native/x86_64/src/reduce.S.o
[ 51%] Building C object src/kem/ml_kem/CMakeFiles/ml_kem_1024_x86_64.dir/mlkem-native_ml-kem-1024_x86_64/mlkem/src/native/x86_64/src/rej_uniform_avx2.c.o
[ 51%] Building C object src/sig/ml_dsa/CMakeFiles/ml_dsa_44_avx2.dir/pqcrystals-dilithium-standard_ml-dsa-44_avx2/rounding.c.o
[ 51%] Building C object src/kem/ml_kem/CMakeFiles/ml_kem_1024_x86_64.dir/mlkem-native_ml-kem-1024_x86_64/mlkem/src/native/x86_64/src/rej_uniform_table.c.o
[ 51%] Building ASM object src/sig/ml_dsa/CMakeFiles/ml_dsa_65_avx2.dir/pqcrystals-dilithium-standard_ml-dsa-65_avx2/pointwise.S.o
[ 51%] Building C object src/kem/ml_kem/CMakeFiles/ml_kem_512_x86_64.dir/mlkem-native_ml-kem-512_x86_64/mlkem/src/verify.c.o
[ 52%] Building C object src/sig/ml_dsa/CMakeFiles/ml_dsa_65_avx2.dir/pqcrystals-dilithium-standard_ml-dsa-65_avx2/poly.c.o
[ 52%] Building C object src/kem/ml_kem/CMakeFiles/ml_kem_768_x86_64.dir/mlkem-native_ml-kem-768_x86_64/mlkem/src/poly.c.o
[ 52%] Building C object src/sig/ml_dsa/CMakeFiles/ml_dsa_87_ref.dir/sig_ml_dsa_87.c.o
[ 52%] Building C object src/sig/ml_dsa/CMakeFiles/ml_dsa_87_avx2.dir/pqcrystals-dilithium-standard_ml-dsa-87_avx2/consts.c.o
[ 52%] Building C object src/sig/ml_dsa/CMakeFiles/ml_dsa_87_ref.dir/pqcrystals-dilithium-standard_ml-dsa-87_ref/ntt.c.o
[ 52%] Building ASM object src/sig/ml_dsa/CMakeFiles/ml_dsa_87_avx2.dir/pqcrystals-dilithium-standard_ml-dsa-87_avx2/invntt.S.o
[ 52%] Building C object src/sig/ml_dsa/CMakeFiles/ml_dsa_65_avx2.dir/pqcrystals-dilithium-standard_ml-dsa-65_avx2/polyvec.c.o
[ 52%] Building C object src/kem/ml_kem/CMakeFiles/ml_kem_768_x86_64.dir/mlkem-native_ml-kem-768_x86_64/mlkem/src/poly_k.c.o
[ 52%] Building C object src/sig/ml_dsa/CMakeFiles/ml_dsa_87_ref.dir/pqcrystals-dilithium-standard_ml-dsa-87_ref/packing.c.o
[ 52%] Building C object src/sig/ml_dsa/CMakeFiles/ml_dsa_87_ref.dir/pqcrystals-dilithium-standard_ml-dsa-87_ref/poly.c.o
[ 52%] Building ASM object src/kem/ml_kem/CMakeFiles/ml_kem_1024_x86_64.dir/mlkem-native_ml-kem-1024_x86_64/mlkem/src/native/x86_64/src/tomont.S.o
[ 52%] Building C object src/kem/ml_kem/CMakeFiles/ml_kem_1024_x86_64.dir/mlkem-native_ml-kem-1024_x86_64/mlkem/src/poly.c.o
[ 52%] Built target ml_kem_512_x86_64
[ 52%] Building C object src/sig/ml_dsa/CMakeFiles/ml_dsa_65_avx2.dir/pqcrystals-dilithium-standard_ml-dsa-65_avx2/rejsample.c.o
[ 52%] Building ASM object src/sig/ml_dsa/CMakeFiles/ml_dsa_87_avx2.dir/pqcrystals-dilithium-standard_ml-dsa-87_avx2/ntt.S.o
[ 52%] Building C object src/sig/ml_dsa/CMakeFiles/ml_dsa_65_avx2.dir/pqcrystals-dilithium-standard_ml-dsa-65_avx2/rounding.c.o
[ 52%] Building ASM object src/sig/ml_dsa/CMakeFiles/ml_dsa_44_avx2.dir/pqcrystals-dilithium-standard_ml-dsa-44_avx2/shuffle.S.o
[ 52%] Building C object src/kem/ml_kem/CMakeFiles/ml_kem_1024_x86_64.dir/mlkem-native_ml-kem-1024_x86_64/mlkem/src/poly_k.c.o
[ 52%] Building C object src/sig/ml_dsa/CMakeFiles/ml_dsa_87_avx2.dir/pqcrystals-dilithium-standard_ml-dsa-87_avx2/packing.c.o
[ 52%] Building C object src/sig/ml_dsa/CMakeFiles/ml_dsa_87_ref.dir/pqcrystals-dilithium-standard_ml-dsa-87_ref/polyvec.c.o
[ 52%] Building ASM object src/sig/ml_dsa/CMakeFiles/ml_dsa_87_avx2.dir/pqcrystals-dilithium-standard_ml-dsa-87_avx2/pointwise.S.o
[ 52%] Building ASM object src/sig/ml_dsa/CMakeFiles/ml_dsa_65_avx2.dir/pqcrystals-dilithium-standard_ml-dsa-65_avx2/shuffle.S.o
[ 52%] Building C object src/kem/ml_kem/CMakeFiles/ml_kem_768_x86_64.dir/mlkem-native_ml-kem-768_x86_64/mlkem/src/sampling.c.o
[ 52%] Building C object src/sig/ml_dsa/CMakeFiles/ml_dsa_44_avx2.dir/pqcrystals-dilithium-standard_ml-dsa-44_avx2/sign.c.o
[ 52%] Building C object src/sig/ml_dsa/CMakeFiles/ml_dsa_87_ref.dir/pqcrystals-dilithium-standard_ml-dsa-87_ref/reduce.c.o
[ 52%] Building C object src/kem/ml_kem/CMakeFiles/ml_kem_1024_x86_64.dir/mlkem-native_ml-kem-1024_x86_64/mlkem/src/sampling.c.o
[ 52%] Building C object src/kem/ml_kem/CMakeFiles/ml_kem_1024_x86_64.dir/mlkem-native_ml-kem-1024_x86_64/mlkem/src/verify.c.o
[ 52%] Building C object src/sig/ml_dsa/CMakeFiles/ml_dsa_44_avx2.dir/pqcrystals-dilithium-standard_ml-dsa-44_avx2/symmetric-shake.c.o
[ 52%] Building C object src/sig/ml_dsa/CMakeFiles/ml_dsa_87_ref.dir/pqcrystals-dilithium-standard_ml-dsa-87_ref/rounding.c.o
[ 52%] Building C object src/sig/ml_dsa/CMakeFiles/ml_dsa_87_ref.dir/pqcrystals-dilithium-standard_ml-dsa-87_ref/sign.c.o
[ 52%] Building C object src/sig/falcon/CMakeFiles/falcon_512_clean.dir/sig_falcon_512.c.o
[ 52%] Building C object src/kem/ml_kem/CMakeFiles/ml_kem_768_x86_64.dir/mlkem-native_ml-kem-768_x86_64/mlkem/src/verify.c.o
[ 52%] Building C object src/sig/ml_dsa/CMakeFiles/ml_dsa_65_avx2.dir/pqcrystals-dilithium-standard_ml-dsa-65_avx2/sign.c.o
[ 52%] Building C object src/sig/falcon/CMakeFiles/falcon_512_clean.dir/pqclean_falcon-512_clean/codec.c.o
[ 52%] Building C object src/sig/ml_dsa/CMakeFiles/ml_dsa_87_ref.dir/pqcrystals-dilithium-standard_ml-dsa-87_ref/symmetric-shake.c.o
[ 52%] Built target ml_dsa_87_ref
[ 52%] Building C object src/sig/ml_dsa/CMakeFiles/ml_dsa_87_avx2.dir/pqcrystals-dilithium-standard_ml-dsa-87_avx2/poly.c.o
[ 52%] Building C object src/sig/ml_dsa/CMakeFiles/ml_dsa_87_avx2.dir/pqcrystals-dilithium-standard_ml-dsa-87_avx2/polyvec.c.o
[ 52%] Building C object src/sig/falcon/CMakeFiles/falcon_512_avx2.dir/pqclean_falcon-512_avx2/codec.c.o
[ 52%] Building C object src/sig/falcon/CMakeFiles/falcon_512_clean.dir/pqclean_falcon-512_clean/common.c.o
[ 52%] Building C object src/sig/ml_dsa/CMakeFiles/ml_dsa_65_avx2.dir/pqcrystals-dilithium-standard_ml-dsa-65_avx2/symmetric-shake.c.o
[ 52%] Building C object src/sig/falcon/CMakeFiles/falcon_512_clean.dir/pqclean_falcon-512_clean/fft.c.o
[ 52%] Building C object src/sig/falcon/CMakeFiles/falcon_1024_clean.dir/sig_falcon_1024.c.o
[ 52%] Built target ml_dsa_44_avx2
[ 52%] Building C object src/sig/falcon/CMakeFiles/falcon_1024_avx2.dir/pqclean_falcon-1024_avx2/codec.c.o
[ 52%] Building C object src/sig/ml_dsa/CMakeFiles/ml_dsa_87_avx2.dir/pqcrystals-dilithium-standard_ml-dsa-87_avx2/rejsample.c.o
[ 52%] Built target ml_kem_768_x86_64
[ 52%] Built target ml_kem_1024_x86_64
[ 52%] Building C object src/sig/falcon/CMakeFiles/falcon_1024_clean.dir/pqclean_falcon-1024_clean/codec.c.o
[ 52%] Building C object src/sig/falcon/CMakeFiles/falcon_512_clean.dir/pqclean_falcon-512_clean/fpr.c.o
[ 52%] Building C object src/sig/falcon/CMakeFiles/falcon_512_avx2.dir/pqclean_falcon-512_avx2/common.c.o
[ 52%] Built target ml_dsa_65_avx2
[ 52%] Building C object src/sig/falcon/CMakeFiles/falcon_512_clean.dir/pqclean_falcon-512_clean/keygen.c.o
[ 52%] Building C object src/sig/falcon/CMakeFiles/falcon_512_clean.dir/pqclean_falcon-512_clean/pqclean.c.o
[ 52%] Building C object src/sig/falcon/CMakeFiles/falcon_1024_clean.dir/pqclean_falcon-1024_clean/common.c.o
[ 52%] Building C object src/sig/falcon/CMakeFiles/falcon_1024_avx2.dir/pqclean_falcon-1024_avx2/common.c.o
[ 52%] Building C object src/sig/falcon/CMakeFiles/falcon_padded_512_clean.dir/sig_falcon_padded_512.c.o
[ 53%] Building C object src/sig/ml_dsa/CMakeFiles/ml_dsa_87_avx2.dir/pqcrystals-dilithium-standard_ml-dsa-87_avx2/rounding.c.o
[ 53%] Building C object src/sig/falcon/CMakeFiles/falcon_1024_clean.dir/pqclean_falcon-1024_clean/fft.c.o
[ 53%] Building C object src/sig/falcon/CMakeFiles/falcon_padded_512_clean.dir/pqclean_falcon-padded-512_clean/codec.c.o
[ 53%] Building C object src/sig/falcon/CMakeFiles/falcon_1024_avx2.dir/pqclean_falcon-1024_avx2/fft.c.o
[ 53%] Building C object src/sig/falcon/CMakeFiles/falcon_1024_clean.dir/pqclean_falcon-1024_clean/fpr.c.o
[ 53%] Building C object src/sig/falcon/CMakeFiles/falcon_512_clean.dir/pqclean_falcon-512_clean/rng.c.o
[ 53%] Building C object src/sig/falcon/CMakeFiles/falcon_padded_512_clean.dir/pqclean_falcon-padded-512_clean/common.c.o
[ 53%] Building C object src/sig/falcon/CMakeFiles/falcon_512_clean.dir/pqclean_falcon-512_clean/sign.c.o
[ 53%] Building C object src/sig/falcon/CMakeFiles/falcon_512_avx2.dir/pqclean_falcon-512_avx2/fft.c.o
[ 54%] Building C object src/sig/falcon/CMakeFiles/falcon_1024_clean.dir/pqclean_falcon-1024_clean/keygen.c.o
[ 54%] Building C object src/sig/falcon/CMakeFiles/falcon_padded_512_clean.dir/pqclean_falcon-padded-512_clean/fft.c.o
[ 54%] Building C object src/sig/falcon/CMakeFiles/falcon_padded_512_clean.dir/pqclean_falcon-padded-512_clean/fpr.c.o
[ 54%] Building C object src/sig/falcon/CMakeFiles/falcon_1024_avx2.dir/pqclean_falcon-1024_avx2/fpr.c.o
[ 54%] Building C object src/sig/falcon/CMakeFiles/falcon_padded_512_avx2.dir/pqclean_falcon-padded-512_avx2/codec.c.o
[ 54%] Building ASM object src/sig/ml_dsa/CMakeFiles/ml_dsa_87_avx2.dir/pqcrystals-dilithium-standard_ml-dsa-87_avx2/shuffle.S.o
[ 54%] Building C object src/sig/falcon/CMakeFiles/falcon_padded_1024_clean.dir/sig_falcon_padded_1024.c.o
[ 54%] Building C object src/sig/ml_dsa/CMakeFiles/ml_dsa_87_avx2.dir/pqcrystals-dilithium-standard_ml-dsa-87_avx2/sign.c.o
[ 54%] Building C object src/sig/falcon/CMakeFiles/falcon_padded_512_clean.dir/pqclean_falcon-padded-512_clean/keygen.c.o
[ 54%] Building C object src/sig/falcon/CMakeFiles/falcon_padded_1024_clean.dir/pqclean_falcon-padded-1024_clean/codec.c.o
[ 54%] Building C object src/sig/falcon/CMakeFiles/falcon_padded_1024_clean.dir/pqclean_falcon-padded-1024_clean/common.c.o
[ 55%] Building C object src/sig/falcon/CMakeFiles/falcon_padded_1024_avx2.dir/pqclean_falcon-padded-1024_avx2/codec.c.o
[ 55%] Building C object src/sig/falcon/CMakeFiles/falcon_padded_1024_clean.dir/pqclean_falcon-padded-1024_clean/fft.c.o
[ 55%] Building C object src/sig/sphincs/CMakeFiles/sphincs_sha2_128f_simple_clean.dir/sig_sphincs_sha2_128f_simple.c.o
[ 55%] Building C object src/sig/falcon/CMakeFiles/falcon_1024_avx2.dir/pqclean_falcon-1024_avx2/keygen.c.o
[ 55%] Building C object src/sig/sphincs/CMakeFiles/sphincs_sha2_128f_simple_clean.dir/pqclean_sphincs-sha2-128f-simple_clean/address.c.o
[ 55%] Building C object src/sig/falcon/CMakeFiles/falcon_padded_1024_clean.dir/pqclean_falcon-padded-1024_clean/fpr.c.o
[ 55%] Building C object src/sig/falcon/CMakeFiles/falcon_padded_512_avx2.dir/pqclean_falcon-padded-512_avx2/common.c.o
[ 55%] Building C object src/sig/sphincs/CMakeFiles/sphincs_sha2_128f_simple_clean.dir/pqclean_sphincs-sha2-128f-simple_clean/context_sha2.c.o
[ 55%] Building C object src/sig/sphincs/CMakeFiles/sphincs_sha2_128f_simple_clean.dir/pqclean_sphincs-sha2-128f-simple_clean/fors.c.o
[ 55%] Building C object src/sig/falcon/CMakeFiles/falcon_padded_1024_clean.dir/pqclean_falcon-padded-1024_clean/keygen.c.o
[ 55%] Building C object src/sig/falcon/CMakeFiles/falcon_512_avx2.dir/pqclean_falcon-512_avx2/fpr.c.o
[ 55%] Building C object src/sig/sphincs/CMakeFiles/sphincs_sha2_128f_simple_clean.dir/pqclean_sphincs-sha2-128f-simple_clean/hash_sha2.c.o
[ 55%] Building C object src/sig/ml_dsa/CMakeFiles/ml_dsa_87_avx2.dir/pqcrystals-dilithium-standard_ml-dsa-87_avx2/symmetric-shake.c.o
[ 55%] Building C object src/sig/sphincs/CMakeFiles/sphincs_sha2_128f_simple_clean.dir/pqclean_sphincs-sha2-128f-simple_clean/merkle.c.o
[ 55%] Built target ml_dsa_87_avx2
[ 55%] Building C object src/sig/falcon/CMakeFiles/falcon_padded_512_clean.dir/pqclean_falcon-padded-512_clean/pqclean.c.o
[ 55%] Building C object src/sig/falcon/CMakeFiles/falcon_padded_1024_avx2.dir/pqclean_falcon-padded-1024_avx2/common.c.o
[ 55%] Building C object src/sig/sphincs/CMakeFiles/sphincs_sha2_128f_simple_clean.dir/pqclean_sphincs-sha2-128f-simple_clean/sign.c.o
[ 55%] Building C object src/sig/sphincs/CMakeFiles/sphincs_sha2_128f_simple_clean.dir/pqclean_sphincs-sha2-128f-simple_clean/thash_sha2_simple.c.o
[ 55%] Building C object src/sig/falcon/CMakeFiles/falcon_1024_clean.dir/pqclean_falcon-1024_clean/pqclean.c.o
[ 55%] Building C object src/sig/sphincs/CMakeFiles/sphincs_sha2_128f_simple_clean.dir/pqclean_sphincs-sha2-128f-simple_clean/utils.c.o
[ 55%] Building C object src/sig/falcon/CMakeFiles/falcon_padded_512_avx2.dir/pqclean_falcon-padded-512_avx2/fft.c.o
[ 55%] Building C object src/sig/sphincs/CMakeFiles/sphincs_sha2_128f_simple_clean.dir/pqclean_sphincs-sha2-128f-simple_clean/utilsx1.c.o
[ 55%] Building C object src/sig/falcon/CMakeFiles/falcon_512_clean.dir/pqclean_falcon-512_clean/vrfy.c.o
[ 55%] Building C object src/sig/falcon/CMakeFiles/falcon_512_avx2.dir/pqclean_falcon-512_avx2/keygen.c.o
[ 55%] Building C object src/sig/sphincs/CMakeFiles/sphincs_sha2_128f_simple_clean.dir/pqclean_sphincs-sha2-128f-simple_clean/wots.c.o
[ 55%] Building C object src/sig/sphincs/CMakeFiles/sphincs_sha2_128f_simple_clean.dir/pqclean_sphincs-sha2-128f-simple_clean/wotsx1.c.o
[ 55%] Building C object src/sig/falcon/CMakeFiles/falcon_padded_1024_avx2.dir/pqclean_falcon-padded-1024_avx2/fft.c.o
[ 55%] Built target sphincs_sha2_128f_simple_clean
[ 55%] Building C object src/sig/falcon/CMakeFiles/falcon_1024_avx2.dir/pqclean_falcon-1024_avx2/pqclean.c.o
[ 55%] Building C object src/sig/falcon/CMakeFiles/falcon_1024_clean.dir/pqclean_falcon-1024_clean/rng.c.o
[ 55%] Building C object src/sig/falcon/CMakeFiles/falcon_padded_1024_clean.dir/pqclean_falcon-padded-1024_clean/pqclean.c.o
[ 55%] Building C object src/sig/falcon/CMakeFiles/falcon_padded_512_clean.dir/pqclean_falcon-padded-512_clean/rng.c.o
[ 55%] Building C object src/sig/falcon/CMakeFiles/falcon_padded_512_avx2.dir/pqclean_falcon-padded-512_avx2/fpr.c.o
[ 55%] Building C object src/sig/falcon/CMakeFiles/falcon_512_avx2.dir/pqclean_falcon-512_avx2/pqclean.c.o
[ 55%] Built target falcon_512_clean
[ 55%] Building C object src/sig/falcon/CMakeFiles/falcon_512_avx2.dir/pqclean_falcon-512_avx2/rng.c.o
[ 55%] Building C object src/sig/falcon/CMakeFiles/falcon_1024_clean.dir/pqclean_falcon-1024_clean/sign.c.o
[ 55%] Building C object src/sig/falcon/CMakeFiles/falcon_padded_1024_avx2.dir/pqclean_falcon-padded-1024_avx2/fpr.c.o
[ 55%] Building C object src/sig/falcon/CMakeFiles/falcon_padded_512_clean.dir/pqclean_falcon-padded-512_clean/sign.c.o
[ 55%] Building C object src/sig/falcon/CMakeFiles/falcon_padded_512_avx2.dir/pqclean_falcon-padded-512_avx2/keygen.c.o
[ 55%] Building C object src/sig/falcon/CMakeFiles/falcon_1024_clean.dir/pqclean_falcon-1024_clean/vrfy.c.o
[ 55%] Building C object src/sig/falcon/CMakeFiles/falcon_padded_1024_clean.dir/pqclean_falcon-padded-1024_clean/rng.c.o
[ 55%] Building C object src/sig/falcon/CMakeFiles/falcon_512_avx2.dir/pqclean_falcon-512_avx2/sign.c.o
[ 55%] Building C object src/sig/falcon/CMakeFiles/falcon_padded_512_clean.dir/pqclean_falcon-padded-512_clean/vrfy.c.o
[ 55%] Building C object src/sig/falcon/CMakeFiles/falcon_padded_1024_avx2.dir/pqclean_falcon-padded-1024_avx2/keygen.c.o
[ 55%] Building C object src/sig/falcon/CMakeFiles/falcon_512_avx2.dir/pqclean_falcon-512_avx2/vrfy.c.o
[ 56%] Building C object src/sig/falcon/CMakeFiles/falcon_padded_512_avx2.dir/pqclean_falcon-padded-512_avx2/pqclean.c.o
[ 56%] Building C object src/sig/falcon/CMakeFiles/falcon_padded_1024_clean.dir/pqclean_falcon-padded-1024_clean/sign.c.o
[ 56%] Built target falcon_1024_clean
[ 56%] Building C object src/sig/falcon/CMakeFiles/falcon_1024_avx2.dir/pqclean_falcon-1024_avx2/rng.c.o
[ 56%] Building C object src/sig/falcon/CMakeFiles/falcon_padded_512_avx2.dir/pqclean_falcon-padded-512_avx2/rng.c.o
[ 56%] Built target falcon_padded_512_clean
[ 56%] Building C object src/sig/sphincs/CMakeFiles/sphincs_sha2_128f_simple_avx2.dir/pqclean_sphincs-sha2-128f-simple_avx2/address.c.o
[ 56%] Building C object src/sig/falcon/CMakeFiles/falcon_padded_1024_clean.dir/pqclean_falcon-padded-1024_clean/vrfy.c.o
[ 56%] Building C object src/sig/sphincs/CMakeFiles/sphincs_sha2_128s_simple_clean.dir/sig_sphincs_sha2_128s_simple.c.o
[ 56%] Building C object src/sig/falcon/CMakeFiles/falcon_padded_1024_avx2.dir/pqclean_falcon-padded-1024_avx2/pqclean.c.o
[ 56%] Building C object src/sig/falcon/CMakeFiles/falcon_padded_1024_avx2.dir/pqclean_falcon-padded-1024_avx2/rng.c.o
[ 56%] Building C object src/sig/sphincs/CMakeFiles/sphincs_sha2_128f_simple_avx2.dir/pqclean_sphincs-sha2-128f-simple_avx2/context_sha2.c.o
[ 56%] Building C object src/sig/sphincs/CMakeFiles/sphincs_sha2_128s_simple_clean.dir/pqclean_sphincs-sha2-128s-simple_clean/address.c.o
[ 56%] Building C object src/sig/sphincs/CMakeFiles/sphincs_sha2_128s_simple_clean.dir/pqclean_sphincs-sha2-128s-simple_clean/context_sha2.c.o
[ 56%] Building C object src/sig/sphincs/CMakeFiles/sphincs_sha2_128s_simple_clean.dir/pqclean_sphincs-sha2-128s-simple_clean/fors.c.o
[ 56%] Built target falcon_padded_1024_clean
[ 56%] Building C object src/sig/falcon/CMakeFiles/falcon_1024_avx2.dir/pqclean_falcon-1024_avx2/sign.c.o
[ 56%] Building C object src/sig/sphincs/CMakeFiles/sphincs_sha2_128s_simple_avx2.dir/pqclean_sphincs-sha2-128s-simple_avx2/address.c.o
[ 56%] Building C object src/sig/sphincs/CMakeFiles/sphincs_sha2_128s_simple_clean.dir/pqclean_sphincs-sha2-128s-simple_clean/hash_sha2.c.o
[ 56%] Building C object src/sig/sphincs/CMakeFiles/sphincs_sha2_128s_simple_clean.dir/pqclean_sphincs-sha2-128s-simple_clean/merkle.c.o
[ 56%] Building C object src/sig/falcon/CMakeFiles/falcon_1024_avx2.dir/pqclean_falcon-1024_avx2/vrfy.c.o
[ 56%] Building C object src/sig/sphincs/CMakeFiles/sphincs_sha2_128s_simple_clean.dir/pqclean_sphincs-sha2-128s-simple_clean/sign.c.o
[ 56%] Building C object src/sig/sphincs/CMakeFiles/sphincs_sha2_128f_simple_avx2.dir/pqclean_sphincs-sha2-128f-simple_avx2/fors.c.o
[ 56%] Building C object src/sig/sphincs/CMakeFiles/sphincs_sha2_128s_simple_avx2.dir/pqclean_sphincs-sha2-128s-simple_avx2/context_sha2.c.o
[ 56%] Building C object src/sig/sphincs/CMakeFiles/sphincs_sha2_128s_simple_clean.dir/pqclean_sphincs-sha2-128s-simple_clean/thash_sha2_simple.c.o
[ 56%] Building C object src/sig/sphincs/CMakeFiles/sphincs_sha2_128s_simple_clean.dir/pqclean_sphincs-sha2-128s-simple_clean/utils.c.o
[ 56%] Building C object src/sig/sphincs/CMakeFiles/sphincs_sha2_128s_simple_avx2.dir/pqclean_sphincs-sha2-128s-simple_avx2/fors.c.o
[ 56%] Building C object src/sig/sphincs/CMakeFiles/sphincs_sha2_128s_simple_clean.dir/pqclean_sphincs-sha2-128s-simple_clean/utilsx1.c.o
[ 56%] Building C object src/sig/sphincs/CMakeFiles/sphincs_sha2_128s_simple_clean.dir/pqclean_sphincs-sha2-128s-simple_clean/wots.c.o
[ 56%] Building C object src/sig/sphincs/CMakeFiles/sphincs_sha2_128s_simple_clean.dir/pqclean_sphincs-sha2-128s-simple_clean/wotsx1.c.o
[ 56%] Built target sphincs_sha2_128s_simple_clean
[ 56%] Building C object src/sig/sphincs/CMakeFiles/sphincs_sha2_128f_simple_avx2.dir/pqclean_sphincs-sha2-128f-simple_avx2/hash_sha2.c.o
[ 56%] Building C object src/sig/falcon/CMakeFiles/falcon_padded_512_avx2.dir/pqclean_falcon-padded-512_avx2/sign.c.o
[ 56%] Building C object src/sig/sphincs/CMakeFiles/sphincs_sha2_128f_simple_avx2.dir/pqclean_sphincs-sha2-128f-simple_avx2/hash_sha2x8.c.o
[ 56%] Building C object src/sig/falcon/CMakeFiles/falcon_padded_1024_avx2.dir/pqclean_falcon-padded-1024_avx2/sign.c.o
[ 56%] Building C object src/sig/sphincs/CMakeFiles/sphincs_sha2_128s_simple_avx2.dir/pqclean_sphincs-sha2-128s-simple_avx2/hash_sha2.c.o
[ 56%] Building C object src/sig/falcon/CMakeFiles/falcon_padded_512_avx2.dir/pqclean_falcon-padded-512_avx2/vrfy.c.o
[ 56%] Building C object src/sig/sphincs/CMakeFiles/sphincs_sha2_192f_simple_clean.dir/sig_sphincs_sha2_192f_simple.c.o
[ 56%] Building C object src/sig/sphincs/CMakeFiles/sphincs_sha2_128f_simple_avx2.dir/pqclean_sphincs-sha2-128f-simple_avx2/merkle.c.o
[ 56%] Built target falcon_512_avx2
[ 56%] Building C object src/sig/sphincs/CMakeFiles/sphincs_sha2_128s_simple_avx2.dir/pqclean_sphincs-sha2-128s-simple_avx2/hash_sha2x8.c.o
[ 56%] Built target falcon_1024_avx2
[ 56%] Building C object src/sig/falcon/CMakeFiles/falcon_padded_1024_avx2.dir/pqclean_falcon-padded-1024_avx2/vrfy.c.o
[ 56%] Building C object src/sig/sphincs/CMakeFiles/sphincs_sha2_192f_simple_clean.dir/pqclean_sphincs-sha2-192f-simple_clean/address.c.o
[ 56%] Building C object src/sig/sphincs/CMakeFiles/sphincs_sha2_192f_simple_clean.dir/pqclean_sphincs-sha2-192f-simple_clean/context_sha2.c.o
[ 56%] Building C object src/sig/sphincs/CMakeFiles/sphincs_sha2_192f_simple_clean.dir/pqclean_sphincs-sha2-192f-simple_clean/fors.c.o
[ 56%] Building C object src/sig/sphincs/CMakeFiles/sphincs_sha2_128s_simple_avx2.dir/pqclean_sphincs-sha2-128s-simple_avx2/merkle.c.o
[ 56%] Building C object src/sig/sphincs/CMakeFiles/sphincs_sha2_192f_simple_clean.dir/pqclean_sphincs-sha2-192f-simple_clean/hash_sha2.c.o
[ 56%] Building C object src/sig/sphincs/CMakeFiles/sphincs_sha2_192f_simple_clean.dir/pqclean_sphincs-sha2-192f-simple_clean/merkle.c.o
[ 56%] Building C object src/sig/sphincs/CMakeFiles/sphincs_sha2_128f_simple_avx2.dir/pqclean_sphincs-sha2-128f-simple_avx2/sha256avx.c.o
[ 56%] Building C object src/sig/sphincs/CMakeFiles/sphincs_sha2_192f_simple_clean.dir/pqclean_sphincs-sha2-192f-simple_clean/sign.c.o
[ 56%] Building C object src/sig/sphincs/CMakeFiles/sphincs_sha2_192f_simple_clean.dir/pqclean_sphincs-sha2-192f-simple_clean/thash_sha2_simple.c.o
[ 56%] Building C object src/sig/sphincs/CMakeFiles/sphincs_sha2_128s_simple_avx2.dir/pqclean_sphincs-sha2-128s-simple_avx2/sha256avx.c.o
[ 56%] Building C object src/sig/sphincs/CMakeFiles/sphincs_sha2_192f_simple_avx2.dir/pqclean_sphincs-sha2-192f-simple_avx2/address.c.o
[ 56%] Building C object src/sig/sphincs/CMakeFiles/sphincs_sha2_192f_simple_clean.dir/pqclean_sphincs-sha2-192f-simple_clean/utils.c.o
[ 56%] Building C object src/sig/sphincs/CMakeFiles/sphincs_sha2_192s_simple_clean.dir/sig_sphincs_sha2_192s_simple.c.o
[ 56%] Building C object src/sig/sphincs/CMakeFiles/sphincs_sha2_192f_simple_clean.dir/pqclean_sphincs-sha2-192f-simple_clean/utilsx1.c.o
[ 56%] Building C object src/sig/sphincs/CMakeFiles/sphincs_sha2_192s_simple_clean.dir/pqclean_sphincs-sha2-192s-simple_clean/address.c.o
[ 56%] Building C object src/sig/sphincs/CMakeFiles/sphincs_sha2_192f_simple_avx2.dir/pqclean_sphincs-sha2-192f-simple_avx2/context_sha2.c.o
[ 56%] Building C object src/sig/sphincs/CMakeFiles/sphincs_sha2_192f_simple_clean.dir/pqclean_sphincs-sha2-192f-simple_clean/wots.c.o
[ 56%] Building C object src/sig/sphincs/CMakeFiles/sphincs_sha2_192s_simple_clean.dir/pqclean_sphincs-sha2-192s-simple_clean/context_sha2.c.o
[ 56%] Building C object src/sig/sphincs/CMakeFiles/sphincs_sha2_192s_simple_clean.dir/pqclean_sphincs-sha2-192s-simple_clean/fors.c.o
[ 56%] Building C object src/sig/sphincs/CMakeFiles/sphincs_sha2_192f_simple_clean.dir/pqclean_sphincs-sha2-192f-simple_clean/wotsx1.c.o
[ 56%] Built target sphincs_sha2_192f_simple_clean
[ 56%] Building C object src/sig/sphincs/CMakeFiles/sphincs_sha2_128f_simple_avx2.dir/pqclean_sphincs-sha2-128f-simple_avx2/sha256x8.c.o
[ 56%] Building C object src/sig/sphincs/CMakeFiles/sphincs_sha2_192s_simple_clean.dir/pqclean_sphincs-sha2-192s-simple_clean/hash_sha2.c.o
[ 56%] Building C object src/sig/sphincs/CMakeFiles/sphincs_sha2_192s_simple_clean.dir/pqclean_sphincs-sha2-192s-simple_clean/merkle.c.o
[ 56%] Building C object src/sig/sphincs/CMakeFiles/sphincs_sha2_192s_simple_clean.dir/pqclean_sphincs-sha2-192s-simple_clean/sign.c.o
[ 56%] Building C object src/sig/sphincs/CMakeFiles/sphincs_sha2_192f_simple_avx2.dir/pqclean_sphincs-sha2-192f-simple_avx2/fors.c.o
[ 56%] Building C object src/sig/sphincs/CMakeFiles/sphincs_sha2_192s_simple_avx2.dir/pqclean_sphincs-sha2-192s-simple_avx2/address.c.o
[ 56%] Building C object src/sig/sphincs/CMakeFiles/sphincs_sha2_192s_simple_clean.dir/pqclean_sphincs-sha2-192s-simple_clean/thash_sha2_simple.c.o
[ 57%] Building C object src/sig/sphincs/CMakeFiles/sphincs_sha2_128s_simple_avx2.dir/pqclean_sphincs-sha2-128s-simple_avx2/sha256x8.c.o
[ 57%] Building C object src/sig/sphincs/CMakeFiles/sphincs_sha2_192s_simple_clean.dir/pqclean_sphincs-sha2-192s-simple_clean/utils.c.o
[ 57%] Building C object src/sig/sphincs/CMakeFiles/sphincs_sha2_128f_simple_avx2.dir/pqclean_sphincs-sha2-128f-simple_avx2/sign.c.o
[ 57%] Building C object src/sig/sphincs/CMakeFiles/sphincs_sha2_192s_simple_clean.dir/pqclean_sphincs-sha2-192s-simple_clean/utilsx1.c.o
[ 58%] Building C object src/sig/sphincs/CMakeFiles/sphincs_sha2_128f_simple_avx2.dir/pqclean_sphincs-sha2-128f-simple_avx2/thash_sha2_simple.c.o
[ 58%] Built target falcon_padded_512_avx2
[ 58%] Building C object src/sig/sphincs/CMakeFiles/sphincs_sha2_192s_simple_clean.dir/pqclean_sphincs-sha2-192s-simple_clean/wots.c.o
[ 58%] Building C object src/sig/sphincs/CMakeFiles/sphincs_sha2_128f_simple_avx2.dir/pqclean_sphincs-sha2-128f-simple_avx2/thash_sha2_simplex8.c.o
[ 58%] Building C object src/sig/sphincs/CMakeFiles/sphincs_sha2_192s_simple_clean.dir/pqclean_sphincs-sha2-192s-simple_clean/wotsx1.c.o
[ 58%] Building C object src/sig/sphincs/CMakeFiles/sphincs_sha2_192f_simple_avx2.dir/pqclean_sphincs-sha2-192f-simple_avx2/hash_sha2.c.o
[ 58%] Built target sphincs_sha2_192s_simple_clean
[ 58%] Building C object src/sig/sphincs/CMakeFiles/sphincs_sha2_192s_simple_avx2.dir/pqclean_sphincs-sha2-192s-simple_avx2/context_sha2.c.o
[ 58%] Building C object src/sig/sphincs/CMakeFiles/sphincs_sha2_256f_simple_clean.dir/sig_sphincs_sha2_256f_simple.c.o
[ 58%] Built target falcon_padded_1024_avx2
[ 59%] Building C object src/sig/sphincs/CMakeFiles/sphincs_sha2_256f_simple_avx2.dir/pqclean_sphincs-sha2-256f-simple_avx2/address.c.o
[ 59%] Building C object src/sig/sphincs/CMakeFiles/sphincs_sha2_256s_simple_clean.dir/sig_sphincs_sha2_256s_simple.c.o
[ 59%] Building C object src/sig/sphincs/CMakeFiles/sphincs_sha2_128s_simple_avx2.dir/pqclean_sphincs-sha2-128s-simple_avx2/sign.c.o
[ 59%] Building C object src/sig/sphincs/CMakeFiles/sphincs_sha2_192f_simple_avx2.dir/pqclean_sphincs-sha2-192f-simple_avx2/hash_sha2x8.c.o
[ 59%] Building C object src/sig/sphincs/CMakeFiles/sphincs_sha2_256f_simple_clean.dir/pqclean_sphincs-sha2-256f-simple_clean/address.c.o
[ 59%] Building C object src/sig/sphincs/CMakeFiles/sphincs_sha2_256s_simple_clean.dir/pqclean_sphincs-sha2-256s-simple_clean/address.c.o
[ 59%] Building C object src/sig/sphincs/CMakeFiles/sphincs_sha2_256f_simple_clean.dir/pqclean_sphincs-sha2-256f-simple_clean/context_sha2.c.o
[ 59%] Building C object src/sig/sphincs/CMakeFiles/sphincs_sha2_256s_simple_avx2.dir/pqclean_sphincs-sha2-256s-simple_avx2/address.c.o
[ 59%] Building C object src/sig/sphincs/CMakeFiles/sphincs_sha2_256f_simple_clean.dir/pqclean_sphincs-sha2-256f-simple_clean/fors.c.o
[ 59%] Building C object src/sig/sphincs/CMakeFiles/sphincs_sha2_256s_simple_clean.dir/pqclean_sphincs-sha2-256s-simple_clean/context_sha2.c.o
[ 59%] Building C object src/sig/sphincs/CMakeFiles/sphincs_shake_128f_simple_clean.dir/sig_sphincs_shake_128f_simple.c.o
[ 59%] Building C object src/sig/sphincs/CMakeFiles/sphincs_sha2_256s_simple_clean.dir/pqclean_sphincs-sha2-256s-simple_clean/fors.c.o
[ 59%] Building C object src/sig/sphincs/CMakeFiles/sphincs_sha2_128f_simple_avx2.dir/pqclean_sphincs-sha2-128f-simple_avx2/utils.c.o
[ 59%] Building C object src/sig/sphincs/CMakeFiles/sphincs_sha2_256f_simple_clean.dir/pqclean_sphincs-sha2-256f-simple_clean/hash_sha2.c.o
[ 59%] Building C object src/sig/sphincs/CMakeFiles/sphincs_shake_128f_simple_clean.dir/pqclean_sphincs-shake-128f-simple_clean/address.c.o
[ 59%] Building C object src/sig/sphincs/CMakeFiles/sphincs_sha2_256f_simple_avx2.dir/pqclean_sphincs-sha2-256f-simple_avx2/context_sha2.c.o
[ 59%] Building C object src/sig/sphincs/CMakeFiles/sphincs_shake_128f_simple_clean.dir/pqclean_sphincs-shake-128f-simple_clean/context_shake.c.o
[ 59%] Building C object src/sig/sphincs/CMakeFiles/sphincs_sha2_256s_simple_clean.dir/pqclean_sphincs-sha2-256s-simple_clean/hash_sha2.c.o
[ 59%] Building C object src/sig/sphincs/CMakeFiles/sphincs_sha2_192s_simple_avx2.dir/pqclean_sphincs-sha2-192s-simple_avx2/fors.c.o
[ 59%] Building C object src/sig/sphincs/CMakeFiles/sphincs_shake_128f_simple_clean.dir/pqclean_sphincs-shake-128f-simple_clean/fors.c.o
[ 59%] Building C object src/sig/sphincs/CMakeFiles/sphincs_sha2_256f_simple_clean.dir/pqclean_sphincs-sha2-256f-simple_clean/merkle.c.o
[ 59%] Building C object src/sig/sphincs/CMakeFiles/sphincs_sha2_256f_simple_clean.dir/pqclean_sphincs-sha2-256f-simple_clean/sign.c.o
[ 59%] Building C object src/sig/sphincs/CMakeFiles/sphincs_sha2_256s_simple_clean.dir/pqclean_sphincs-sha2-256s-simple_clean/merkle.c.o
[ 59%] Building C object src/sig/sphincs/CMakeFiles/sphincs_shake_128f_simple_clean.dir/pqclean_sphincs-shake-128f-simple_clean/hash_shake.c.o
[ 59%] Building C object src/sig/sphincs/CMakeFiles/sphincs_sha2_128s_simple_avx2.dir/pqclean_sphincs-sha2-128s-simple_avx2/thash_sha2_simple.c.o
[ 59%] Building C object src/sig/sphincs/CMakeFiles/sphincs_sha2_192f_simple_avx2.dir/pqclean_sphincs-sha2-192f-simple_avx2/merkle.c.o
[ 59%] Building C object src/sig/sphincs/CMakeFiles/sphincs_shake_128f_simple_clean.dir/pqclean_sphincs-shake-128f-simple_clean/merkle.c.o
[ 60%] Building C object src/sig/sphincs/CMakeFiles/sphincs_sha2_256s_simple_clean.dir/pqclean_sphincs-sha2-256s-simple_clean/sign.c.o
[ 60%] Building C object src/sig/sphincs/CMakeFiles/sphincs_sha2_128f_simple_avx2.dir/pqclean_sphincs-sha2-128f-simple_avx2/utilsx8.c.o
[ 60%] Building C object src/sig/sphincs/CMakeFiles/sphincs_sha2_256f_simple_clean.dir/pqclean_sphincs-sha2-256f-simple_clean/thash_sha2_simple.c.o
[ 61%] Building C object src/sig/sphincs/CMakeFiles/sphincs_shake_128f_simple_clean.dir/pqclean_sphincs-shake-128f-simple_clean/sign.c.o
[ 61%] Building C object src/sig/sphincs/CMakeFiles/sphincs_sha2_256s_simple_avx2.dir/pqclean_sphincs-sha2-256s-simple_avx2/context_sha2.c.o
[ 61%] Building C object src/sig/sphincs/CMakeFiles/sphincs_sha2_256f_simple_clean.dir/pqclean_sphincs-sha2-256f-simple_clean/utils.c.o
[ 61%] Building C object src/sig/sphincs/CMakeFiles/sphincs_sha2_256s_simple_clean.dir/pqclean_sphincs-sha2-256s-simple_clean/thash_sha2_simple.c.o
[ 61%] Building C object src/sig/sphincs/CMakeFiles/sphincs_shake_128f_simple_clean.dir/pqclean_sphincs-shake-128f-simple_clean/thash_shake_simple.c.o
[ 62%] Building C object src/sig/sphincs/CMakeFiles/sphincs_sha2_256f_simple_clean.dir/pqclean_sphincs-sha2-256f-simple_clean/utilsx1.c.o
[ 62%] Building C object src/sig/sphincs/CMakeFiles/sphincs_sha2_256s_simple_clean.dir/pqclean_sphincs-sha2-256s-simple_clean/utils.c.o
[ 62%] Building C object src/sig/sphincs/CMakeFiles/sphincs_sha2_256f_simple_avx2.dir/pqclean_sphincs-sha2-256f-simple_avx2/fors.c.o
[ 62%] Building C object src/sig/sphincs/CMakeFiles/sphincs_shake_128f_simple_clean.dir/pqclean_sphincs-shake-128f-simple_clean/utils.c.o
[ 62%] Building C object src/sig/sphincs/CMakeFiles/sphincs_shake_128f_simple_avx2.dir/pqclean_sphincs-shake-128f-simple_avx2/address.c.o
[ 62%] Building C object src/sig/sphincs/CMakeFiles/sphincs_sha2_256f_simple_clean.dir/pqclean_sphincs-sha2-256f-simple_clean/wots.c.o
[ 62%] Building C object src/sig/sphincs/CMakeFiles/sphincs_sha2_256s_simple_clean.dir/pqclean_sphincs-sha2-256s-simple_clean/utilsx1.c.o
[ 62%] Building C object src/sig/sphincs/CMakeFiles/sphincs_shake_128f_simple_avx2.dir/pqclean_sphincs-shake-128f-simple_avx2/context_shake.c.o
[ 62%] Building C object src/sig/sphincs/CMakeFiles/sphincs_shake_128f_simple_clean.dir/pqclean_sphincs-shake-128f-simple_clean/utilsx1.c.o
[ 63%] Building C object src/sig/sphincs/CMakeFiles/sphincs_sha2_192s_simple_avx2.dir/pqclean_sphincs-sha2-192s-simple_avx2/hash_sha2.c.o
[ 63%] Building C object src/sig/sphincs/CMakeFiles/sphincs_sha2_256f_simple_clean.dir/pqclean_sphincs-sha2-256f-simple_clean/wotsx1.c.o
[ 63%] Building C object src/sig/sphincs/CMakeFiles/sphincs_shake_128f_simple_avx2.dir/pqclean_sphincs-shake-128f-simple_avx2/fors.c.o
[ 63%] Building C object src/sig/sphincs/CMakeFiles/sphincs_sha2_256s_simple_clean.dir/pqclean_sphincs-sha2-256s-simple_clean/wots.c.o
[ 63%] Building C object src/sig/sphincs/CMakeFiles/sphincs_sha2_128s_simple_avx2.dir/pqclean_sphincs-sha2-128s-simple_avx2/thash_sha2_simplex8.c.o
[ 63%] Building C object src/sig/sphincs/CMakeFiles/sphincs_shake_128f_simple_clean.dir/pqclean_sphincs-shake-128f-simple_clean/wots.c.o
[ 63%] Built target sphincs_sha2_256f_simple_clean
[ 64%] Building C object src/sig/sphincs/CMakeFiles/sphincs_sha2_192f_simple_avx2.dir/pqclean_sphincs-sha2-192f-simple_avx2/sha256avx.c.o
[ 64%] Building C object src/sig/sphincs/CMakeFiles/sphincs_sha2_128s_simple_avx2.dir/pqclean_sphincs-sha2-128s-simple_avx2/utils.c.o
[ 64%] Building C object src/sig/sphincs/CMakeFiles/sphincs_shake_128f_simple_avx2.dir/pqclean_sphincs-shake-128f-simple_avx2/hash_shake.c.o
[ 64%] Building C object src/sig/sphincs/CMakeFiles/sphincs_shake_128f_simple_clean.dir/pqclean_sphincs-shake-128f-simple_clean/wotsx1.c.o
[ 64%] Building C object src/sig/sphincs/CMakeFiles/sphincs_sha2_256s_simple_clean.dir/pqclean_sphincs-sha2-256s-simple_clean/wotsx1.c.o
[ 64%] Building C object src/sig/sphincs/CMakeFiles/sphincs_sha2_128f_simple_avx2.dir/pqclean_sphincs-sha2-128f-simple_avx2/wots.c.o
[ 64%] Built target sphincs_shake_128f_simple_clean
[ 64%] Building C object src/sig/sphincs/CMakeFiles/sphincs_sha2_256s_simple_avx2.dir/pqclean_sphincs-sha2-256s-simple_avx2/fors.c.o
[ 64%] Building C object src/sig/sphincs/CMakeFiles/sphincs_shake_128f_simple_avx2.dir/pqclean_sphincs-shake-128f-simple_avx2/hash_shakex4.c.o
[ 64%] Building C object src/sig/sphincs/CMakeFiles/sphincs_shake_128f_simple_avx2.dir/pqclean_sphincs-shake-128f-simple_avx2/merkle.c.o
[ 64%] Built target sphincs_sha2_256s_simple_clean
[ 64%] Building C object src/sig/sphincs/CMakeFiles/sphincs_sha2_256f_simple_avx2.dir/pqclean_sphincs-sha2-256f-simple_avx2/hash_sha2.c.o
[ 64%] Building C object src/sig/sphincs/CMakeFiles/sphincs_sha2_192s_simple_avx2.dir/pqclean_sphincs-sha2-192s-simple_avx2/hash_sha2x8.c.o
[ 64%] Building C object src/sig/sphincs/CMakeFiles/sphincs_sha2_192f_simple_avx2.dir/pqclean_sphincs-sha2-192f-simple_avx2/sha256x8.c.o
[ 64%] Building C object src/sig/sphincs/CMakeFiles/sphincs_sha2_128s_simple_avx2.dir/pqclean_sphincs-sha2-128s-simple_avx2/utilsx8.c.o
[ 64%] Building C object src/sig/sphincs/CMakeFiles/sphincs_sha2_256s_simple_avx2.dir/pqclean_sphincs-sha2-256s-simple_avx2/hash_sha2.c.o
[ 64%] Built target sphincs_sha2_128f_simple_avx2
[ 64%] Building C object src/sig/sphincs/CMakeFiles/sphincs_sha2_256s_simple_avx2.dir/pqclean_sphincs-sha2-256s-simple_avx2/hash_sha2x8.c.o
[ 64%] Building C object src/sig/sphincs/CMakeFiles/sphincs_sha2_256f_simple_avx2.dir/pqclean_sphincs-sha2-256f-simple_avx2/hash_sha2x8.c.o
[ 64%] Building C object src/sig/sphincs/CMakeFiles/sphincs_shake_128f_simple_avx2.dir/pqclean_sphincs-shake-128f-simple_avx2/sign.c.o
[ 64%] Building C object src/sig/sphincs/CMakeFiles/sphincs_sha2_192f_simple_avx2.dir/pqclean_sphincs-sha2-192f-simple_avx2/sha512x4.c.o
[ 64%] Building C object src/sig/sphincs/CMakeFiles/sphincs_sha2_192s_simple_avx2.dir/pqclean_sphincs-sha2-192s-simple_avx2/merkle.c.o
[ 64%] Building C object src/sig/sphincs/CMakeFiles/sphincs_shake_128f_simple_avx2.dir/pqclean_sphincs-shake-128f-simple_avx2/thash_shake_simple.c.o
[ 64%] Building C object src/sig/sphincs/CMakeFiles/sphincs_sha2_128s_simple_avx2.dir/pqclean_sphincs-sha2-128s-simple_avx2/wots.c.o
[ 64%] Building C object src/sig/sphincs/CMakeFiles/sphincs_sha2_256s_simple_avx2.dir/pqclean_sphincs-sha2-256s-simple_avx2/merkle.c.o
[ 64%] Building C object src/sig/sphincs/CMakeFiles/sphincs_shake_128f_simple_avx2.dir/pqclean_sphincs-shake-128f-simple_avx2/thash_shake_simplex4.c.o
[ 64%] Building C object src/sig/sphincs/CMakeFiles/sphincs_shake_128f_simple_avx2.dir/pqclean_sphincs-shake-128f-simple_avx2/utils.c.o
[ 64%] Building C object src/sig/sphincs/CMakeFiles/sphincs_shake_128s_simple_clean.dir/sig_sphincs_shake_128s_simple.c.o
[ 64%] Building C object src/sig/sphincs/CMakeFiles/sphincs_shake_128s_simple_avx2.dir/pqclean_sphincs-shake-128s-simple_avx2/address.c.o
[ 64%] Building C object src/sig/sphincs/CMakeFiles/sphincs_sha2_256f_simple_avx2.dir/pqclean_sphincs-sha2-256f-simple_avx2/merkle.c.o
[ 64%] Building C object src/sig/sphincs/CMakeFiles/sphincs_shake_128s_simple_clean.dir/pqclean_sphincs-shake-128s-simple_clean/address.c.o
[ 64%] Building C object src/sig/sphincs/CMakeFiles/sphincs_shake_128s_simple_avx2.dir/pqclean_sphincs-shake-128s-simple_avx2/context_shake.c.o
[ 64%] Building C object src/sig/sphincs/CMakeFiles/sphincs_shake_128s_simple_avx2.dir/pqclean_sphincs-shake-128s-simple_avx2/fors.c.o
[ 64%] Building C object src/sig/sphincs/CMakeFiles/sphincs_shake_128s_simple_clean.dir/pqclean_sphincs-shake-128s-simple_clean/context_shake.c.o
[ 64%] Building C object src/sig/sphincs/CMakeFiles/sphincs_shake_128s_simple_clean.dir/pqclean_sphincs-shake-128s-simple_clean/fors.c.o
[ 64%] Building C object src/sig/sphincs/CMakeFiles/sphincs_sha2_256s_simple_avx2.dir/pqclean_sphincs-sha2-256s-simple_avx2/sha256avx.c.o
[ 64%] Building C object src/sig/sphincs/CMakeFiles/sphincs_sha2_192s_simple_avx2.dir/pqclean_sphincs-sha2-192s-simple_avx2/sha256avx.c.o
[ 64%] Building C object src/sig/sphincs/CMakeFiles/sphincs_shake_192f_simple_clean.dir/sig_sphincs_shake_192f_simple.c.o
[ 64%] Building C object src/sig/sphincs/CMakeFiles/sphincs_shake_128s_simple_avx2.dir/pqclean_sphincs-shake-128s-simple_avx2/hash_shake.c.o
[ 64%] Building C object src/sig/sphincs/CMakeFiles/sphincs_sha2_256f_simple_avx2.dir/pqclean_sphincs-sha2-256f-simple_avx2/sha256avx.c.o
[ 64%] Built target sphincs_sha2_128s_simple_avx2
[ 64%] Building C object src/sig/sphincs/CMakeFiles/sphincs_shake_128s_simple_clean.dir/pqclean_sphincs-shake-128s-simple_clean/hash_shake.c.o
[ 64%] Building C object src/sig/sphincs/CMakeFiles/sphincs_shake_128f_simple_avx2.dir/pqclean_sphincs-shake-128f-simple_avx2/utilsx4.c.o
[ 64%] Building C object src/sig/sphincs/CMakeFiles/sphincs_sha2_192s_simple_avx2.dir/pqclean_sphincs-sha2-192s-simple_avx2/sha256x8.c.o
[ 64%] Building C object src/sig/sphincs/CMakeFiles/sphincs_shake_192f_simple_clean.dir/pqclean_sphincs-shake-192f-simple_clean/address.c.o
[ 64%] Building C object src/sig/sphincs/CMakeFiles/sphincs_shake_128s_simple_avx2.dir/pqclean_sphincs-shake-128s-simple_avx2/hash_shakex4.c.o
[ 64%] Building C object src/sig/sphincs/CMakeFiles/sphincs_shake_128s_simple_clean.dir/pqclean_sphincs-shake-128s-simple_clean/merkle.c.o
[ 64%] Building C object src/sig/sphincs/CMakeFiles/sphincs_shake_128f_simple_avx2.dir/pqclean_sphincs-shake-128f-simple_avx2/wots.c.o
[ 64%] Building C object src/sig/sphincs/CMakeFiles/sphincs_shake_192f_simple_clean.dir/pqclean_sphincs-shake-192f-simple_clean/context_shake.c.o
[ 65%] Building C object src/sig/sphincs/CMakeFiles/sphincs_shake_128s_simple_clean.dir/pqclean_sphincs-shake-128s-simple_clean/sign.c.o
[ 65%] Building C object src/sig/sphincs/CMakeFiles/sphincs_shake_192f_simple_clean.dir/pqclean_sphincs-shake-192f-simple_clean/fors.c.o
[ 65%] Built target sphincs_shake_128f_simple_avx2
[ 65%] Building C object src/sig/sphincs/CMakeFiles/sphincs_sha2_192f_simple_avx2.dir/pqclean_sphincs-sha2-192f-simple_avx2/sign.c.o
[ 65%] Building C object src/sig/sphincs/CMakeFiles/sphincs_sha2_256s_simple_avx2.dir/pqclean_sphincs-sha2-256s-simple_avx2/sha256x8.c.o
[ 65%] Building C object src/sig/sphincs/CMakeFiles/sphincs_shake_128s_simple_clean.dir/pqclean_sphincs-shake-128s-simple_clean/thash_shake_simple.c.o
[ 65%] Building C object src/sig/sphincs/CMakeFiles/sphincs_shake_192f_simple_clean.dir/pqclean_sphincs-shake-192f-simple_clean/hash_shake.c.o
[ 65%] Building C object src/sig/sphincs/CMakeFiles/sphincs_sha2_192f_simple_avx2.dir/pqclean_sphincs-sha2-192f-simple_avx2/thash_sha2_simple.c.o
[ 65%] Building C object src/sig/sphincs/CMakeFiles/sphincs_shake_128s_simple_clean.dir/pqclean_sphincs-shake-128s-simple_clean/utils.c.o
[ 65%] Building C object src/sig/sphincs/CMakeFiles/sphincs_shake_192f_simple_clean.dir/pqclean_sphincs-shake-192f-simple_clean/merkle.c.o
[ 66%] Building C object src/sig/sphincs/CMakeFiles/sphincs_shake_192f_simple_clean.dir/pqclean_sphincs-shake-192f-simple_clean/sign.c.o
[ 66%] Building C object src/sig/sphincs/CMakeFiles/sphincs_shake_128s_simple_clean.dir/pqclean_sphincs-shake-128s-simple_clean/utilsx1.c.o
[ 66%] Building C object src/sig/sphincs/CMakeFiles/sphincs_shake_128s_simple_clean.dir/pqclean_sphincs-shake-128s-simple_clean/wots.c.o
[ 66%] Building C object src/sig/sphincs/CMakeFiles/sphincs_shake_192f_simple_clean.dir/pqclean_sphincs-shake-192f-simple_clean/thash_shake_simple.c.o
[ 66%] Building C object src/sig/sphincs/CMakeFiles/sphincs_shake_128s_simple_avx2.dir/pqclean_sphincs-shake-128s-simple_avx2/merkle.c.o
[ 66%] Building C object src/sig/sphincs/CMakeFiles/sphincs_shake_192f_simple_avx2.dir/pqclean_sphincs-shake-192f-simple_avx2/address.c.o
[ 66%] Building C object src/sig/sphincs/CMakeFiles/sphincs_shake_192f_simple_clean.dir/pqclean_sphincs-shake-192f-simple_clean/utils.c.o
[ 66%] Building C object src/sig/sphincs/CMakeFiles/sphincs_shake_128s_simple_clean.dir/pqclean_sphincs-shake-128s-simple_clean/wotsx1.c.o
[ 66%] Building C object src/sig/sphincs/CMakeFiles/sphincs_shake_128s_simple_avx2.dir/pqclean_sphincs-shake-128s-simple_avx2/sign.c.o
[ 66%] Building C object src/sig/sphincs/CMakeFiles/sphincs_shake_192f_simple_avx2.dir/pqclean_sphincs-shake-192f-simple_avx2/context_shake.c.o
[ 66%] Built target sphincs_shake_128s_simple_clean
[ 66%] Building C object src/sig/sphincs/CMakeFiles/sphincs_sha2_256s_simple_avx2.dir/pqclean_sphincs-sha2-256s-simple_avx2/sha512x4.c.o
[ 66%] Building C object src/sig/sphincs/CMakeFiles/sphincs_shake_192f_simple_avx2.dir/pqclean_sphincs-shake-192f-simple_avx2/fors.c.o
[ 66%] Building C object src/sig/sphincs/CMakeFiles/sphincs_shake_192f_simple_clean.dir/pqclean_sphincs-shake-192f-simple_clean/utilsx1.c.o
[ 66%] Building C object src/sig/sphincs/CMakeFiles/sphincs_sha2_256s_simple_avx2.dir/pqclean_sphincs-sha2-256s-simple_avx2/sign.c.o
[ 66%] Building C object src/sig/sphincs/CMakeFiles/sphincs_shake_128s_simple_avx2.dir/pqclean_sphincs-shake-128s-simple_avx2/thash_shake_simple.c.o
[ 66%] Building C object src/sig/sphincs/CMakeFiles/sphincs_shake_192f_simple_clean.dir/pqclean_sphincs-shake-192f-simple_clean/wots.c.o
[ 66%] Building C object src/sig/sphincs/CMakeFiles/sphincs_sha2_192f_simple_avx2.dir/pqclean_sphincs-sha2-192f-simple_avx2/thash_sha2_simplex8.c.o
[ 66%] Building C object src/sig/sphincs/CMakeFiles/sphincs_shake_128s_simple_avx2.dir/pqclean_sphincs-shake-128s-simple_avx2/thash_shake_simplex4.c.o
[ 66%] Building C object src/sig/sphincs/CMakeFiles/sphincs_shake_192f_simple_avx2.dir/pqclean_sphincs-shake-192f-simple_avx2/hash_shake.c.o
[ 66%] Building C object src/sig/sphincs/CMakeFiles/sphincs_shake_192f_simple_clean.dir/pqclean_sphincs-shake-192f-simple_clean/wotsx1.c.o
[ 66%] Building C object src/sig/sphincs/CMakeFiles/sphincs_shake_192s_simple_clean.dir/sig_sphincs_shake_192s_simple.c.o
[ 66%] Building C object src/sig/sphincs/CMakeFiles/sphincs_shake_192f_simple_avx2.dir/pqclean_sphincs-shake-192f-simple_avx2/hash_shakex4.c.o
[ 66%] Built target sphincs_shake_192f_simple_clean
[ 66%] Building C object src/sig/sphincs/CMakeFiles/sphincs_sha2_192f_simple_avx2.dir/pqclean_sphincs-sha2-192f-simple_avx2/utils.c.o
[ 66%] Building C object src/sig/sphincs/CMakeFiles/sphincs_shake_192s_simple_clean.dir/pqclean_sphincs-shake-192s-simple_clean/address.c.o
[ 66%] Building C object src/sig/sphincs/CMakeFiles/sphincs_shake_192s_simple_clean.dir/pqclean_sphincs-shake-192s-simple_clean/context_shake.c.o
[ 66%] Building C object src/sig/sphincs/CMakeFiles/sphincs_shake_192s_simple_clean.dir/pqclean_sphincs-shake-192s-simple_clean/fors.c.o
[ 66%] Building C object src/sig/sphincs/CMakeFiles/sphincs_sha2_192s_simple_avx2.dir/pqclean_sphincs-sha2-192s-simple_avx2/sha512x4.c.o
[ 66%] Building C object src/sig/sphincs/CMakeFiles/sphincs_sha2_256f_simple_avx2.dir/pqclean_sphincs-sha2-256f-simple_avx2/sha256x8.c.o
[ 66%] Building C object src/sig/sphincs/CMakeFiles/sphincs_shake_192s_simple_clean.dir/pqclean_sphincs-shake-192s-simple_clean/hash_shake.c.o
[ 66%] Building C object src/sig/sphincs/CMakeFiles/sphincs_shake_192s_simple_clean.dir/pqclean_sphincs-shake-192s-simple_clean/merkle.c.o
[ 66%] Building C object src/sig/sphincs/CMakeFiles/sphincs_shake_128s_simple_avx2.dir/pqclean_sphincs-shake-128s-simple_avx2/utils.c.o
[ 66%] Building C object src/sig/sphincs/CMakeFiles/sphincs_shake_192f_simple_avx2.dir/pqclean_sphincs-shake-192f-simple_avx2/merkle.c.o
[ 67%] Building C object src/sig/sphincs/CMakeFiles/sphincs_shake_192s_simple_clean.dir/pqclean_sphincs-shake-192s-simple_clean/sign.c.o
[ 67%] Building C object src/sig/sphincs/CMakeFiles/sphincs_shake_192s_simple_clean.dir/pqclean_sphincs-shake-192s-simple_clean/thash_shake_simple.c.o
[ 67%] Building C object src/sig/sphincs/CMakeFiles/sphincs_sha2_192s_simple_avx2.dir/pqclean_sphincs-sha2-192s-simple_avx2/sign.c.o
[ 67%] Building C object src/sig/sphincs/CMakeFiles/sphincs_shake_192s_simple_avx2.dir/pqclean_sphincs-shake-192s-simple_avx2/address.c.o
[ 67%] Building C object src/sig/sphincs/CMakeFiles/sphincs_sha2_192s_simple_avx2.dir/pqclean_sphincs-sha2-192s-simple_avx2/thash_sha2_simple.c.o
[ 67%] Building C object src/sig/sphincs/CMakeFiles/sphincs_shake_128s_simple_avx2.dir/pqclean_sphincs-shake-128s-simple_avx2/utilsx4.c.o
[ 67%] Building C object src/sig/sphincs/CMakeFiles/sphincs_shake_192f_simple_avx2.dir/pqclean_sphincs-shake-192f-simple_avx2/sign.c.o
[ 67%] Building C object src/sig/sphincs/CMakeFiles/sphincs_shake_192s_simple_clean.dir/pqclean_sphincs-shake-192s-simple_clean/utils.c.o
[ 67%] Building C object src/sig/sphincs/CMakeFiles/sphincs_shake_192s_simple_avx2.dir/pqclean_sphincs-shake-192s-simple_avx2/context_shake.c.o
[ 67%] Building C object src/sig/sphincs/CMakeFiles/sphincs_sha2_256s_simple_avx2.dir/pqclean_sphincs-sha2-256s-simple_avx2/thash_sha2_simple.c.o
[ 67%] Building C object src/sig/sphincs/CMakeFiles/sphincs_shake_128s_simple_avx2.dir/pqclean_sphincs-shake-128s-simple_avx2/wots.c.o
[ 67%] Building C object src/sig/sphincs/CMakeFiles/sphincs_shake_192s_simple_avx2.dir/pqclean_sphincs-shake-192s-simple_avx2/fors.c.o
[ 67%] Building C object src/sig/sphincs/CMakeFiles/sphincs_shake_192f_simple_avx2.dir/pqclean_sphincs-shake-192f-simple_avx2/thash_shake_simple.c.o
[ 67%] Building C object src/sig/sphincs/CMakeFiles/sphincs_sha2_192f_simple_avx2.dir/pqclean_sphincs-sha2-192f-simple_avx2/utilsx8.c.o
[ 67%] Building C object src/sig/sphincs/CMakeFiles/sphincs_shake_192s_simple_clean.dir/pqclean_sphincs-shake-192s-simple_clean/utilsx1.c.o
[ 67%] Building C object src/sig/sphincs/CMakeFiles/sphincs_shake_192f_simple_avx2.dir/pqclean_sphincs-shake-192f-simple_avx2/thash_shake_simplex4.c.o
[ 67%] Building C object src/sig/sphincs/CMakeFiles/sphincs_shake_192s_simple_clean.dir/pqclean_sphincs-shake-192s-simple_clean/wots.c.o
[ 67%] Built target sphincs_shake_128s_simple_avx2
[ 67%] Building C object src/sig/sphincs/CMakeFiles/sphincs_sha2_256f_simple_avx2.dir/pqclean_sphincs-sha2-256f-simple_avx2/sha512x4.c.o
[ 67%] Building C object src/sig/sphincs/CMakeFiles/sphincs_shake_192s_simple_avx2.dir/pqclean_sphincs-shake-192s-simple_avx2/hash_shake.c.o
[ 67%] Building C object src/sig/sphincs/CMakeFiles/sphincs_shake_192s_simple_clean.dir/pqclean_sphincs-shake-192s-simple_clean/wotsx1.c.o
[ 67%] Building C object src/sig/sphincs/CMakeFiles/sphincs_sha2_256s_simple_avx2.dir/pqclean_sphincs-sha2-256s-simple_avx2/thash_sha2_simplex8.c.o
[ 67%] Building C object src/sig/sphincs/CMakeFiles/sphincs_shake_192s_simple_avx2.dir/pqclean_sphincs-shake-192s-simple_avx2/hash_shakex4.c.o
[ 67%] Built target sphincs_shake_192s_simple_clean
[ 67%] Building C object src/sig/sphincs/CMakeFiles/sphincs_sha2_256s_simple_avx2.dir/pqclean_sphincs-sha2-256s-simple_avx2/utils.c.o
[ 67%] Building C object src/sig/sphincs/CMakeFiles/sphincs_shake_192f_simple_avx2.dir/pqclean_sphincs-shake-192f-simple_avx2/utils.c.o
[ 67%] Building C object src/sig/sphincs/CMakeFiles/sphincs_shake_256f_simple_clean.dir/sig_sphincs_shake_256f_simple.c.o
[ 67%] Building C object src/sig/sphincs/CMakeFiles/sphincs_sha2_192f_simple_avx2.dir/pqclean_sphincs-sha2-192f-simple_avx2/wots.c.o
[ 67%] Building C object src/sig/sphincs/CMakeFiles/sphincs_shake_256f_simple_clean.dir/pqclean_sphincs-shake-256f-simple_clean/address.c.o
[ 67%] Building C object src/sig/sphincs/CMakeFiles/sphincs_sha2_192s_simple_avx2.dir/pqclean_sphincs-sha2-192s-simple_avx2/thash_sha2_simplex8.c.o
[ 67%] Building C object src/sig/sphincs/CMakeFiles/sphincs_shake_192s_simple_avx2.dir/pqclean_sphincs-shake-192s-simple_avx2/merkle.c.o
[ 67%] Building C object src/sig/sphincs/CMakeFiles/sphincs_shake_256f_simple_clean.dir/pqclean_sphincs-shake-256f-simple_clean/context_shake.c.o
[ 67%] Building C object src/sig/sphincs/CMakeFiles/sphincs_shake_256f_simple_avx2.dir/pqclean_sphincs-shake-256f-simple_avx2/address.c.o
[ 67%] Building C object src/sig/sphincs/CMakeFiles/sphincs_shake_256f_simple_clean.dir/pqclean_sphincs-shake-256f-simple_clean/fors.c.o
[ 67%] Building C object src/sig/sphincs/CMakeFiles/sphincs_shake_192f_simple_avx2.dir/pqclean_sphincs-shake-192f-simple_avx2/utilsx4.c.o
[ 67%] Building C object src/sig/sphincs/CMakeFiles/sphincs_sha2_256s_simple_avx2.dir/pqclean_sphincs-sha2-256s-simple_avx2/utilsx8.c.o
[ 67%] Building C object src/sig/sphincs/CMakeFiles/sphincs_shake_256f_simple_avx2.dir/pqclean_sphincs-shake-256f-simple_avx2/context_shake.c.o
[ 67%] Building C object src/sig/sphincs/CMakeFiles/sphincs_shake_192f_simple_avx2.dir/pqclean_sphincs-shake-192f-simple_avx2/wots.c.o
[ 67%] Building C object src/sig/sphincs/CMakeFiles/sphincs_sha2_256f_simple_avx2.dir/pqclean_sphincs-sha2-256f-simple_avx2/sign.c.o
[ 67%] Building C object src/sig/sphincs/CMakeFiles/sphincs_shake_256f_simple_avx2.dir/pqclean_sphincs-shake-256f-simple_avx2/fors.c.o
[ 67%] Building C object src/sig/sphincs/CMakeFiles/sphincs_shake_256f_simple_clean.dir/pqclean_sphincs-shake-256f-simple_clean/hash_shake.c.o
[ 67%] Building C object src/sig/sphincs/CMakeFiles/sphincs_shake_192s_simple_avx2.dir/pqclean_sphincs-shake-192s-simple_avx2/sign.c.o
[ 67%] Building C object src/sig/sphincs/CMakeFiles/sphincs_shake_256f_simple_clean.dir/pqclean_sphincs-shake-256f-simple_clean/merkle.c.o
[ 67%] Building C object src/sig/sphincs/CMakeFiles/sphincs_shake_256f_simple_avx2.dir/pqclean_sphincs-shake-256f-simple_avx2/hash_shake.c.o
[ 67%] Built target sphincs_shake_192f_simple_avx2
[ 68%] Building C object src/sig/sphincs/CMakeFiles/sphincs_shake_256f_simple_clean.dir/pqclean_sphincs-shake-256f-simple_clean/sign.c.o
[ 68%] Building C object src/sig/sphincs/CMakeFiles/sphincs_sha2_192s_simple_avx2.dir/pqclean_sphincs-sha2-192s-simple_avx2/utils.c.o
[ 68%] Building C object src/sig/sphincs/CMakeFiles/sphincs_shake_192s_simple_avx2.dir/pqclean_sphincs-shake-192s-simple_avx2/thash_shake_simple.c.o
[ 68%] Building C object src/sig/sphincs/CMakeFiles/sphincs_shake_256f_simple_avx2.dir/pqclean_sphincs-shake-256f-simple_avx2/hash_shakex4.c.o
[ 68%] Building C object src/sig/sphincs/CMakeFiles/sphincs_sha2_256s_simple_avx2.dir/pqclean_sphincs-sha2-256s-simple_avx2/wots.c.o
[ 68%] Building C object src/sig/sphincs/CMakeFiles/sphincs_shake_256f_simple_clean.dir/pqclean_sphincs-shake-256f-simple_clean/thash_shake_simple.c.o
[ 68%] Building C object src/sig/sphincs/CMakeFiles/sphincs_shake_192s_simple_avx2.dir/pqclean_sphincs-shake-192s-simple_avx2/thash_shake_simplex4.c.o
[ 68%] Building C object src/sig/sphincs/CMakeFiles/sphincs_shake_256f_simple_avx2.dir/pqclean_sphincs-shake-256f-simple_avx2/merkle.c.o
[ 68%] Built target sphincs_sha2_192f_simple_avx2
[ 68%] Building C object src/sig/sphincs/CMakeFiles/sphincs_shake_256s_simple_clean.dir/sig_sphincs_shake_256s_simple.c.o
[ 68%] Building C object src/sig/sphincs/CMakeFiles/sphincs_shake_256f_simple_clean.dir/pqclean_sphincs-shake-256f-simple_clean/utils.c.o
[ 68%] Building C object src/sig/sphincs/CMakeFiles/sphincs_sha2_256f_simple_avx2.dir/pqclean_sphincs-sha2-256f-simple_avx2/thash_sha2_simple.c.o
[ 68%] Building C object src/sig/sphincs/CMakeFiles/sphincs_shake_256s_simple_clean.dir/pqclean_sphincs-shake-256s-simple_clean/address.c.o
[ 68%] Building C object src/sig/sphincs/CMakeFiles/sphincs_shake_256s_simple_avx2.dir/pqclean_sphincs-shake-256s-simple_avx2/address.c.o
[ 68%] Building C object src/sig/sphincs/CMakeFiles/sphincs_sha2_256f_simple_avx2.dir/pqclean_sphincs-sha2-256f-simple_avx2/thash_sha2_simplex8.c.o
[ 68%] Building C object src/sig/sphincs/CMakeFiles/sphincs_shake_256s_simple_clean.dir/pqclean_sphincs-shake-256s-simple_clean/context_shake.c.o
[ 68%] Building C object src/sig/sphincs/CMakeFiles/sphincs_shake_256s_simple_avx2.dir/pqclean_sphincs-shake-256s-simple_avx2/context_shake.c.o
[ 68%] Building C object src/sig/sphincs/CMakeFiles/sphincs_shake_256f_simple_clean.dir/pqclean_sphincs-shake-256f-simple_clean/utilsx1.c.o
[ 68%] Building C object src/sig/sphincs/CMakeFiles/sphincs_shake_256f_simple_clean.dir/pqclean_sphincs-shake-256f-simple_clean/wots.c.o
[ 68%] Building C object src/sig/sphincs/CMakeFiles/sphincs_shake_256s_simple_avx2.dir/pqclean_sphincs-shake-256s-simple_avx2/fors.c.o
[ 68%] Building C object src/sig/sphincs/CMakeFiles/sphincs_shake_256s_simple_clean.dir/pqclean_sphincs-shake-256s-simple_clean/fors.c.o
[ 68%] Building C object src/sig/sphincs/CMakeFiles/sphincs_shake_192s_simple_avx2.dir/pqclean_sphincs-shake-192s-simple_avx2/utils.c.o
[ 68%] Building C object src/sig/sphincs/CMakeFiles/sphincs_shake_256f_simple_clean.dir/pqclean_sphincs-shake-256f-simple_clean/wotsx1.c.o
[ 68%] Built target sphincs_shake_256f_simple_clean
[ 68%] Building C object src/sig/sphincs/CMakeFiles/sphincs_sha2_192s_simple_avx2.dir/pqclean_sphincs-sha2-192s-simple_avx2/utilsx8.c.o
[ 68%] Building C object src/sig/sphincs/CMakeFiles/sphincs_shake_256s_simple_clean.dir/pqclean_sphincs-shake-256s-simple_clean/hash_shake.c.o
[ 68%] Building C object src/sig/sphincs/CMakeFiles/sphincs_shake_256s_simple_avx2.dir/pqclean_sphincs-shake-256s-simple_avx2/hash_shake.c.o
[ 68%] Building C object src/sig/sphincs/CMakeFiles/sphincs_sha2_256f_simple_avx2.dir/pqclean_sphincs-sha2-256f-simple_avx2/utils.c.o
[ 68%] Building C object src/sig/sphincs/CMakeFiles/sphincs_shake_256s_simple_clean.dir/pqclean_sphincs-shake-256s-simple_clean/merkle.c.o
[ 68%] Building C object src/sig/sphincs/CMakeFiles/sphincs_shake_192s_simple_avx2.dir/pqclean_sphincs-shake-192s-simple_avx2/utilsx4.c.o
[ 68%] Building C object src/sig/sphincs/CMakeFiles/sphincs_shake_256f_simple_avx2.dir/pqclean_sphincs-shake-256f-simple_avx2/sign.c.o
[ 68%] Building C object src/sig/sphincs/CMakeFiles/sphincs_shake_256s_simple_avx2.dir/pqclean_sphincs-shake-256s-simple_avx2/hash_shakex4.c.o
[ 69%] Building C object src/sig/sphincs/CMakeFiles/sphincs_shake_256s_simple_clean.dir/pqclean_sphincs-shake-256s-simple_clean/sign.c.o
[ 69%] Building C object src/sig/sphincs/CMakeFiles/sphincs_shake_192s_simple_avx2.dir/pqclean_sphincs-shake-192s-simple_avx2/wots.c.o
[ 69%] Building C object src/sig/sphincs/CMakeFiles/sphincs_shake_256f_simple_avx2.dir/pqclean_sphincs-shake-256f-simple_avx2/thash_shake_simple.c.o
[ 69%] Building C object src/sig/sphincs/CMakeFiles/sphincs_shake_256s_simple_avx2.dir/pqclean_sphincs-shake-256s-simple_avx2/merkle.c.o
[ 69%] Building C object src/sig/mayo/CMakeFiles/mayo_1_opt.dir/sig_mayo_1.c.o
[ 69%] Building C object src/sig/sphincs/CMakeFiles/sphincs_shake_256s_simple_clean.dir/pqclean_sphincs-shake-256s-simple_clean/thash_shake_simple.c.o
[ 69%] Built target sphincs_sha2_256s_simple_avx2
[ 69%] Building C object src/sig/sphincs/CMakeFiles/sphincs_shake_256f_simple_avx2.dir/pqclean_sphincs-shake-256f-simple_avx2/thash_shake_simplex4.c.o
[ 69%] Building C object src/sig/sphincs/CMakeFiles/sphincs_shake_256f_simple_avx2.dir/pqclean_sphincs-shake-256f-simple_avx2/utils.c.o
[ 69%] Building C object src/sig/mayo/CMakeFiles/mayo_1_avx2.dir/pqmayo_mayo-1_avx2/api.c.o
[ 69%] Built target sphincs_shake_192s_simple_avx2
[ 69%] Building C object src/sig/sphincs/CMakeFiles/sphincs_shake_256s_simple_clean.dir/pqclean_sphincs-shake-256s-simple_clean/utils.c.o
[ 69%] Building C object src/sig/mayo/CMakeFiles/mayo_1_avx2.dir/pqmayo_mayo-1_avx2/arithmetic.c.o
[ 69%] Building C object src/sig/sphincs/CMakeFiles/sphincs_shake_256s_simple_avx2.dir/pqclean_sphincs-shake-256s-simple_avx2/sign.c.o
[ 69%] Building C object src/sig/mayo/CMakeFiles/mayo_1_opt.dir/pqmayo_mayo-1_opt/api.c.o
[ 69%] Building C object src/sig/mayo/CMakeFiles/mayo_1_avx2.dir/pqmayo_mayo-1_avx2/mayo.c.o
[ 69%] Building C object src/sig/sphincs/CMakeFiles/sphincs_sha2_192s_simple_avx2.dir/pqclean_sphincs-sha2-192s-simple_avx2/wots.c.o
[ 69%] Building C object src/sig/sphincs/CMakeFiles/sphincs_shake_256s_simple_clean.dir/pqclean_sphincs-shake-256s-simple_clean/utilsx1.c.o
[ 69%] Building C object src/sig/mayo/CMakeFiles/mayo_1_opt.dir/pqmayo_mayo-1_opt/arithmetic.c.o
[ 69%] Building C object src/sig/sphincs/CMakeFiles/sphincs_shake_256s_simple_clean.dir/pqclean_sphincs-shake-256s-simple_clean/wots.c.o
[ 69%] Building C object src/sig/mayo/CMakeFiles/mayo_1_opt.dir/pqmayo_mayo-1_opt/mayo.c.o
[ 69%] Building C object src/sig/sphincs/CMakeFiles/sphincs_shake_256s_simple_clean.dir/pqclean_sphincs-shake-256s-simple_clean/wotsx1.c.o
[ 69%] Building C object src/sig/mayo/CMakeFiles/mayo_1_avx2.dir/pqmayo_mayo-1_avx2/params.c.o
[ 69%] Built target sphincs_shake_256s_simple_clean
[ 69%] Building C object src/sig/sphincs/CMakeFiles/sphincs_shake_256s_simple_avx2.dir/pqclean_sphincs-shake-256s-simple_avx2/thash_shake_simple.c.o
[ 69%] Building C object src/sig/sphincs/CMakeFiles/sphincs_sha2_256f_simple_avx2.dir/pqclean_sphincs-sha2-256f-simple_avx2/utilsx8.c.o
[ 69%] Building C object src/sig/mayo/CMakeFiles/mayo_1_opt.dir/pqmayo_mayo-1_opt/params.c.o
[ 69%] Building C object src/sig/sphincs/CMakeFiles/sphincs_shake_256f_simple_avx2.dir/pqclean_sphincs-shake-256f-simple_avx2/utilsx4.c.o
[ 69%] Building C object src/sig/sphincs/CMakeFiles/sphincs_shake_256s_simple_avx2.dir/pqclean_sphincs-shake-256s-simple_avx2/thash_shake_simplex4.c.o
[ 69%] Building C object src/sig/sphincs/CMakeFiles/sphincs_shake_256f_simple_avx2.dir/pqclean_sphincs-shake-256f-simple_avx2/wots.c.o
[ 69%] Building C object src/sig/mayo/CMakeFiles/mayo_2_opt.dir/sig_mayo_2.c.o
[ 70%] Building C object src/sig/mayo/CMakeFiles/mayo_2_opt.dir/pqmayo_mayo-2_opt/api.c.o
[ 70%] Building C object src/sig/sphincs/CMakeFiles/sphincs_sha2_256f_simple_avx2.dir/pqclean_sphincs-sha2-256f-simple_avx2/wots.c.o
[ 70%] Built target sphincs_shake_256f_simple_avx2
[ 70%] Building C object src/sig/mayo/CMakeFiles/mayo_2_opt.dir/pqmayo_mayo-2_opt/arithmetic.c.o
[ 70%] Building C object src/sig/sphincs/CMakeFiles/sphincs_shake_256s_simple_avx2.dir/pqclean_sphincs-shake-256s-simple_avx2/utils.c.o
[ 70%] Building C object src/sig/sphincs/CMakeFiles/sphincs_shake_256s_simple_avx2.dir/pqclean_sphincs-shake-256s-simple_avx2/utilsx4.c.o
[ 70%] Built target sphincs_sha2_192s_simple_avx2
[ 70%] Building C object src/sig/mayo/CMakeFiles/mayo_2_opt.dir/pqmayo_mayo-2_opt/mayo.c.o
[ 70%] Building C object src/sig/mayo/CMakeFiles/mayo_2_avx2.dir/pqmayo_mayo-2_avx2/api.c.o
[ 70%] Building C object src/sig/sphincs/CMakeFiles/sphincs_shake_256s_simple_avx2.dir/pqclean_sphincs-shake-256s-simple_avx2/wots.c.o
[ 70%] Building C object src/sig/mayo/CMakeFiles/mayo_2_avx2.dir/pqmayo_mayo-2_avx2/arithmetic.c.o
[ 70%] Building C object src/sig/mayo/CMakeFiles/mayo_2_opt.dir/pqmayo_mayo-2_opt/params.c.o
[ 70%] Building C object src/sig/mayo/CMakeFiles/mayo_3_opt.dir/sig_mayo_3.c.o
[ 70%] Building C object src/sig/mayo/CMakeFiles/mayo_3_avx2.dir/pqmayo_mayo-3_avx2/api.c.o
[ 70%] Building C object src/sig/mayo/CMakeFiles/mayo_3_opt.dir/pqmayo_mayo-3_opt/api.c.o
[ 70%] Built target sphincs_shake_256s_simple_avx2
[ 70%] Building C object src/sig/mayo/CMakeFiles/mayo_3_avx2.dir/pqmayo_mayo-3_avx2/arithmetic.c.o
[ 70%] Building C object src/sig/mayo/CMakeFiles/mayo_2_avx2.dir/pqmayo_mayo-2_avx2/mayo.c.o
[ 70%] Building C object src/sig/mayo/CMakeFiles/mayo_3_avx2.dir/pqmayo_mayo-3_avx2/mayo.c.o
[ 70%] Building C object src/sig/mayo/CMakeFiles/mayo_3_opt.dir/pqmayo_mayo-3_opt/arithmetic.c.o
[ 70%] Building C object src/sig/mayo/CMakeFiles/mayo_3_avx2.dir/pqmayo_mayo-3_avx2/params.c.o
[ 70%] Building C object src/sig/mayo/CMakeFiles/mayo_5_opt.dir/sig_mayo_5.c.o
[ 70%] Built target sphincs_sha2_256f_simple_avx2
[ 70%] Building C object src/sig/mayo/CMakeFiles/mayo_2_avx2.dir/pqmayo_mayo-2_avx2/params.c.o
[ 70%] Building C object src/sig/mayo/CMakeFiles/mayo_5_opt.dir/pqmayo_mayo-5_opt/api.c.o
[ 70%] Building C object src/sig/mayo/CMakeFiles/mayo_3_opt.dir/pqmayo_mayo-3_opt/mayo.c.o
[ 70%] Building C object src/sig/mayo/CMakeFiles/mayo_5_opt.dir/pqmayo_mayo-5_opt/arithmetic.c.o
[ 70%] Built target mayo_1_opt
[ 70%] Building C object src/sig/mayo/CMakeFiles/mayo_5_avx2.dir/pqmayo_mayo-5_avx2/api.c.o
[ 70%] Building C object src/sig/mayo/CMakeFiles/mayo_3_opt.dir/pqmayo_mayo-3_opt/params.c.o
[ 70%] Building C object src/sig/mayo/CMakeFiles/mayo_5_avx2.dir/pqmayo_mayo-5_avx2/arithmetic.c.o
[ 70%] Building C object src/sig/cross/CMakeFiles/cross_rsdp_128_balanced_clean.dir/sig_cross_rsdp_128_balanced.c.o
[ 70%] Building C object src/sig/cross/CMakeFiles/cross_rsdp_128_balanced_clean.dir/upcross_cross-rsdp-128-balanced_clean/CROSS.c.o
[ 70%] Building C object src/sig/cross/CMakeFiles/cross_rsdp_128_balanced_avx2.dir/upcross_cross-rsdp-128-balanced_avx2/CROSS.c.o
[ 70%] Building C object src/sig/mayo/CMakeFiles/mayo_5_opt.dir/pqmayo_mayo-5_opt/mayo.c.o
[ 70%] Built target mayo_2_opt
[ 70%] Building C object src/sig/mayo/CMakeFiles/mayo_5_avx2.dir/pqmayo_mayo-5_avx2/mayo.c.o
[ 70%] Building C object src/sig/cross/CMakeFiles/cross_rsdp_128_balanced_clean.dir/upcross_cross-rsdp-128-balanced_clean/csprng_hash.c.o
[ 70%] Building C object src/sig/mayo/CMakeFiles/mayo_5_opt.dir/pqmayo_mayo-5_opt/params.c.o
[ 70%] Building C object src/sig/cross/CMakeFiles/cross_rsdp_128_fast_clean.dir/sig_cross_rsdp_128_fast.c.o
[ 70%] Built target mayo_1_avx2
[ 70%] Building C object src/sig/cross/CMakeFiles/cross_rsdp_128_fast_clean.dir/upcross_cross-rsdp-128-fast_clean/CROSS.c.o
[ 70%] Building C object src/sig/cross/CMakeFiles/cross_rsdp_128_balanced_avx2.dir/upcross_cross-rsdp-128-balanced_avx2/csprng_hash.c.o
[ 70%] Building C object src/sig/cross/CMakeFiles/cross_rsdp_128_balanced_clean.dir/upcross_cross-rsdp-128-balanced_clean/merkle.c.o
[ 70%] Built target mayo_3_opt
[ 70%] Building C object src/sig/cross/CMakeFiles/cross_rsdp_128_balanced_avx2.dir/upcross_cross-rsdp-128-balanced_avx2/merkle.c.o
[ 70%] Building C object src/sig/mayo/CMakeFiles/mayo_5_avx2.dir/pqmayo_mayo-5_avx2/params.c.o
[ 70%] Building C object src/sig/cross/CMakeFiles/cross_rsdp_128_fast_avx2.dir/upcross_cross-rsdp-128-fast_avx2/CROSS.c.o
[ 70%] Building C object src/sig/cross/CMakeFiles/cross_rsdp_128_balanced_clean.dir/upcross_cross-rsdp-128-balanced_clean/pack_unpack.c.o
[ 70%] Built target mayo_2_avx2
[ 70%] Building C object src/sig/cross/CMakeFiles/cross_rsdp_128_fast_clean.dir/upcross_cross-rsdp-128-fast_clean/csprng_hash.c.o
[ 70%] Building C object src/sig/cross/CMakeFiles/cross_rsdp_128_balanced_clean.dir/upcross_cross-rsdp-128-balanced_clean/seedtree.c.o
[ 70%] Building C object src/sig/cross/CMakeFiles/cross_rsdp_128_fast_clean.dir/upcross_cross-rsdp-128-fast_clean/merkle.c.o
[ 70%] Building C object src/sig/cross/CMakeFiles/cross_rsdp_128_fast_clean.dir/upcross_cross-rsdp-128-fast_clean/pack_unpack.c.o
[ 70%] Building C object src/sig/cross/CMakeFiles/cross_rsdp_128_fast_avx2.dir/upcross_cross-rsdp-128-fast_avx2/csprng_hash.c.o
[ 70%] Building C object src/sig/cross/CMakeFiles/cross_rsdp_128_small_clean.dir/sig_cross_rsdp_128_small.c.o
[ 70%] Building C object src/sig/cross/CMakeFiles/cross_rsdp_128_balanced_clean.dir/upcross_cross-rsdp-128-balanced_clean/sign.c.o
[ 70%] Building C object src/sig/cross/CMakeFiles/cross_rsdp_128_small_avx2.dir/upcross_cross-rsdp-128-small_avx2/CROSS.c.o
[ 70%] Building C object src/sig/cross/CMakeFiles/cross_rsdp_128_small_clean.dir/upcross_cross-rsdp-128-small_clean/CROSS.c.o
[ 70%] Built target cross_rsdp_128_balanced_clean
[ 70%] Building C object src/sig/cross/CMakeFiles/cross_rsdp_128_small_avx2.dir/upcross_cross-rsdp-128-small_avx2/csprng_hash.c.o
[ 70%] Building C object src/sig/cross/CMakeFiles/cross_rsdp_128_fast_clean.dir/upcross_cross-rsdp-128-fast_clean/seedtree.c.o
[ 70%] Built target mayo_5_opt
[ 70%] Building C object src/sig/cross/CMakeFiles/cross_rsdp_128_fast_clean.dir/upcross_cross-rsdp-128-fast_clean/sign.c.o
[ 70%] Building C object src/sig/cross/CMakeFiles/cross_rsdp_128_small_avx2.dir/upcross_cross-rsdp-128-small_avx2/merkle.c.o
[ 70%] Building C object src/sig/cross/CMakeFiles/cross_rsdp_128_balanced_avx2.dir/upcross_cross-rsdp-128-balanced_avx2/pack_unpack.c.o
[ 70%] Built target cross_rsdp_128_fast_clean
[ 70%] Building C object src/sig/cross/CMakeFiles/cross_rsdp_128_small_avx2.dir/upcross_cross-rsdp-128-small_avx2/pack_unpack.c.o
[ 70%] Built target mayo_3_avx2
[ 70%] Building C object src/sig/cross/CMakeFiles/cross_rsdp_192_balanced_clean.dir/sig_cross_rsdp_192_balanced.c.o
[ 70%] Building C object src/sig/cross/CMakeFiles/cross_rsdp_192_balanced_clean.dir/upcross_cross-rsdp-192-balanced_clean/CROSS.c.o
[ 70%] Building C object src/sig/cross/CMakeFiles/cross_rsdp_128_balanced_avx2.dir/upcross_cross-rsdp-128-balanced_avx2/seedtree.c.o
[ 71%] Building C object src/sig/cross/CMakeFiles/cross_rsdp_128_fast_avx2.dir/upcross_cross-rsdp-128-fast_avx2/merkle.c.o
[ 71%] Building C object src/sig/cross/CMakeFiles/cross_rsdp_128_small_clean.dir/upcross_cross-rsdp-128-small_clean/csprng_hash.c.o
[ 71%] Building C object src/sig/cross/CMakeFiles/cross_rsdp_192_balanced_avx2.dir/upcross_cross-rsdp-192-balanced_avx2/CROSS.c.o
[ 71%] Building C object src/sig/cross/CMakeFiles/cross_rsdp_192_fast_clean.dir/sig_cross_rsdp_192_fast.c.o
[ 71%] Building C object src/sig/cross/CMakeFiles/cross_rsdp_192_fast_clean.dir/upcross_cross-rsdp-192-fast_clean/CROSS.c.o
[ 71%] Building C object src/sig/cross/CMakeFiles/cross_rsdp_128_small_clean.dir/upcross_cross-rsdp-128-small_clean/merkle.c.o
[ 71%] Building C object src/sig/cross/CMakeFiles/cross_rsdp_192_balanced_clean.dir/upcross_cross-rsdp-192-balanced_clean/csprng_hash.c.o
[ 71%] Building C object src/sig/cross/CMakeFiles/cross_rsdp_128_small_clean.dir/upcross_cross-rsdp-128-small_clean/pack_unpack.c.o
[ 71%] Building C object src/sig/cross/CMakeFiles/cross_rsdp_128_fast_avx2.dir/upcross_cross-rsdp-128-fast_avx2/pack_unpack.c.o
[ 71%] Building C object src/sig/cross/CMakeFiles/cross_rsdp_192_balanced_clean.dir/upcross_cross-rsdp-192-balanced_clean/merkle.c.o
[ 72%] Building C object src/sig/cross/CMakeFiles/cross_rsdp_192_balanced_avx2.dir/upcross_cross-rsdp-192-balanced_avx2/csprng_hash.c.o
[ 72%] Building C object src/sig/cross/CMakeFiles/cross_rsdp_128_balanced_avx2.dir/upcross_cross-rsdp-128-balanced_avx2/sign.c.o
[ 72%] Building C object src/sig/cross/CMakeFiles/cross_rsdp_128_small_clean.dir/upcross_cross-rsdp-128-small_clean/seedtree.c.o
[ 72%] Built target cross_rsdp_128_balanced_avx2
[ 72%] Building C object src/sig/cross/CMakeFiles/cross_rsdp_128_fast_avx2.dir/upcross_cross-rsdp-128-fast_avx2/seedtree.c.o
[ 72%] Building C object src/sig/cross/CMakeFiles/cross_rsdp_192_balanced_avx2.dir/upcross_cross-rsdp-192-balanced_avx2/merkle.c.o
[ 72%] Building C object src/sig/cross/CMakeFiles/cross_rsdp_192_fast_clean.dir/upcross_cross-rsdp-192-fast_clean/csprng_hash.c.o
[ 72%] Building C object src/sig/cross/CMakeFiles/cross_rsdp_192_balanced_clean.dir/upcross_cross-rsdp-192-balanced_clean/pack_unpack.c.o
[ 72%] Building C object src/sig/cross/CMakeFiles/cross_rsdp_128_small_avx2.dir/upcross_cross-rsdp-128-small_avx2/seedtree.c.o
[ 72%] Built target mayo_5_avx2
[ 72%] Building C object src/sig/cross/CMakeFiles/cross_rsdp_192_balanced_avx2.dir/upcross_cross-rsdp-192-balanced_avx2/pack_unpack.c.o
[ 72%] Building C object src/sig/cross/CMakeFiles/cross_rsdp_128_small_clean.dir/upcross_cross-rsdp-128-small_clean/sign.c.o
[ 72%] Building C object src/sig/cross/CMakeFiles/cross_rsdp_192_balanced_avx2.dir/upcross_cross-rsdp-192-balanced_avx2/seedtree.c.o
[ 72%] Built target cross_rsdp_128_small_clean
[ 72%] Building C object src/sig/cross/CMakeFiles/cross_rsdp_192_balanced_clean.dir/upcross_cross-rsdp-192-balanced_clean/seedtree.c.o
[ 72%] Building C object src/sig/cross/CMakeFiles/cross_rsdp_128_fast_avx2.dir/upcross_cross-rsdp-128-fast_avx2/sign.c.o
[ 72%] Building C object src/sig/cross/CMakeFiles/cross_rsdp_192_fast_avx2.dir/upcross_cross-rsdp-192-fast_avx2/CROSS.c.o
[ 72%] Building C object src/sig/cross/CMakeFiles/cross_rsdp_192_balanced_clean.dir/upcross_cross-rsdp-192-balanced_clean/sign.c.o
[ 72%] Building C object src/sig/cross/CMakeFiles/cross_rsdp_128_small_avx2.dir/upcross_cross-rsdp-128-small_avx2/sign.c.o
[ 72%] Built target cross_rsdp_192_balanced_clean
[ 72%] Building C object src/sig/cross/CMakeFiles/cross_rsdp_192_small_clean.dir/sig_cross_rsdp_192_small.c.o
[ 72%] Building C object src/sig/cross/CMakeFiles/cross_rsdp_192_fast_avx2.dir/upcross_cross-rsdp-192-fast_avx2/csprng_hash.c.o
[ 72%] Building C object src/sig/cross/CMakeFiles/cross_rsdp_192_fast_clean.dir/upcross_cross-rsdp-192-fast_clean/merkle.c.o
[ 72%] Built target cross_rsdp_128_fast_avx2
[ 72%] Building C object src/sig/cross/CMakeFiles/cross_rsdp_192_fast_avx2.dir/upcross_cross-rsdp-192-fast_avx2/merkle.c.o
[ 72%] Building C object src/sig/cross/CMakeFiles/cross_rsdp_192_small_clean.dir/upcross_cross-rsdp-192-small_clean/CROSS.c.o
[ 72%] Building C object src/sig/cross/CMakeFiles/cross_rsdp_192_balanced_avx2.dir/upcross_cross-rsdp-192-balanced_avx2/sign.c.o
[ 72%] Building C object src/sig/cross/CMakeFiles/cross_rsdp_192_fast_clean.dir/upcross_cross-rsdp-192-fast_clean/pack_unpack.c.o
[ 72%] Building C object src/sig/cross/CMakeFiles/cross_rsdp_192_fast_avx2.dir/upcross_cross-rsdp-192-fast_avx2/pack_unpack.c.o
[ 72%] Building C object src/sig/cross/CMakeFiles/cross_rsdp_192_small_avx2.dir/upcross_cross-rsdp-192-small_avx2/CROSS.c.o
[ 72%] Built target cross_rsdp_128_small_avx2
[ 72%] Building C object src/sig/cross/CMakeFiles/cross_rsdp_192_small_clean.dir/upcross_cross-rsdp-192-small_clean/csprng_hash.c.o
[ 72%] Building C object src/sig/cross/CMakeFiles/cross_rsdp_192_fast_clean.dir/upcross_cross-rsdp-192-fast_clean/seedtree.c.o
[ 72%] Building C object src/sig/cross/CMakeFiles/cross_rsdp_192_small_clean.dir/upcross_cross-rsdp-192-small_clean/merkle.c.o
[ 72%] Building C object src/sig/cross/CMakeFiles/cross_rsdp_192_fast_avx2.dir/upcross_cross-rsdp-192-fast_avx2/seedtree.c.o
[ 73%] Building C object src/sig/cross/CMakeFiles/cross_rsdp_192_fast_clean.dir/upcross_cross-rsdp-192-fast_clean/sign.c.o
[ 73%] Building C object src/sig/cross/CMakeFiles/cross_rsdp_192_fast_avx2.dir/upcross_cross-rsdp-192-fast_avx2/sign.c.o
[ 73%] Built target cross_rsdp_192_balanced_avx2
[ 73%] Building C object src/sig/cross/CMakeFiles/cross_rsdp_192_small_clean.dir/upcross_cross-rsdp-192-small_clean/pack_unpack.c.o
[ 73%] Built target cross_rsdp_192_fast_clean
[ 73%] Building C object src/sig/cross/CMakeFiles/cross_rsdp_192_small_avx2.dir/upcross_cross-rsdp-192-small_avx2/csprng_hash.c.o
[ 73%] Building C object src/sig/cross/CMakeFiles/cross_rsdp_256_balanced_clean.dir/sig_cross_rsdp_256_balanced.c.o
[ 73%] Building C object src/sig/cross/CMakeFiles/cross_rsdp_256_balanced_avx2.dir/upcross_cross-rsdp-256-balanced_avx2/CROSS.c.o
[ 73%] Building C object src/sig/cross/CMakeFiles/cross_rsdp_256_balanced_clean.dir/upcross_cross-rsdp-256-balanced_clean/CROSS.c.o
[ 73%] Building C object src/sig/cross/CMakeFiles/cross_rsdp_192_small_clean.dir/upcross_cross-rsdp-192-small_clean/seedtree.c.o
[ 73%] Building C object src/sig/cross/CMakeFiles/cross_rsdp_192_small_avx2.dir/upcross_cross-rsdp-192-small_avx2/merkle.c.o
[ 73%] Building C object src/sig/cross/CMakeFiles/cross_rsdp_256_fast_clean.dir/sig_cross_rsdp_256_fast.c.o
[ 73%] Building C object src/sig/cross/CMakeFiles/cross_rsdp_256_balanced_avx2.dir/upcross_cross-rsdp-256-balanced_avx2/csprng_hash.c.o
[ 73%] Building C object src/sig/cross/CMakeFiles/cross_rsdp_256_fast_clean.dir/upcross_cross-rsdp-256-fast_clean/CROSS.c.o
[ 73%] Building C object src/sig/cross/CMakeFiles/cross_rsdp_192_small_avx2.dir/upcross_cross-rsdp-192-small_avx2/pack_unpack.c.o
[ 73%] Building C object src/sig/cross/CMakeFiles/cross_rsdp_192_small_clean.dir/upcross_cross-rsdp-192-small_clean/sign.c.o
[ 73%] Building C object src/sig/cross/CMakeFiles/cross_rsdp_256_balanced_clean.dir/upcross_cross-rsdp-256-balanced_clean/csprng_hash.c.o
[ 73%] Built target cross_rsdp_192_small_clean
[ 73%] Building C object src/sig/cross/CMakeFiles/cross_rsdp_256_balanced_avx2.dir/upcross_cross-rsdp-256-balanced_avx2/merkle.c.o
[ 73%] Building C object src/sig/cross/CMakeFiles/cross_rsdp_256_fast_clean.dir/upcross_cross-rsdp-256-fast_clean/csprng_hash.c.o
[ 73%] Building C object src/sig/cross/CMakeFiles/cross_rsdp_256_fast_avx2.dir/upcross_cross-rsdp-256-fast_avx2/CROSS.c.o
[ 73%] Building C object src/sig/cross/CMakeFiles/cross_rsdp_256_fast_clean.dir/upcross_cross-rsdp-256-fast_clean/merkle.c.o
[ 73%] Building C object src/sig/cross/CMakeFiles/cross_rsdp_256_fast_clean.dir/upcross_cross-rsdp-256-fast_clean/pack_unpack.c.o
[ 73%] Building C object src/sig/cross/CMakeFiles/cross_rsdp_256_balanced_clean.dir/upcross_cross-rsdp-256-balanced_clean/merkle.c.o
[ 73%] Building C object src/sig/cross/CMakeFiles/cross_rsdp_256_fast_clean.dir/upcross_cross-rsdp-256-fast_clean/seedtree.c.o
[ 73%] Building C object src/sig/cross/CMakeFiles/cross_rsdp_256_fast_avx2.dir/upcross_cross-rsdp-256-fast_avx2/csprng_hash.c.o
[ 73%] Building C object src/sig/cross/CMakeFiles/cross_rsdp_192_small_avx2.dir/upcross_cross-rsdp-192-small_avx2/seedtree.c.o
[ 74%] Building C object src/sig/cross/CMakeFiles/cross_rsdp_256_balanced_clean.dir/upcross_cross-rsdp-256-balanced_clean/pack_unpack.c.o
[ 74%] Building C object src/sig/cross/CMakeFiles/cross_rsdp_256_small_clean.dir/sig_cross_rsdp_256_small.c.o
[ 74%] Built target cross_rsdp_192_fast_avx2
[ 74%] Building C object src/sig/cross/CMakeFiles/cross_rsdp_256_small_clean.dir/upcross_cross-rsdp-256-small_clean/CROSS.c.o
[ 74%] Building C object src/sig/cross/CMakeFiles/cross_rsdp_256_balanced_avx2.dir/upcross_cross-rsdp-256-balanced_avx2/pack_unpack.c.o
[ 74%] Building C object src/sig/cross/CMakeFiles/cross_rsdp_256_balanced_avx2.dir/upcross_cross-rsdp-256-balanced_avx2/seedtree.c.o
[ 74%] Building C object src/sig/cross/CMakeFiles/cross_rsdp_256_balanced_clean.dir/upcross_cross-rsdp-256-balanced_clean/seedtree.c.o
[ 74%] Building C object src/sig/cross/CMakeFiles/cross_rsdp_256_fast_clean.dir/upcross_cross-rsdp-256-fast_clean/sign.c.o
[ 74%] Building C object src/sig/cross/CMakeFiles/cross_rsdp_256_fast_avx2.dir/upcross_cross-rsdp-256-fast_avx2/merkle.c.o
[ 74%] Built target cross_rsdp_256_fast_clean
[ 74%] Building C object src/sig/cross/CMakeFiles/cross_rsdp_256_small_avx2.dir/upcross_cross-rsdp-256-small_avx2/CROSS.c.o
[ 74%] Building C object src/sig/cross/CMakeFiles/cross_rsdp_256_balanced_clean.dir/upcross_cross-rsdp-256-balanced_clean/sign.c.o
[ 74%] Building C object src/sig/cross/CMakeFiles/cross_rsdp_256_small_avx2.dir/upcross_cross-rsdp-256-small_avx2/csprng_hash.c.o
[ 74%] Built target cross_rsdp_256_balanced_clean
[ 75%] Building C object src/sig/cross/CMakeFiles/cross_rsdp_256_small_clean.dir/upcross_cross-rsdp-256-small_clean/csprng_hash.c.o
[ 75%] Building C object src/sig/cross/CMakeFiles/cross_rsdp_192_small_avx2.dir/upcross_cross-rsdp-192-small_avx2/sign.c.o
[ 75%] Building C object src/sig/cross/CMakeFiles/cross_rsdp_256_small_avx2.dir/upcross_cross-rsdp-256-small_avx2/merkle.c.o
[ 75%] Building C object src/sig/cross/CMakeFiles/cross_rsdpg_128_balanced_clean.dir/sig_cross_rsdpg_128_balanced.c.o
[ 75%] Building C object src/sig/cross/CMakeFiles/cross_rsdpg_128_balanced_avx2.dir/upcross_cross-rsdpg-128-balanced_avx2/CROSS.c.o
[ 75%] Built target cross_rsdp_192_small_avx2
[ 75%] Building C object src/sig/cross/CMakeFiles/cross_rsdpg_128_balanced_clean.dir/upcross_cross-rsdpg-128-balanced_clean/CROSS.c.o
[ 75%] Building C object src/sig/cross/CMakeFiles/cross_rsdpg_128_balanced_avx2.dir/upcross_cross-rsdpg-128-balanced_avx2/csprng_hash.c.o
[ 75%] Building C object src/sig/cross/CMakeFiles/cross_rsdp_256_balanced_avx2.dir/upcross_cross-rsdp-256-balanced_avx2/sign.c.o
[ 75%] Building C object src/sig/cross/CMakeFiles/cross_rsdpg_128_balanced_clean.dir/upcross_cross-rsdpg-128-balanced_clean/csprng_hash.c.o
[ 75%] Built target cross_rsdp_256_balanced_avx2
[ 75%] Building C object src/sig/cross/CMakeFiles/cross_rsdp_256_small_avx2.dir/upcross_cross-rsdp-256-small_avx2/pack_unpack.c.o
[ 75%] Building C object src/sig/cross/CMakeFiles/cross_rsdp_256_small_clean.dir/upcross_cross-rsdp-256-small_clean/merkle.c.o
[ 75%] Building C object src/sig/cross/CMakeFiles/cross_rsdp_256_small_clean.dir/upcross_cross-rsdp-256-small_clean/pack_unpack.c.o
[ 75%] Building C object src/sig/cross/CMakeFiles/cross_rsdp_256_small_clean.dir/upcross_cross-rsdp-256-small_clean/seedtree.c.o
[ 75%] Building C object src/sig/cross/CMakeFiles/cross_rsdp_256_fast_avx2.dir/upcross_cross-rsdp-256-fast_avx2/pack_unpack.c.o
[ 75%] Building C object src/sig/cross/CMakeFiles/cross_rsdp_256_fast_avx2.dir/upcross_cross-rsdp-256-fast_avx2/seedtree.c.o
[ 75%] Building C object src/sig/cross/CMakeFiles/cross_rsdp_256_small_clean.dir/upcross_cross-rsdp-256-small_clean/sign.c.o
[ 75%] Building C object src/sig/cross/CMakeFiles/cross_rsdp_256_fast_avx2.dir/upcross_cross-rsdp-256-fast_avx2/sign.c.o
[ 75%] Built target cross_rsdp_256_small_clean
[ 75%] Building C object src/sig/cross/CMakeFiles/cross_rsdp_256_small_avx2.dir/upcross_cross-rsdp-256-small_avx2/seedtree.c.o
[ 75%] Building C object src/sig/cross/CMakeFiles/cross_rsdpg_128_balanced_avx2.dir/upcross_cross-rsdpg-128-balanced_avx2/merkle.c.o
[ 75%] Building C object src/sig/cross/CMakeFiles/cross_rsdpg_128_balanced_clean.dir/upcross_cross-rsdpg-128-balanced_clean/merkle.c.o
[ 75%] Building C object src/sig/cross/CMakeFiles/cross_rsdpg_128_balanced_avx2.dir/upcross_cross-rsdpg-128-balanced_avx2/pack_unpack.c.o
[ 76%] Building C object src/sig/cross/CMakeFiles/cross_rsdpg_128_fast_clean.dir/sig_cross_rsdpg_128_fast.c.o
[ 76%] Building C object src/sig/cross/CMakeFiles/cross_rsdpg_128_fast_clean.dir/upcross_cross-rsdpg-128-fast_clean/CROSS.c.o
[ 76%] Building C object src/sig/cross/CMakeFiles/cross_rsdpg_128_fast_avx2.dir/upcross_cross-rsdpg-128-fast_avx2/CROSS.c.o
[ 76%] Building C object src/sig/cross/CMakeFiles/cross_rsdpg_128_small_clean.dir/sig_cross_rsdpg_128_small.c.o
[ 76%] Building C object src/sig/cross/CMakeFiles/cross_rsdpg_128_small_clean.dir/upcross_cross-rsdpg-128-small_clean/CROSS.c.o
[ 76%] Building C object src/sig/cross/CMakeFiles/cross_rsdpg_128_fast_avx2.dir/upcross_cross-rsdpg-128-fast_avx2/csprng_hash.c.o
[ 76%] Built target cross_rsdp_256_fast_avx2
[ 76%] Building C object src/sig/cross/CMakeFiles/cross_rsdpg_128_fast_clean.dir/upcross_cross-rsdpg-128-fast_clean/csprng_hash.c.o
[ 76%] Building C object src/sig/cross/CMakeFiles/cross_rsdpg_128_balanced_clean.dir/upcross_cross-rsdpg-128-balanced_clean/pack_unpack.c.o
[ 76%] Building C object src/sig/cross/CMakeFiles/cross_rsdpg_128_small_clean.dir/upcross_cross-rsdpg-128-small_clean/csprng_hash.c.o
[ 76%] Building C object src/sig/cross/CMakeFiles/cross_rsdpg_128_fast_avx2.dir/upcross_cross-rsdpg-128-fast_avx2/merkle.c.o
[ 76%] Building C object src/sig/cross/CMakeFiles/cross_rsdp_256_small_avx2.dir/upcross_cross-rsdp-256-small_avx2/sign.c.o
[ 76%] Building C object src/sig/cross/CMakeFiles/cross_rsdpg_128_small_avx2.dir/upcross_cross-rsdpg-128-small_avx2/CROSS.c.o
[ 76%] Built target cross_rsdp_256_small_avx2
[ 76%] Building C object src/sig/cross/CMakeFiles/cross_rsdpg_128_balanced_clean.dir/upcross_cross-rsdpg-128-balanced_clean/seedtree.c.o
[ 76%] Building C object src/sig/cross/CMakeFiles/cross_rsdpg_128_balanced_avx2.dir/upcross_cross-rsdpg-128-balanced_avx2/seedtree.c.o
[ 76%] Building C object src/sig/cross/CMakeFiles/cross_rsdpg_128_fast_clean.dir/upcross_cross-rsdpg-128-fast_clean/merkle.c.o
[ 76%] Building C object src/sig/cross/CMakeFiles/cross_rsdpg_192_balanced_clean.dir/sig_cross_rsdpg_192_balanced.c.o
[ 76%] Building C object src/sig/cross/CMakeFiles/cross_rsdpg_128_small_clean.dir/upcross_cross-rsdpg-128-small_clean/merkle.c.o
[ 76%] Building C object src/sig/cross/CMakeFiles/cross_rsdpg_192_balanced_clean.dir/upcross_cross-rsdpg-192-balanced_clean/CROSS.c.o
[ 76%] Building C object src/sig/cross/CMakeFiles/cross_rsdpg_128_fast_avx2.dir/upcross_cross-rsdpg-128-fast_avx2/pack_unpack.c.o
[ 76%] Building C object src/sig/cross/CMakeFiles/cross_rsdpg_192_balanced_avx2.dir/upcross_cross-rsdpg-192-balanced_avx2/CROSS.c.o
[ 76%] Building C object src/sig/cross/CMakeFiles/cross_rsdpg_192_fast_clean.dir/sig_cross_rsdpg_192_fast.c.o
[ 76%] Building C object src/sig/cross/CMakeFiles/cross_rsdpg_128_balanced_clean.dir/upcross_cross-rsdpg-128-balanced_clean/sign.c.o
[ 76%] Built target cross_rsdpg_128_balanced_clean
[ 76%] Building C object src/sig/cross/CMakeFiles/cross_rsdpg_128_fast_avx2.dir/upcross_cross-rsdpg-128-fast_avx2/seedtree.c.o
[ 76%] Building C object src/sig/cross/CMakeFiles/cross_rsdpg_192_fast_clean.dir/upcross_cross-rsdpg-192-fast_clean/CROSS.c.o
[ 76%] Building C object src/sig/cross/CMakeFiles/cross_rsdpg_128_balanced_avx2.dir/upcross_cross-rsdpg-128-balanced_avx2/sign.c.o
[ 76%] Building C object src/sig/cross/CMakeFiles/cross_rsdpg_128_small_avx2.dir/upcross_cross-rsdpg-128-small_avx2/csprng_hash.c.o
[ 76%] Built target cross_rsdpg_128_balanced_avx2
[ 76%] Building C object src/sig/cross/CMakeFiles/cross_rsdpg_128_fast_clean.dir/upcross_cross-rsdpg-128-fast_clean/pack_unpack.c.o
[ 76%] Building C object src/sig/cross/CMakeFiles/cross_rsdpg_128_small_clean.dir/upcross_cross-rsdpg-128-small_clean/pack_unpack.c.o
[ 76%] Building C object src/sig/cross/CMakeFiles/cross_rsdpg_192_balanced_clean.dir/upcross_cross-rsdpg-192-balanced_clean/csprng_hash.c.o
[ 76%] Building C object src/sig/cross/CMakeFiles/cross_rsdpg_128_small_clean.dir/upcross_cross-rsdpg-128-small_clean/seedtree.c.o
[ 76%] Building C object src/sig/cross/CMakeFiles/cross_rsdpg_128_fast_clean.dir/upcross_cross-rsdpg-128-fast_clean/seedtree.c.o
[ 76%] Building C object src/sig/cross/CMakeFiles/cross_rsdpg_128_fast_clean.dir/upcross_cross-rsdpg-128-fast_clean/sign.c.o
[ 76%] Building C object src/sig/cross/CMakeFiles/cross_rsdpg_192_balanced_avx2.dir/upcross_cross-rsdpg-192-balanced_avx2/csprng_hash.c.o
[ 76%] Building C object src/sig/cross/CMakeFiles/cross_rsdpg_192_fast_clean.dir/upcross_cross-rsdpg-192-fast_clean/csprng_hash.c.o
[ 76%] Built target cross_rsdpg_128_fast_clean
[ 76%] Building C object src/sig/cross/CMakeFiles/cross_rsdpg_128_small_avx2.dir/upcross_cross-rsdpg-128-small_avx2/merkle.c.o
[ 76%] Building C object src/sig/cross/CMakeFiles/cross_rsdpg_128_fast_avx2.dir/upcross_cross-rsdpg-128-fast_avx2/sign.c.o
[ 76%] Building C object src/sig/cross/CMakeFiles/cross_rsdpg_128_small_clean.dir/upcross_cross-rsdpg-128-small_clean/sign.c.o
[ 76%] Building C object src/sig/cross/CMakeFiles/cross_rsdpg_192_fast_avx2.dir/upcross_cross-rsdpg-192-fast_avx2/CROSS.c.o
[ 76%] Building C object src/sig/cross/CMakeFiles/cross_rsdpg_192_small_clean.dir/sig_cross_rsdpg_192_small.c.o
[ 76%] Built target cross_rsdpg_128_fast_avx2
[ 76%] Building C object src/sig/cross/CMakeFiles/cross_rsdpg_192_fast_avx2.dir/upcross_cross-rsdpg-192-fast_avx2/csprng_hash.c.o
[ 76%] Built target cross_rsdpg_128_small_clean
[ 76%] Building C object src/sig/cross/CMakeFiles/cross_rsdpg_192_balanced_avx2.dir/upcross_cross-rsdpg-192-balanced_avx2/merkle.c.o
[ 76%] Building C object src/sig/cross/CMakeFiles/cross_rsdpg_192_small_clean.dir/upcross_cross-rsdpg-192-small_clean/CROSS.c.o
[ 76%] Building C object src/sig/cross/CMakeFiles/cross_rsdpg_192_fast_clean.dir/upcross_cross-rsdpg-192-fast_clean/merkle.c.o
[ 76%] Building C object src/sig/cross/CMakeFiles/cross_rsdpg_128_small_avx2.dir/upcross_cross-rsdpg-128-small_avx2/pack_unpack.c.o
[ 76%] Building C object src/sig/cross/CMakeFiles/cross_rsdpg_192_balanced_clean.dir/upcross_cross-rsdpg-192-balanced_clean/merkle.c.o
[ 76%] Building C object src/sig/cross/CMakeFiles/cross_rsdpg_192_small_avx2.dir/upcross_cross-rsdpg-192-small_avx2/CROSS.c.o
[ 76%] Building C object src/sig/cross/CMakeFiles/cross_rsdpg_192_balanced_avx2.dir/upcross_cross-rsdpg-192-balanced_avx2/pack_unpack.c.o
[ 77%] Building C object src/sig/cross/CMakeFiles/cross_rsdpg_192_balanced_avx2.dir/upcross_cross-rsdpg-192-balanced_avx2/seedtree.c.o
[ 77%] Building C object src/sig/cross/CMakeFiles/cross_rsdpg_192_balanced_clean.dir/upcross_cross-rsdpg-192-balanced_clean/pack_unpack.c.o
[ 77%] Building C object src/sig/cross/CMakeFiles/cross_rsdpg_192_fast_avx2.dir/upcross_cross-rsdpg-192-fast_avx2/merkle.c.o
[ 77%] Building C object src/sig/cross/CMakeFiles/cross_rsdpg_128_small_avx2.dir/upcross_cross-rsdpg-128-small_avx2/seedtree.c.o
[ 77%] Building C object src/sig/cross/CMakeFiles/cross_rsdpg_192_fast_clean.dir/upcross_cross-rsdpg-192-fast_clean/pack_unpack.c.o
[ 77%] Building C object src/sig/cross/CMakeFiles/cross_rsdpg_256_balanced_clean.dir/sig_cross_rsdpg_256_balanced.c.o
[ 77%] Building C object src/sig/cross/CMakeFiles/cross_rsdpg_192_balanced_clean.dir/upcross_cross-rsdpg-192-balanced_clean/seedtree.c.o
[ 77%] Building C object src/sig/cross/CMakeFiles/cross_rsdpg_256_balanced_clean.dir/upcross_cross-rsdpg-256-balanced_clean/CROSS.c.o
[ 77%] Building C object src/sig/cross/CMakeFiles/cross_rsdpg_192_fast_clean.dir/upcross_cross-rsdpg-192-fast_clean/seedtree.c.o
[ 77%] Building C object src/sig/cross/CMakeFiles/cross_rsdpg_192_balanced_clean.dir/upcross_cross-rsdpg-192-balanced_clean/sign.c.o
[ 77%] Building C object src/sig/cross/CMakeFiles/cross_rsdpg_128_small_avx2.dir/upcross_cross-rsdpg-128-small_avx2/sign.c.o
[ 77%] Built target cross_rsdpg_192_balanced_clean
[ 77%] Building C object src/sig/cross/CMakeFiles/cross_rsdpg_192_fast_clean.dir/upcross_cross-rsdpg-192-fast_clean/sign.c.o
[ 77%] Building C object src/sig/cross/CMakeFiles/cross_rsdpg_192_small_clean.dir/upcross_cross-rsdpg-192-small_clean/csprng_hash.c.o
[ 77%] Building C object src/sig/cross/CMakeFiles/cross_rsdpg_192_small_avx2.dir/upcross_cross-rsdpg-192-small_avx2/csprng_hash.c.o
[ 77%] Built target cross_rsdpg_192_fast_clean
[ 77%] Building C object src/sig/cross/CMakeFiles/cross_rsdpg_192_fast_avx2.dir/upcross_cross-rsdpg-192-fast_avx2/pack_unpack.c.o
[ 77%] Building C object src/sig/cross/CMakeFiles/cross_rsdpg_256_balanced_clean.dir/upcross_cross-rsdpg-256-balanced_clean/csprng_hash.c.o
[ 77%] Building C object src/sig/cross/CMakeFiles/cross_rsdpg_256_balanced_clean.dir/upcross_cross-rsdpg-256-balanced_clean/merkle.c.o
[ 77%] Building C object src/sig/cross/CMakeFiles/cross_rsdpg_192_balanced_avx2.dir/upcross_cross-rsdpg-192-balanced_avx2/sign.c.o
[ 77%] Built target cross_rsdpg_192_balanced_avx2
[ 77%] Building C object src/sig/cross/CMakeFiles/cross_rsdpg_192_fast_avx2.dir/upcross_cross-rsdpg-192-fast_avx2/seedtree.c.o
[ 78%] Building C object src/sig/cross/CMakeFiles/cross_rsdpg_192_small_avx2.dir/upcross_cross-rsdpg-192-small_avx2/merkle.c.o
[ 78%] Built target cross_rsdpg_128_small_avx2
[ 78%] Building C object src/sig/cross/CMakeFiles/cross_rsdpg_192_small_clean.dir/upcross_cross-rsdpg-192-small_clean/merkle.c.o
[ 78%] Building C object src/sig/cross/CMakeFiles/cross_rsdpg_192_fast_avx2.dir/upcross_cross-rsdpg-192-fast_avx2/sign.c.o
[ 78%] Building C object src/sig/cross/CMakeFiles/cross_rsdpg_192_small_avx2.dir/upcross_cross-rsdpg-192-small_avx2/pack_unpack.c.o
[ 78%] Building C object src/sig/cross/CMakeFiles/cross_rsdpg_256_balanced_avx2.dir/upcross_cross-rsdpg-256-balanced_avx2/CROSS.c.o
[ 78%] Building C object src/sig/cross/CMakeFiles/cross_rsdpg_256_fast_clean.dir/sig_cross_rsdpg_256_fast.c.o
[ 79%] Building C object src/sig/cross/CMakeFiles/cross_rsdpg_256_fast_avx2.dir/upcross_cross-rsdpg-256-fast_avx2/CROSS.c.o
[ 79%] Building C object src/sig/cross/CMakeFiles/cross_rsdpg_192_small_clean.dir/upcross_cross-rsdpg-192-small_clean/pack_unpack.c.o
[ 79%] Building C object src/sig/cross/CMakeFiles/cross_rsdpg_256_fast_clean.dir/upcross_cross-rsdpg-256-fast_clean/CROSS.c.o
[ 79%] Building C object src/sig/cross/CMakeFiles/cross_rsdpg_256_balanced_clean.dir/upcross_cross-rsdpg-256-balanced_clean/pack_unpack.c.o
[ 79%] Building C object src/sig/cross/CMakeFiles/cross_rsdpg_256_small_clean.dir/sig_cross_rsdpg_256_small.c.o
[ 79%] Building C object src/sig/cross/CMakeFiles/cross_rsdpg_256_small_clean.dir/upcross_cross-rsdpg-256-small_clean/CROSS.c.o
[ 79%] Built target cross_rsdpg_192_fast_avx2
[ 79%] Building C object src/sig/cross/CMakeFiles/cross_rsdpg_256_balanced_avx2.dir/upcross_cross-rsdpg-256-balanced_avx2/csprng_hash.c.o
[ 79%] Building C object src/sig/cross/CMakeFiles/cross_rsdpg_192_small_clean.dir/upcross_cross-rsdpg-192-small_clean/seedtree.c.o
[ 79%] Building C object src/sig/cross/CMakeFiles/cross_rsdpg_256_fast_clean.dir/upcross_cross-rsdpg-256-fast_clean/csprng_hash.c.o
[ 79%] Building C object src/sig/cross/CMakeFiles/cross_rsdpg_256_fast_avx2.dir/upcross_cross-rsdpg-256-fast_avx2/csprng_hash.c.o
[ 79%] Building C object src/sig/cross/CMakeFiles/cross_rsdpg_256_small_avx2.dir/upcross_cross-rsdpg-256-small_avx2/CROSS.c.o
[ 79%] Building C object src/sig/cross/CMakeFiles/cross_rsdpg_192_small_clean.dir/upcross_cross-rsdpg-192-small_clean/sign.c.o
[ 79%] Built target cross_rsdpg_192_small_clean
[ 79%] Building C object src/sig/cross/CMakeFiles/cross_rsdpg_256_balanced_avx2.dir/upcross_cross-rsdpg-256-balanced_avx2/merkle.c.o
[ 79%] Building C object src/sig/cross/CMakeFiles/cross_rsdpg_192_small_avx2.dir/upcross_cross-rsdpg-192-small_avx2/seedtree.c.o
[ 79%] Building C object src/sig/cross/CMakeFiles/cross_rsdpg_256_balanced_clean.dir/upcross_cross-rsdpg-256-balanced_clean/seedtree.c.o
[ 79%] Building C object src/sig/cross/CMakeFiles/cross_rsdpg_256_small_clean.dir/upcross_cross-rsdpg-256-small_clean/csprng_hash.c.o
[ 79%] Building C object src/sig/cross/CMakeFiles/cross_rsdpg_256_balanced_clean.dir/upcross_cross-rsdpg-256-balanced_clean/sign.c.o
[ 79%] Building C object src/sig/cross/CMakeFiles/cross_rsdpg_192_small_avx2.dir/upcross_cross-rsdpg-192-small_avx2/sign.c.o
[ 79%] Building C object src/sig/cross/CMakeFiles/cross_rsdpg_256_small_avx2.dir/upcross_cross-rsdpg-256-small_avx2/csprng_hash.c.o
[ 79%] Built target cross_rsdpg_256_balanced_clean
[ 79%] Building C object src/sig/cross/CMakeFiles/cross_rsdpg_256_fast_avx2.dir/upcross_cross-rsdpg-256-fast_avx2/merkle.c.o
[ 79%] Building C object src/sig/cross/CMakeFiles/cross_rsdpg_256_fast_clean.dir/upcross_cross-rsdpg-256-fast_clean/merkle.c.o
[ 79%] Building C object src/sig/cross/CMakeFiles/cross_rsdpg_256_balanced_avx2.dir/upcross_cross-rsdpg-256-balanced_avx2/pack_unpack.c.o
[ 79%] Building C object src/sig/cross/CMakeFiles/cross_rsdpg_256_small_clean.dir/upcross_cross-rsdpg-256-small_clean/merkle.c.o
[ 79%] Built target cross_rsdpg_192_small_avx2
[ 79%] Building C object src/sig/cross/CMakeFiles/cross_rsdpg_256_small_clean.dir/upcross_cross-rsdpg-256-small_clean/pack_unpack.c.o
[ 79%] Building C object src/sig/cross/CMakeFiles/cross_rsdpg_256_small_avx2.dir/upcross_cross-rsdpg-256-small_avx2/merkle.c.o
[ 79%] Building C object src/sig/cross/CMakeFiles/cross_rsdpg_256_fast_clean.dir/upcross_cross-rsdpg-256-fast_clean/pack_unpack.c.o
[ 79%] Building C object src/sig/cross/CMakeFiles/cross_rsdpg_256_small_avx2.dir/upcross_cross-rsdpg-256-small_avx2/pack_unpack.c.o
[ 79%] Building C object src/sig/cross/CMakeFiles/cross_rsdpg_256_fast_avx2.dir/upcross_cross-rsdpg-256-fast_avx2/pack_unpack.c.o
[ 80%] Building C object src/sig/cross/CMakeFiles/cross_rsdpg_256_small_clean.dir/upcross_cross-rsdpg-256-small_clean/seedtree.c.o
[ 80%] Building C object src/sig/cross/CMakeFiles/cross_rsdpg_256_balanced_avx2.dir/upcross_cross-rsdpg-256-balanced_avx2/seedtree.c.o
[ 80%] Building C object src/sig/cross/CMakeFiles/cross_rsdpg_256_fast_clean.dir/upcross_cross-rsdpg-256-fast_clean/seedtree.c.o
[ 80%] Building C object src/sig/cross/CMakeFiles/cross_rsdpg_256_fast_clean.dir/upcross_cross-rsdpg-256-fast_clean/sign.c.o
[ 80%] Building C object src/sig/uov/CMakeFiles/uov_ov_Is_ref.dir/sig_uov_ov_Is.c.o
[ 80%] Building C object src/sig/uov/CMakeFiles/uov_ov_Is_avx2.dir/pqov_ov_Is_avx2/blas_matrix.c.o
[ 80%] Building C object src/sig/uov/CMakeFiles/uov_ov_Ip_ref.dir/sig_uov_ov_Ip.c.o
[ 80%] Built target cross_rsdpg_256_fast_clean
[ 80%] Building C object src/sig/cross/CMakeFiles/cross_rsdpg_256_small_clean.dir/upcross_cross-rsdpg-256-small_clean/sign.c.o
[ 80%] Building C object src/sig/uov/CMakeFiles/uov_ov_Is_avx2.dir/pqov_ov_Is_avx2/blas_matrix_avx2.c.o
[ 80%] Building C object src/sig/uov/CMakeFiles/uov_ov_Ip_avx2.dir/pqov_ov_Ip_avx2/blas_matrix.c.o
[ 80%] Building C object src/sig/uov/CMakeFiles/uov_ov_Is_ref.dir/pqov_ov_Is_ref/blas_matrix.c.o
[ 80%] Building C object src/sig/uov/CMakeFiles/uov_ov_Ip_ref.dir/pqov_ov_Ip_ref/blas_matrix.c.o
[ 80%] Building C object src/sig/cross/CMakeFiles/cross_rsdpg_256_small_avx2.dir/upcross_cross-rsdpg-256-small_avx2/seedtree.c.o
[ 80%] Building C object src/sig/uov/CMakeFiles/uov_ov_Ip_avx2.dir/pqov_ov_Ip_avx2/blas_matrix_avx2.c.o
[ 80%] Building C object src/sig/uov/CMakeFiles/uov_ov_Is_ref.dir/pqov_ov_Is_ref/blas_matrix_ref.c.o
[ 80%] Built target cross_rsdpg_256_small_clean
[ 80%] Building C object src/sig/uov/CMakeFiles/uov_ov_Ip_ref.dir/pqov_ov_Ip_ref/blas_matrix_ref.c.o
[ 80%] Building C object src/sig/cross/CMakeFiles/cross_rsdpg_256_small_avx2.dir/upcross_cross-rsdpg-256-small_avx2/sign.c.o
[ 80%] Building C object src/sig/cross/CMakeFiles/cross_rsdpg_256_balanced_avx2.dir/upcross_cross-rsdpg-256-balanced_avx2/sign.c.o
[ 80%] Building C object src/sig/cross/CMakeFiles/cross_rsdpg_256_fast_avx2.dir/upcross_cross-rsdpg-256-fast_avx2/seedtree.c.o
[ 80%] Building C object src/sig/uov/CMakeFiles/uov_ov_Is_avx2.dir/pqov_ov_Is_avx2/blas_matrix_ref.c.o
[ 80%] Building C object src/sig/uov/CMakeFiles/uov_ov_Ip_avx2.dir/pqov_ov_Ip_avx2/gf16_tabs.c.o
[ 80%] Building C object src/sig/uov/CMakeFiles/uov_ov_Is_ref.dir/pqov_ov_Is_ref/ov.c.o
[ 80%] Building C object src/sig/uov/CMakeFiles/uov_ov_III_ref.dir/sig_uov_ov_III.c.o
[ 80%] Built target cross_rsdpg_256_balanced_avx2
[ 80%] Building C object src/sig/uov/CMakeFiles/uov_ov_III_ref.dir/pqov_ov_III_ref/blas_matrix.c.o
[ 80%] Building C object src/sig/uov/CMakeFiles/uov_ov_Is_ref.dir/pqov_ov_Is_ref/ov_keypair.c.o
[ 80%] Building C object src/sig/cross/CMakeFiles/cross_rsdpg_256_fast_avx2.dir/upcross_cross-rsdpg-256-fast_avx2/sign.c.o
[ 80%] Building C object src/sig/uov/CMakeFiles/uov_ov_III_ref.dir/pqov_ov_III_ref/blas_matrix_ref.c.o
[ 80%] Building C object src/sig/uov/CMakeFiles/uov_ov_Is_ref.dir/pqov_ov_Is_ref/ov_keypair_computation.c.o
[ 80%] Building C object src/sig/uov/CMakeFiles/uov_ov_Is_avx2.dir/pqov_ov_Is_avx2/gf16_tabs.c.o
[ 80%] Building C object src/sig/uov/CMakeFiles/uov_ov_Is_ref.dir/pqov_ov_Is_ref/ov_publicmap.c.o
[ 80%] Building C object src/sig/uov/CMakeFiles/uov_ov_Ip_ref.dir/pqov_ov_Ip_ref/ov.c.o
[ 81%] Building C object src/sig/uov/CMakeFiles/uov_ov_Ip_ref.dir/pqov_ov_Ip_ref/ov_keypair.c.o
[ 81%] Built target cross_rsdpg_256_small_avx2
[ 81%] Building C object src/sig/uov/CMakeFiles/uov_ov_Ip_avx2.dir/pqov_ov_Ip_avx2/gf256_tabs.c.o
[ 81%] Building C object src/sig/uov/CMakeFiles/uov_ov_III_ref.dir/pqov_ov_III_ref/ov.c.o
[ 81%] Building C object src/sig/uov/CMakeFiles/uov_ov_Is_avx2.dir/pqov_ov_Is_avx2/gf256_tabs.c.o
[ 81%] Built target cross_rsdpg_256_fast_avx2
[ 81%] Building C object src/sig/uov/CMakeFiles/uov_ov_Ip_ref.dir/pqov_ov_Ip_ref/ov_keypair_computation.c.o
[ 81%] Building C object src/sig/uov/CMakeFiles/uov_ov_III_ref.dir/pqov_ov_III_ref/ov_keypair.c.o
[ 81%] Building C object src/sig/uov/CMakeFiles/uov_ov_Is_ref.dir/pqov_ov_Is_ref/parallel_matrix_op.c.o
[ 81%] Building C object src/sig/uov/CMakeFiles/uov_ov_Is_avx2.dir/pqov_ov_Is_avx2/ov.c.o
[ 81%] Building C object src/sig/uov/CMakeFiles/uov_ov_Ip_ref.dir/pqov_ov_Ip_ref/ov_publicmap.c.o
[ 81%] Building C object src/sig/uov/CMakeFiles/uov_ov_Is_avx2.dir/pqov_ov_Is_avx2/ov_keypair.c.o
[ 81%] Building C object src/sig/uov/CMakeFiles/uov_ov_III_avx2.dir/pqov_ov_III_avx2/blas_matrix.c.o
[ 81%] Building C object src/sig/uov/CMakeFiles/uov_ov_III_avx2.dir/pqov_ov_III_avx2/blas_matrix_avx2.c.o
[ 81%] Building C object src/sig/uov/CMakeFiles/uov_ov_Ip_avx2.dir/pqov_ov_Ip_avx2/ov.c.o
[ 81%] Building C object src/sig/uov/CMakeFiles/uov_ov_V_ref.dir/sig_uov_ov_V.c.o
[ 81%] Building C object src/sig/uov/CMakeFiles/uov_ov_V_avx2.dir/pqov_ov_V_avx2/blas_matrix.c.o
[ 81%] Building C object src/sig/uov/CMakeFiles/uov_ov_V_ref.dir/pqov_ov_V_ref/blas_matrix.c.o
[ 81%] Building C object src/sig/uov/CMakeFiles/uov_ov_Is_ref.dir/pqov_ov_Is_ref/sign.c.o
[ 81%] Building C object src/sig/uov/CMakeFiles/uov_ov_III_ref.dir/pqov_ov_III_ref/ov_keypair_computation.c.o
[ 81%] Building C object src/sig/uov/CMakeFiles/uov_ov_V_avx2.dir/pqov_ov_V_avx2/blas_matrix_avx2.c.o
[ 81%] Building C object src/sig/uov/CMakeFiles/uov_ov_Ip_ref.dir/pqov_ov_Ip_ref/parallel_matrix_op.c.o
[ 81%] Building C object src/sig/uov/CMakeFiles/uov_ov_V_ref.dir/pqov_ov_V_ref/blas_matrix_ref.c.o
[ 81%] Building C object src/sig/uov/CMakeFiles/uov_ov_Is_ref.dir/pqov_ov_Is_ref/utils_hash.c.o
[ 81%] Building C object src/sig/uov/CMakeFiles/uov_ov_III_ref.dir/pqov_ov_III_ref/ov_publicmap.c.o
[ 81%] Building C object src/sig/uov/CMakeFiles/uov_ov_Is_ref.dir/pqov_ov_Is_ref/utils_prng.c.o
[ 81%] Building C object src/sig/uov/CMakeFiles/uov_ov_III_avx2.dir/pqov_ov_III_avx2/gf16_tabs.c.o
[ 82%] Building C object src/sig/uov/CMakeFiles/uov_ov_III_ref.dir/pqov_ov_III_ref/parallel_matrix_op.c.o
[ 82%] Building C object src/sig/uov/CMakeFiles/uov_ov_Is_ref.dir/pqov_ov_Is_ref/utils_randombytes.c.o
[ 82%] Building C object src/sig/uov/CMakeFiles/uov_ov_Is_avx2.dir/pqov_ov_Is_avx2/ov_keypair_computation.c.o
[ 82%] Building C object src/sig/uov/CMakeFiles/uov_ov_Ip_avx2.dir/pqov_ov_Ip_avx2/ov_keypair.c.o
[ 82%] Built target uov_ov_Is_ref
[ 82%] Building C object src/sig/uov/CMakeFiles/uov_ov_Ip_avx2.dir/pqov_ov_Ip_avx2/ov_keypair_computation.c.o
[ 82%] Building C object src/sig/uov/CMakeFiles/uov_ov_V_ref.dir/pqov_ov_V_ref/ov.c.o
[ 82%] Building C object src/sig/uov/CMakeFiles/uov_ov_V_avx2.dir/pqov_ov_V_avx2/gf16_tabs.c.o
[ 82%] Building C object src/sig/uov/CMakeFiles/uov_ov_Ip_ref.dir/pqov_ov_Ip_ref/sign.c.o
[ 82%] Building C object src/sig/uov/CMakeFiles/uov_ov_III_ref.dir/pqov_ov_III_ref/sign.c.o
[ 82%] Building C object src/sig/uov/CMakeFiles/uov_ov_Ip_ref.dir/pqov_ov_Ip_ref/utils_hash.c.o
[ 82%] Building C object src/sig/uov/CMakeFiles/uov_ov_III_ref.dir/pqov_ov_III_ref/utils_hash.c.o
[ 82%] Building C object src/sig/uov/CMakeFiles/uov_ov_III_avx2.dir/pqov_ov_III_avx2/gf256_tabs.c.o
[ 82%] Building C object src/sig/uov/CMakeFiles/uov_ov_Is_avx2.dir/pqov_ov_Is_avx2/ov_publicmap.c.o
[ 82%] Building C object src/sig/uov/CMakeFiles/uov_ov_Ip_ref.dir/pqov_ov_Ip_ref/utils_prng.c.o
[ 82%] Building C object src/sig/uov/CMakeFiles/uov_ov_III_ref.dir/pqov_ov_III_ref/utils_prng.c.o
[ 82%] Building C object src/sig/uov/CMakeFiles/uov_ov_Is_avx2.dir/pqov_ov_Is_avx2/parallel_matrix_op.c.o
[ 82%] Building C object src/sig/uov/CMakeFiles/uov_ov_V_ref.dir/pqov_ov_V_ref/ov_keypair.c.o
[ 82%] Building C object src/sig/uov/CMakeFiles/uov_ov_Ip_ref.dir/pqov_ov_Ip_ref/utils_randombytes.c.o
[ 82%] Building C object src/sig/uov/CMakeFiles/uov_ov_III_ref.dir/pqov_ov_III_ref/utils_randombytes.c.o
[ 82%] Building C object src/sig/uov/CMakeFiles/uov_ov_Is_pkc_ref.dir/sig_uov_ov_Is_pkc.c.o
[ 82%] Built target uov_ov_Ip_ref
[ 82%] Building C object src/sig/uov/CMakeFiles/uov_ov_V_avx2.dir/pqov_ov_V_avx2/gf256_tabs.c.o
[ 82%] Building C object src/sig/uov/CMakeFiles/uov_ov_Ip_avx2.dir/pqov_ov_Ip_avx2/ov_publicmap.c.o
[ 82%] Built target uov_ov_III_ref
[ 82%] Building C object src/sig/uov/CMakeFiles/uov_ov_Ip_avx2.dir/pqov_ov_Ip_avx2/parallel_matrix_op.c.o
[ 82%] Building C object src/sig/uov/CMakeFiles/uov_ov_Is_pkc_ref.dir/pqov_ov_Is_pkc_ref/blas_matrix.c.o
[ 82%] Building C object src/sig/uov/CMakeFiles/uov_ov_V_ref.dir/pqov_ov_V_ref/ov_keypair_computation.c.o
[ 82%] Building C object src/sig/uov/CMakeFiles/uov_ov_Is_pkc_avx2.dir/pqov_ov_Is_pkc_avx2/blas_matrix.c.o
[ 82%] Building C object src/sig/uov/CMakeFiles/uov_ov_Is_pkc_ref.dir/pqov_ov_Is_pkc_ref/blas_matrix_ref.c.o
[ 82%] Building C object src/sig/uov/CMakeFiles/uov_ov_V_ref.dir/pqov_ov_V_ref/ov_publicmap.c.o
[ 82%] Building C object src/sig/uov/CMakeFiles/uov_ov_Is_pkc_avx2.dir/pqov_ov_Is_pkc_avx2/blas_matrix_avx2.c.o
[ 82%] Building C object src/sig/uov/CMakeFiles/uov_ov_III_avx2.dir/pqov_ov_III_avx2/ov.c.o
[ 82%] Building C object src/sig/uov/CMakeFiles/uov_ov_V_avx2.dir/pqov_ov_V_avx2/ov.c.o
[ 82%] Building C object src/sig/uov/CMakeFiles/uov_ov_Ip_pkc_ref.dir/sig_uov_ov_Ip_pkc.c.o
[ 82%] Building C object src/sig/uov/CMakeFiles/uov_ov_Ip_pkc_ref.dir/pqov_ov_Ip_pkc_ref/blas_matrix.c.o
[ 82%] Building C object src/sig/uov/CMakeFiles/uov_ov_Ip_pkc_ref.dir/pqov_ov_Ip_pkc_ref/blas_matrix_ref.c.o
[ 82%] Building C object src/sig/uov/CMakeFiles/uov_ov_Ip_pkc_ref.dir/pqov_ov_Ip_pkc_ref/ov.c.o
[ 82%] Building C object src/sig/uov/CMakeFiles/uov_ov_Is_pkc_ref.dir/pqov_ov_Is_pkc_ref/ov.c.o
[ 82%] Building C object src/sig/uov/CMakeFiles/uov_ov_Ip_avx2.dir/pqov_ov_Ip_avx2/sign.c.o
[ 82%] Building C object src/sig/uov/CMakeFiles/uov_ov_III_avx2.dir/pqov_ov_III_avx2/ov_keypair.c.o
[ 82%] Building C object src/sig/uov/CMakeFiles/uov_ov_V_ref.dir/pqov_ov_V_ref/parallel_matrix_op.c.o
[ 82%] Building C object src/sig/uov/CMakeFiles/uov_ov_III_avx2.dir/pqov_ov_III_avx2/ov_keypair_computation.c.o
[ 82%] Building C object src/sig/uov/CMakeFiles/uov_ov_Is_pkc_ref.dir/pqov_ov_Is_pkc_ref/ov_keypair.c.o
[ 83%] Building C object src/sig/uov/CMakeFiles/uov_ov_Is_pkc_avx2.dir/pqov_ov_Is_pkc_avx2/blas_matrix_ref.c.o
[ 83%] Building C object src/sig/uov/CMakeFiles/uov_ov_V_avx2.dir/pqov_ov_V_avx2/ov_keypair.c.o
[ 83%] Building C object src/sig/uov/CMakeFiles/uov_ov_Is_pkc_ref.dir/pqov_ov_Is_pkc_ref/ov_keypair_computation.c.o
[ 83%] Building C object src/sig/uov/CMakeFiles/uov_ov_Is_avx2.dir/pqov_ov_Is_avx2/sign.c.o
[ 83%] Building C object src/sig/uov/CMakeFiles/uov_ov_Is_pkc_ref.dir/pqov_ov_Is_pkc_ref/ov_publicmap.c.o
[ 83%] Building C object src/sig/uov/CMakeFiles/uov_ov_Ip_avx2.dir/pqov_ov_Ip_avx2/utils_hash.c.o
[ 83%] Building C object src/sig/uov/CMakeFiles/uov_ov_Ip_avx2.dir/pqov_ov_Ip_avx2/utils_prng.c.o
[ 83%] Building C object src/sig/uov/CMakeFiles/uov_ov_Is_avx2.dir/pqov_ov_Is_avx2/utils_hash.c.o
[ 83%] Building C object src/sig/uov/CMakeFiles/uov_ov_Is_avx2.dir/pqov_ov_Is_avx2/utils_prng.c.o
[ 83%] Building C object src/sig/uov/CMakeFiles/uov_ov_Ip_avx2.dir/pqov_ov_Ip_avx2/utils_randombytes.c.o
[ 83%] Built target uov_ov_Ip_avx2
[ 83%] Building C object src/sig/uov/CMakeFiles/uov_ov_III_avx2.dir/pqov_ov_III_avx2/ov_publicmap.c.o
[ 83%] Building C object src/sig/uov/CMakeFiles/uov_ov_Ip_pkc_ref.dir/pqov_ov_Ip_pkc_ref/ov_keypair.c.o
[ 83%] Building C object src/sig/uov/CMakeFiles/uov_ov_Is_avx2.dir/pqov_ov_Is_avx2/utils_randombytes.c.o
[ 83%] Building C object src/sig/uov/CMakeFiles/uov_ov_V_ref.dir/pqov_ov_V_ref/sign.c.o
[ 83%] Built target uov_ov_Is_avx2
[ 83%] Building C object src/sig/uov/CMakeFiles/uov_ov_V_avx2.dir/pqov_ov_V_avx2/ov_keypair_computation.c.o
[ 83%] Building C object src/sig/uov/CMakeFiles/uov_ov_Ip_pkc_ref.dir/pqov_ov_Ip_pkc_ref/ov_keypair_computation.c.o
[ 83%] Building C object src/sig/uov/CMakeFiles/uov_ov_V_avx2.dir/pqov_ov_V_avx2/ov_publicmap.c.o
[ 83%] Building C object src/sig/uov/CMakeFiles/uov_ov_V_ref.dir/pqov_ov_V_ref/utils_hash.c.o
[ 83%] Building C object src/sig/uov/CMakeFiles/uov_ov_Is_pkc_avx2.dir/pqov_ov_Is_pkc_avx2/gf16_tabs.c.o
[ 83%] Building C object src/sig/uov/CMakeFiles/uov_ov_Is_pkc_ref.dir/pqov_ov_Is_pkc_ref/parallel_matrix_op.c.o
[ 83%] Building C object src/sig/uov/CMakeFiles/uov_ov_Ip_pkc_ref.dir/pqov_ov_Ip_pkc_ref/ov_publicmap.c.o
[ 83%] Building C object src/sig/uov/CMakeFiles/uov_ov_V_ref.dir/pqov_ov_V_ref/utils_prng.c.o
[ 83%] Building C object src/sig/uov/CMakeFiles/uov_ov_V_avx2.dir/pqov_ov_V_avx2/parallel_matrix_op.c.o
[ 83%] Building C object src/sig/uov/CMakeFiles/uov_ov_Is_pkc_ref.dir/pqov_ov_Is_pkc_ref/sign.c.o
[ 83%] Building C object src/sig/uov/CMakeFiles/uov_ov_V_ref.dir/pqov_ov_V_ref/utils_randombytes.c.o
[ 83%] Building C object src/sig/uov/CMakeFiles/uov_ov_III_avx2.dir/pqov_ov_III_avx2/parallel_matrix_op.c.o
[ 83%] Built target uov_ov_V_ref
[ 83%] Building C object src/sig/uov/CMakeFiles/uov_ov_Is_pkc_avx2.dir/pqov_ov_Is_pkc_avx2/gf256_tabs.c.o
[ 83%] Building C object src/sig/uov/CMakeFiles/uov_ov_Ip_pkc_ref.dir/pqov_ov_Ip_pkc_ref/parallel_matrix_op.c.o
[ 83%] Building C object src/sig/uov/CMakeFiles/uov_ov_V_avx2.dir/pqov_ov_V_avx2/sign.c.o
[ 83%] Building C object src/sig/uov/CMakeFiles/uov_ov_Is_pkc_avx2.dir/pqov_ov_Is_pkc_avx2/ov.c.o
[ 83%] Building C object src/sig/uov/CMakeFiles/uov_ov_Is_pkc_avx2.dir/pqov_ov_Is_pkc_avx2/ov_keypair.c.o
[ 83%] Building C object src/sig/uov/CMakeFiles/uov_ov_Is_pkc_ref.dir/pqov_ov_Is_pkc_ref/utils_hash.c.o
[ 83%] Building C object src/sig/uov/CMakeFiles/uov_ov_Ip_pkc_ref.dir/pqov_ov_Ip_pkc_ref/sign.c.o
[ 83%] Building C object src/sig/uov/CMakeFiles/uov_ov_Is_pkc_ref.dir/pqov_ov_Is_pkc_ref/utils_prng.c.o
[ 83%] Building C object src/sig/uov/CMakeFiles/uov_ov_Is_pkc_ref.dir/pqov_ov_Is_pkc_ref/utils_randombytes.c.o
[ 83%] Building C object src/sig/uov/CMakeFiles/uov_ov_Ip_pkc_ref.dir/pqov_ov_Ip_pkc_ref/utils_hash.c.o
[ 84%] Building C object src/sig/uov/CMakeFiles/uov_ov_V_avx2.dir/pqov_ov_V_avx2/utils_hash.c.o
[ 84%] Building C object src/sig/uov/CMakeFiles/uov_ov_Is_pkc_avx2.dir/pqov_ov_Is_pkc_avx2/ov_keypair_computation.c.o
[ 84%] Built target uov_ov_Is_pkc_ref
[ 84%] Building C object src/sig/uov/CMakeFiles/uov_ov_III_avx2.dir/pqov_ov_III_avx2/sign.c.o
[ 84%] Building C object src/sig/uov/CMakeFiles/uov_ov_Ip_pkc_avx2.dir/pqov_ov_Ip_pkc_avx2/blas_matrix.c.o
[ 84%] Building C object src/sig/uov/CMakeFiles/uov_ov_Ip_pkc_ref.dir/pqov_ov_Ip_pkc_ref/utils_randombytes.c.o
[ 84%] Building C object src/sig/uov/CMakeFiles/uov_ov_Ip_pkc_ref.dir/pqov_ov_Ip_pkc_ref/utils_prng.c.o
[ 84%] Building C object src/sig/uov/CMakeFiles/uov_ov_Ip_pkc_avx2.dir/pqov_ov_Ip_pkc_avx2/blas_matrix_avx2.c.o
[ 84%] Building C object src/sig/uov/CMakeFiles/uov_ov_Ip_pkc_avx2.dir/pqov_ov_Ip_pkc_avx2/gf16_tabs.c.o
[ 84%] Building C object src/sig/uov/CMakeFiles/uov_ov_Is_pkc_avx2.dir/pqov_ov_Is_pkc_avx2/ov_publicmap.c.o
[ 84%] Building C object src/sig/uov/CMakeFiles/uov_ov_III_pkc_ref.dir/sig_uov_ov_III_pkc.c.o
[ 84%] Built target uov_ov_Ip_pkc_ref
[ 84%] Building C object src/sig/uov/CMakeFiles/uov_ov_V_avx2.dir/pqov_ov_V_avx2/utils_prng.c.o
[ 84%] Building C object src/sig/uov/CMakeFiles/uov_ov_III_pkc_avx2.dir/pqov_ov_III_pkc_avx2/blas_matrix.c.o
[ 84%] Building C object src/sig/uov/CMakeFiles/uov_ov_III_avx2.dir/pqov_ov_III_avx2/utils_hash.c.o
[ 84%] Building C object src/sig/uov/CMakeFiles/uov_ov_III_pkc_ref.dir/pqov_ov_III_pkc_ref/blas_matrix.c.o
[ 84%] Building C object src/sig/uov/CMakeFiles/uov_ov_III_pkc_avx2.dir/pqov_ov_III_pkc_avx2/blas_matrix_avx2.c.o
[ 84%] Building C object src/sig/uov/CMakeFiles/uov_ov_V_avx2.dir/pqov_ov_V_avx2/utils_randombytes.c.o
[ 84%] Building C object src/sig/uov/CMakeFiles/uov_ov_Ip_pkc_avx2.dir/pqov_ov_Ip_pkc_avx2/gf256_tabs.c.o
[ 84%] Building C object src/sig/uov/CMakeFiles/uov_ov_III_pkc_ref.dir/pqov_ov_III_pkc_ref/blas_matrix_ref.c.o
[ 84%] Building C object src/sig/uov/CMakeFiles/uov_ov_V_pkc_ref.dir/sig_uov_ov_V_pkc.c.o
[ 84%] Built target uov_ov_V_avx2
[ 84%] Building C object src/sig/uov/CMakeFiles/uov_ov_III_pkc_ref.dir/pqov_ov_III_pkc_ref/ov.c.o
[ 84%] Building C object src/sig/uov/CMakeFiles/uov_ov_V_pkc_ref.dir/pqov_ov_V_pkc_ref/blas_matrix.c.o
[ 84%] Building C object src/sig/uov/CMakeFiles/uov_ov_V_pkc_avx2.dir/pqov_ov_V_pkc_avx2/blas_matrix.c.o
[ 84%] Building C object src/sig/uov/CMakeFiles/uov_ov_III_avx2.dir/pqov_ov_III_avx2/utils_prng.c.o
[ 84%] Building C object src/sig/uov/CMakeFiles/uov_ov_V_pkc_ref.dir/pqov_ov_V_pkc_ref/blas_matrix_ref.c.o
[ 84%] Building C object src/sig/uov/CMakeFiles/uov_ov_V_pkc_avx2.dir/pqov_ov_V_pkc_avx2/blas_matrix_avx2.c.o
[ 84%] Building C object src/sig/uov/CMakeFiles/uov_ov_Is_pkc_skc_ref.dir/sig_uov_ov_Is_pkc_skc.c.o
[ 84%] Building C object src/sig/uov/CMakeFiles/uov_ov_III_pkc_avx2.dir/pqov_ov_III_pkc_avx2/gf16_tabs.c.o
[ 84%] Building C object src/sig/uov/CMakeFiles/uov_ov_III_avx2.dir/pqov_ov_III_avx2/utils_randombytes.c.o
[ 84%] Building C object src/sig/uov/CMakeFiles/uov_ov_V_pkc_ref.dir/pqov_ov_V_pkc_ref/ov.c.o
[ 84%] Building C object src/sig/uov/CMakeFiles/uov_ov_Is_pkc_skc_ref.dir/pqov_ov_Is_pkc_skc_ref/blas_matrix.c.o
[ 84%] Built target uov_ov_III_avx2
[ 84%] Building C object src/sig/uov/CMakeFiles/uov_ov_Is_pkc_avx2.dir/pqov_ov_Is_pkc_avx2/parallel_matrix_op.c.o
[ 84%] Building C object src/sig/uov/CMakeFiles/uov_ov_Is_pkc_skc_ref.dir/pqov_ov_Is_pkc_skc_ref/blas_matrix_ref.c.o
[ 84%] Building C object src/sig/uov/CMakeFiles/uov_ov_Ip_pkc_avx2.dir/pqov_ov_Ip_pkc_avx2/ov.c.o
[ 84%] Building C object src/sig/uov/CMakeFiles/uov_ov_III_pkc_ref.dir/pqov_ov_III_pkc_ref/ov_keypair.c.o
[ 84%] Building C object src/sig/uov/CMakeFiles/uov_ov_V_pkc_avx2.dir/pqov_ov_V_pkc_avx2/gf16_tabs.c.o
[ 85%] Building C object src/sig/uov/CMakeFiles/uov_ov_Is_pkc_skc_avx2.dir/pqov_ov_Is_pkc_skc_avx2/blas_matrix.c.o
[ 85%] Building C object src/sig/uov/CMakeFiles/uov_ov_Is_pkc_skc_avx2.dir/pqov_ov_Is_pkc_skc_avx2/blas_matrix_avx2.c.o
[ 85%] Building C object src/sig/uov/CMakeFiles/uov_ov_Ip_pkc_avx2.dir/pqov_ov_Ip_pkc_avx2/ov_keypair.c.o
[ 85%] Building C object src/sig/uov/CMakeFiles/uov_ov_III_pkc_ref.dir/pqov_ov_III_pkc_ref/ov_keypair_computation.c.o
[ 85%] Building C object src/sig/uov/CMakeFiles/uov_ov_III_pkc_ref.dir/pqov_ov_III_pkc_ref/ov_publicmap.c.o
[ 85%] Building C object src/sig/uov/CMakeFiles/uov_ov_V_pkc_ref.dir/pqov_ov_V_pkc_ref/ov_keypair.c.o
[ 85%] Building C object src/sig/uov/CMakeFiles/uov_ov_Is_pkc_skc_ref.dir/pqov_ov_Is_pkc_skc_ref/ov.c.o
[ 85%] Building C object src/sig/uov/CMakeFiles/uov_ov_III_pkc_avx2.dir/pqov_ov_III_pkc_avx2/gf256_tabs.c.o
[ 85%] Building C object src/sig/uov/CMakeFiles/uov_ov_V_pkc_ref.dir/pqov_ov_V_pkc_ref/ov_keypair_computation.c.o
[ 85%] Building C object src/sig/uov/CMakeFiles/uov_ov_Is_pkc_avx2.dir/pqov_ov_Is_pkc_avx2/sign.c.o
[ 85%] Building C object src/sig/uov/CMakeFiles/uov_ov_Is_pkc_skc_ref.dir/pqov_ov_Is_pkc_skc_ref/ov_keypair.c.o
[ 85%] Building C object src/sig/uov/CMakeFiles/uov_ov_Ip_pkc_skc_ref.dir/sig_uov_ov_Ip_pkc_skc.c.o
[ 85%] Building C object src/sig/uov/CMakeFiles/uov_ov_V_pkc_ref.dir/pqov_ov_V_pkc_ref/ov_publicmap.c.o
[ 85%] Building C object src/sig/uov/CMakeFiles/uov_ov_Is_pkc_skc_ref.dir/pqov_ov_Is_pkc_skc_ref/ov_keypair_computation.c.o
[ 85%] Building C object src/sig/uov/CMakeFiles/uov_ov_III_pkc_avx2.dir/pqov_ov_III_pkc_avx2/ov.c.o
[ 85%] Building C object src/sig/uov/CMakeFiles/uov_ov_V_pkc_ref.dir/pqov_ov_V_pkc_ref/parallel_matrix_op.c.o
[ 85%] Building C object src/sig/uov/CMakeFiles/uov_ov_Ip_pkc_skc_ref.dir/pqov_ov_Ip_pkc_skc_ref/blas_matrix.c.o
[ 85%] Building C object src/sig/uov/CMakeFiles/uov_ov_Is_pkc_skc_ref.dir/pqov_ov_Is_pkc_skc_ref/ov_publicmap.c.o
[ 85%] Building C object src/sig/uov/CMakeFiles/uov_ov_V_pkc_avx2.dir/pqov_ov_V_pkc_avx2/gf256_tabs.c.o
[ 85%] Building C object src/sig/uov/CMakeFiles/uov_ov_Ip_pkc_skc_ref.dir/pqov_ov_Ip_pkc_skc_ref/blas_matrix_ref.c.o
[ 85%] Building C object src/sig/uov/CMakeFiles/uov_ov_V_pkc_avx2.dir/pqov_ov_V_pkc_avx2/ov.c.o
[ 86%] Building C object src/sig/uov/CMakeFiles/uov_ov_Ip_pkc_avx2.dir/pqov_ov_Ip_pkc_avx2/ov_keypair_computation.c.o
[ 86%] Building C object src/sig/uov/CMakeFiles/uov_ov_Is_pkc_avx2.dir/pqov_ov_Is_pkc_avx2/utils_hash.c.o
[ 86%] Building C object src/sig/uov/CMakeFiles/uov_ov_Is_pkc_avx2.dir/pqov_ov_Is_pkc_avx2/utils_prng.c.o
[ 86%] Building C object src/sig/uov/CMakeFiles/uov_ov_Is_pkc_avx2.dir/pqov_ov_Is_pkc_avx2/utils_randombytes.c.o
[ 86%] Building C object src/sig/uov/CMakeFiles/uov_ov_III_pkc_ref.dir/pqov_ov_III_pkc_ref/parallel_matrix_op.c.o
[ 86%] Built target uov_ov_Is_pkc_avx2
[ 86%] Building C object src/sig/uov/CMakeFiles/uov_ov_Is_pkc_skc_ref.dir/pqov_ov_Is_pkc_skc_ref/parallel_matrix_op.c.o
[ 86%] Building C object src/sig/uov/CMakeFiles/uov_ov_Is_pkc_skc_avx2.dir/pqov_ov_Is_pkc_skc_avx2/blas_matrix_ref.c.o
[ 86%] Building C object src/sig/uov/CMakeFiles/uov_ov_Is_pkc_skc_ref.dir/pqov_ov_Is_pkc_skc_ref/sign.c.o
[ 87%] Building C object src/sig/uov/CMakeFiles/uov_ov_V_pkc_ref.dir/pqov_ov_V_pkc_ref/sign.c.o
[ 87%] Building C object src/sig/uov/CMakeFiles/uov_ov_III_pkc_avx2.dir/pqov_ov_III_pkc_avx2/ov_keypair.c.o
[ 87%] Building C object src/sig/uov/CMakeFiles/uov_ov_III_pkc_ref.dir/pqov_ov_III_pkc_ref/sign.c.o
[ 87%] Building C object src/sig/uov/CMakeFiles/uov_ov_V_pkc_ref.dir/pqov_ov_V_pkc_ref/utils_hash.c.o
[ 87%] Building C object src/sig/uov/CMakeFiles/uov_ov_Ip_pkc_skc_ref.dir/pqov_ov_Ip_pkc_skc_ref/ov.c.o
[ 87%] Building C object src/sig/uov/CMakeFiles/uov_ov_V_pkc_ref.dir/pqov_ov_V_pkc_ref/utils_prng.c.o
[ 87%] Building C object src/sig/uov/CMakeFiles/uov_ov_V_pkc_avx2.dir/pqov_ov_V_pkc_avx2/ov_keypair.c.o
[ 87%] Building C object src/sig/uov/CMakeFiles/uov_ov_Ip_pkc_avx2.dir/pqov_ov_Ip_pkc_avx2/ov_publicmap.c.o
[ 87%] Building C object src/sig/uov/CMakeFiles/uov_ov_V_pkc_ref.dir/pqov_ov_V_pkc_ref/utils_randombytes.c.o
[ 87%] Building C object src/sig/uov/CMakeFiles/uov_ov_V_pkc_avx2.dir/pqov_ov_V_pkc_avx2/ov_keypair_computation.c.o
[ 87%] Building C object src/sig/uov/CMakeFiles/uov_ov_Ip_pkc_skc_ref.dir/pqov_ov_Ip_pkc_skc_ref/ov_keypair.c.o
[ 87%] Built target uov_ov_V_pkc_ref
[ 87%] Building C object src/sig/uov/CMakeFiles/uov_ov_Is_pkc_skc_ref.dir/pqov_ov_Is_pkc_skc_ref/utils_hash.c.o
[ 87%] Building C object src/sig/uov/CMakeFiles/uov_ov_Is_pkc_skc_avx2.dir/pqov_ov_Is_pkc_skc_avx2/gf16_tabs.c.o
[ 87%] Building C object src/sig/uov/CMakeFiles/uov_ov_III_pkc_ref.dir/pqov_ov_III_pkc_ref/utils_hash.c.o
[ 87%] Building C object src/sig/uov/CMakeFiles/uov_ov_Ip_pkc_skc_ref.dir/pqov_ov_Ip_pkc_skc_ref/ov_keypair_computation.c.o
[ 88%] Building C object src/sig/uov/CMakeFiles/uov_ov_Is_pkc_skc_ref.dir/pqov_ov_Is_pkc_skc_ref/utils_prng.c.o
[ 88%] Building C object src/sig/uov/CMakeFiles/uov_ov_Is_pkc_skc_ref.dir/pqov_ov_Is_pkc_skc_ref/utils_randombytes.c.o
[ 88%] Building C object src/sig/uov/CMakeFiles/uov_ov_III_pkc_ref.dir/pqov_ov_III_pkc_ref/utils_prng.c.o
[ 88%] Building C object src/sig/uov/CMakeFiles/uov_ov_Ip_pkc_skc_ref.dir/pqov_ov_Ip_pkc_skc_ref/ov_publicmap.c.o
[ 88%] Building C object src/sig/uov/CMakeFiles/uov_ov_Ip_pkc_avx2.dir/pqov_ov_Ip_pkc_avx2/parallel_matrix_op.c.o
[ 88%] Built target uov_ov_Is_pkc_skc_ref
[ 88%] Building C object src/sig/uov/CMakeFiles/uov_ov_Ip_pkc_avx2.dir/pqov_ov_Ip_pkc_avx2/sign.c.o
[ 88%] Building C object src/sig/uov/CMakeFiles/uov_ov_III_pkc_ref.dir/pqov_ov_III_pkc_ref/utils_randombytes.c.o
[ 88%] Building C object src/sig/uov/CMakeFiles/uov_ov_V_pkc_avx2.dir/pqov_ov_V_pkc_avx2/ov_publicmap.c.o
[ 88%] Building C object src/sig/uov/CMakeFiles/uov_ov_III_pkc_avx2.dir/pqov_ov_III_pkc_avx2/ov_keypair_computation.c.o
[ 88%] Built target uov_ov_III_pkc_ref
[ 88%] Building C object src/sig/uov/CMakeFiles/uov_ov_Ip_pkc_skc_ref.dir/pqov_ov_Ip_pkc_skc_ref/parallel_matrix_op.c.o
[ 88%] Building C object src/sig/uov/CMakeFiles/uov_ov_Ip_pkc_avx2.dir/pqov_ov_Ip_pkc_avx2/utils_hash.c.o
[ 88%] Building C object src/sig/uov/CMakeFiles/uov_ov_Is_pkc_skc_avx2.dir/pqov_ov_Is_pkc_skc_avx2/gf256_tabs.c.o
[ 88%] Building C object src/sig/uov/CMakeFiles/uov_ov_III_pkc_avx2.dir/pqov_ov_III_pkc_avx2/ov_publicmap.c.o
[ 88%] Building C object src/sig/uov/CMakeFiles/uov_ov_V_pkc_avx2.dir/pqov_ov_V_pkc_avx2/parallel_matrix_op.c.o
[ 88%] Building C object src/sig/uov/CMakeFiles/uov_ov_Is_pkc_skc_avx2.dir/pqov_ov_Is_pkc_skc_avx2/ov.c.o
[ 88%] Building C object src/sig/uov/CMakeFiles/uov_ov_Ip_pkc_skc_avx2.dir/pqov_ov_Ip_pkc_skc_avx2/blas_matrix.c.o
[ 88%] Building C object src/sig/uov/CMakeFiles/uov_ov_III_pkc_skc_ref.dir/sig_uov_ov_III_pkc_skc.c.o
[ 88%] Building C object src/sig/uov/CMakeFiles/uov_ov_Ip_pkc_skc_avx2.dir/pqov_ov_Ip_pkc_skc_avx2/blas_matrix_avx2.c.o
[ 88%] Building C object src/sig/uov/CMakeFiles/uov_ov_III_pkc_skc_ref.dir/pqov_ov_III_pkc_skc_ref/blas_matrix.c.o
[ 88%] Building C object src/sig/uov/CMakeFiles/uov_ov_Ip_pkc_skc_ref.dir/pqov_ov_Ip_pkc_skc_ref/sign.c.o
[ 88%] Building C object src/sig/uov/CMakeFiles/uov_ov_III_pkc_skc_avx2.dir/pqov_ov_III_pkc_skc_avx2/blas_matrix.c.o
[ 88%] Building C object src/sig/uov/CMakeFiles/uov_ov_III_pkc_skc_ref.dir/pqov_ov_III_pkc_skc_ref/blas_matrix_ref.c.o
[ 88%] Building C object src/sig/uov/CMakeFiles/uov_ov_Ip_pkc_skc_ref.dir/pqov_ov_Ip_pkc_skc_ref/utils_hash.c.o
[ 88%] Building C object src/sig/uov/CMakeFiles/uov_ov_III_pkc_skc_avx2.dir/pqov_ov_III_pkc_skc_avx2/blas_matrix_avx2.c.o
[ 88%] Building C object src/sig/uov/CMakeFiles/uov_ov_Is_pkc_skc_avx2.dir/pqov_ov_Is_pkc_skc_avx2/ov_keypair.c.o
[ 88%] Building C object src/sig/uov/CMakeFiles/uov_ov_Ip_pkc_skc_ref.dir/pqov_ov_Ip_pkc_skc_ref/utils_prng.c.o
[ 88%] Building C object src/sig/uov/CMakeFiles/uov_ov_Ip_pkc_avx2.dir/pqov_ov_Ip_pkc_avx2/utils_prng.c.o
[ 88%] Building C object src/sig/uov/CMakeFiles/uov_ov_Ip_pkc_skc_ref.dir/pqov_ov_Ip_pkc_skc_ref/utils_randombytes.c.o
[ 88%] Building C object src/sig/uov/CMakeFiles/uov_ov_Ip_pkc_skc_avx2.dir/pqov_ov_Ip_pkc_skc_avx2/gf16_tabs.c.o
[ 88%] Building C object src/sig/uov/CMakeFiles/uov_ov_V_pkc_skc_ref.dir/sig_uov_ov_V_pkc_skc.c.o
[ 88%] Built target uov_ov_Ip_pkc_skc_ref
[ 88%] Building C object src/sig/uov/CMakeFiles/uov_ov_Ip_pkc_avx2.dir/pqov_ov_Ip_pkc_avx2/utils_randombytes.c.o
[ 88%] Building C object src/sig/uov/CMakeFiles/uov_ov_III_pkc_skc_ref.dir/pqov_ov_III_pkc_skc_ref/ov.c.o
[ 88%] Building C object src/sig/uov/CMakeFiles/uov_ov_III_pkc_skc_avx2.dir/pqov_ov_III_pkc_skc_avx2/gf16_tabs.c.o
[ 88%] Built target uov_ov_Ip_pkc_avx2
[ 88%] Building C object src/sig/uov/CMakeFiles/uov_ov_III_pkc_avx2.dir/pqov_ov_III_pkc_avx2/parallel_matrix_op.c.o
[ 88%] Building C object src/sig/uov/CMakeFiles/uov_ov_Is_pkc_skc_avx2.dir/pqov_ov_Is_pkc_skc_avx2/ov_keypair_computation.c.o
[ 88%] Building C object src/sig/uov/CMakeFiles/uov_ov_V_pkc_skc_ref.dir/pqov_ov_V_pkc_skc_ref/blas_matrix.c.o
[ 88%] Building C object src/sig/uov/CMakeFiles/uov_ov_V_pkc_avx2.dir/pqov_ov_V_pkc_avx2/sign.c.o
[ 88%] Building C object src/sig/uov/CMakeFiles/uov_ov_V_pkc_skc_avx2.dir/pqov_ov_V_pkc_skc_avx2/blas_matrix.c.o
[ 88%] Building C object src/sig/uov/CMakeFiles/uov_ov_V_pkc_skc_ref.dir/pqov_ov_V_pkc_skc_ref/blas_matrix_ref.c.o
[ 88%] Building C object src/sig/uov/CMakeFiles/uov_ov_V_pkc_skc_avx2.dir/pqov_ov_V_pkc_skc_avx2/blas_matrix_avx2.c.o
[ 88%] Building C object src/sig/snova/CMakeFiles/snova_SNOVA_24_5_4_opt.dir/sig_snova_SNOVA_24_5_4.c.o
[ 88%] Building C object src/sig/uov/CMakeFiles/uov_ov_V_pkc_avx2.dir/pqov_ov_V_pkc_avx2/utils_hash.c.o
[ 88%] Building C object src/sig/uov/CMakeFiles/uov_ov_V_pkc_avx2.dir/pqov_ov_V_pkc_avx2/utils_prng.c.o
[ 88%] Building C object src/sig/uov/CMakeFiles/uov_ov_V_pkc_avx2.dir/pqov_ov_V_pkc_avx2/utils_randombytes.c.o
[ 88%] Building C object src/sig/snova/CMakeFiles/snova_SNOVA_24_5_4_opt.dir/snova_SNOVA_24_5_4_opt/oqs_snova.c.o
[ 88%] Building C object src/sig/snova/CMakeFiles/snova_SNOVA_24_5_4_opt.dir/snova_SNOVA_24_5_4_opt/snova.c.o
[ 88%] Building C object src/sig/uov/CMakeFiles/uov_ov_III_pkc_skc_avx2.dir/pqov_ov_III_pkc_skc_avx2/gf256_tabs.c.o
[ 88%] Built target uov_ov_V_pkc_avx2
[ 88%] Building C object src/sig/uov/CMakeFiles/uov_ov_Ip_pkc_skc_avx2.dir/pqov_ov_Ip_pkc_skc_avx2/gf256_tabs.c.o
[ 88%] Building C object src/sig/uov/CMakeFiles/uov_ov_Ip_pkc_skc_avx2.dir/pqov_ov_Ip_pkc_skc_avx2/ov.c.o
[ 89%] Building C object src/sig/uov/CMakeFiles/uov_ov_III_pkc_avx2.dir/pqov_ov_III_pkc_avx2/sign.c.o
[ 89%] Building C object src/sig/uov/CMakeFiles/uov_ov_III_pkc_skc_ref.dir/pqov_ov_III_pkc_skc_ref/ov_keypair.c.o
[ 89%] Building C object src/sig/uov/CMakeFiles/uov_ov_V_pkc_skc_avx2.dir/pqov_ov_V_pkc_skc_avx2/gf16_tabs.c.o
[ 89%] Building C object src/sig/uov/CMakeFiles/uov_ov_V_pkc_skc_ref.dir/pqov_ov_V_pkc_skc_ref/ov.c.o
[ 89%] Building C object src/sig/uov/CMakeFiles/uov_ov_Is_pkc_skc_avx2.dir/pqov_ov_Is_pkc_skc_avx2/ov_publicmap.c.o
[ 89%] Building C object src/sig/uov/CMakeFiles/uov_ov_III_pkc_skc_ref.dir/pqov_ov_III_pkc_skc_ref/ov_keypair_computation.c.o
[ 89%] Building C object src/sig/uov/CMakeFiles/uov_ov_III_pkc_skc_ref.dir/pqov_ov_III_pkc_skc_ref/ov_publicmap.c.o
[ 89%] Building C object src/sig/uov/CMakeFiles/uov_ov_V_pkc_skc_ref.dir/pqov_ov_V_pkc_skc_ref/ov_keypair.c.o
[ 89%] Building C object src/sig/uov/CMakeFiles/uov_ov_V_pkc_skc_avx2.dir/pqov_ov_V_pkc_skc_avx2/gf256_tabs.c.o
[ 89%] Building C object src/sig/uov/CMakeFiles/uov_ov_III_pkc_skc_ref.dir/pqov_ov_III_pkc_skc_ref/parallel_matrix_op.c.o
[ 89%] Building C object src/sig/snova/CMakeFiles/snova_SNOVA_24_5_4_opt.dir/snova_SNOVA_24_5_4_opt/snova_aes.c.o
[ 89%] Building C object src/sig/uov/CMakeFiles/uov_ov_V_pkc_skc_ref.dir/pqov_ov_V_pkc_skc_ref/ov_keypair_computation.c.o
[ 89%] Building C object src/sig/uov/CMakeFiles/uov_ov_III_pkc_skc_avx2.dir/pqov_ov_III_pkc_skc_avx2/ov.c.o
[ 89%] Building C object src/sig/uov/CMakeFiles/uov_ov_III_pkc_avx2.dir/pqov_ov_III_pkc_avx2/utils_hash.c.o
[ 89%] Building C object src/sig/uov/CMakeFiles/uov_ov_III_pkc_avx2.dir/pqov_ov_III_pkc_avx2/utils_prng.c.o
[ 89%] Building C object src/sig/snova/CMakeFiles/snova_SNOVA_24_5_4_avx2.dir/snova_SNOVA_24_5_4_avx2/oqs_snova.c.o
[ 89%] Building C object src/sig/uov/CMakeFiles/uov_ov_V_pkc_skc_ref.dir/pqov_ov_V_pkc_skc_ref/ov_publicmap.c.o
[ 90%] Building C object src/sig/uov/CMakeFiles/uov_ov_Ip_pkc_skc_avx2.dir/pqov_ov_Ip_pkc_skc_avx2/ov_keypair.c.o
[ 90%] Building C object src/sig/uov/CMakeFiles/uov_ov_III_pkc_avx2.dir/pqov_ov_III_pkc_avx2/utils_randombytes.c.o
[ 90%] Building C object src/sig/snova/CMakeFiles/snova_SNOVA_24_5_4_avx2.dir/snova_SNOVA_24_5_4_avx2/snova.c.o
[ 90%] Built target uov_ov_III_pkc_avx2
[ 90%] Building C object src/sig/uov/CMakeFiles/uov_ov_III_pkc_skc_ref.dir/pqov_ov_III_pkc_skc_ref/sign.c.o
[ 90%] Building C object src/sig/uov/CMakeFiles/uov_ov_V_pkc_skc_avx2.dir/pqov_ov_V_pkc_skc_avx2/ov.c.o
[ 90%] Building C object src/sig/uov/CMakeFiles/uov_ov_Is_pkc_skc_avx2.dir/pqov_ov_Is_pkc_skc_avx2/parallel_matrix_op.c.o
[ 90%] Building C object src/sig/snova/CMakeFiles/snova_SNOVA_24_5_4_opt.dir/snova_SNOVA_24_5_4_opt/snova_common.c.o
[ 90%] Building C object src/sig/uov/CMakeFiles/uov_ov_III_pkc_skc_avx2.dir/pqov_ov_III_pkc_skc_avx2/ov_keypair.c.o
[ 90%] Building C object src/sig/uov/CMakeFiles/uov_ov_III_pkc_skc_ref.dir/pqov_ov_III_pkc_skc_ref/utils_hash.c.o
[ 90%] Building C object src/sig/snova/CMakeFiles/snova_SNOVA_24_5_4_avx2.dir/snova_SNOVA_24_5_4_avx2/snova_aes.c.o
[ 90%] Building C object src/sig/uov/CMakeFiles/uov_ov_III_pkc_skc_ref.dir/pqov_ov_III_pkc_skc_ref/utils_prng.c.o
[ 90%] Building C object src/sig/snova/CMakeFiles/snova_SNOVA_24_5_4_SHAKE_opt.dir/sig_snova_SNOVA_24_5_4_SHAKE.c.o
[ 91%] Building C object src/sig/uov/CMakeFiles/uov_ov_V_pkc_skc_ref.dir/pqov_ov_V_pkc_skc_ref/parallel_matrix_op.c.o
[ 91%] Building C object src/sig/uov/CMakeFiles/uov_ov_III_pkc_skc_ref.dir/pqov_ov_III_pkc_skc_ref/utils_randombytes.c.o
[ 91%] Building C object src/sig/uov/CMakeFiles/uov_ov_Ip_pkc_skc_avx2.dir/pqov_ov_Ip_pkc_skc_avx2/ov_keypair_computation.c.o
[ 91%] Building C object src/sig/snova/CMakeFiles/snova_SNOVA_24_5_4_SHAKE_opt.dir/snova_SNOVA_24_5_4_SHAKE_opt/oqs_snova.c.o
[ 91%] Building C object src/sig/uov/CMakeFiles/uov_ov_V_pkc_skc_avx2.dir/pqov_ov_V_pkc_skc_avx2/ov_keypair.c.o
[ 91%] Built target uov_ov_III_pkc_skc_ref
[ 91%] Building C object src/sig/uov/CMakeFiles/uov_ov_Is_pkc_skc_avx2.dir/pqov_ov_Is_pkc_skc_avx2/sign.c.o
[ 91%] Building C object src/sig/snova/CMakeFiles/snova_SNOVA_24_5_4_SHAKE_opt.dir/snova_SNOVA_24_5_4_SHAKE_opt/snova.c.o
[ 91%] Building C object src/sig/snova/CMakeFiles/snova_SNOVA_24_5_4_opt.dir/snova_SNOVA_24_5_4_opt/snova_shake.c.o
[ 91%] Building C object src/sig/uov/CMakeFiles/uov_ov_III_pkc_skc_avx2.dir/pqov_ov_III_pkc_skc_avx2/ov_keypair_computation.c.o
[ 91%] Building C object src/sig/snova/CMakeFiles/snova_SNOVA_24_5_4_SHAKE_opt.dir/snova_SNOVA_24_5_4_SHAKE_opt/snova_aes.c.o
[ 91%] Building C object src/sig/snova/CMakeFiles/snova_SNOVA_24_5_4_avx2.dir/snova_SNOVA_24_5_4_avx2/snova_common.c.o
[ 91%] Building C object src/sig/uov/CMakeFiles/uov_ov_V_pkc_skc_ref.dir/pqov_ov_V_pkc_skc_ref/sign.c.o
[ 91%] Building C object src/sig/snova/CMakeFiles/snova_SNOVA_24_5_4_SHAKE_avx2.dir/snova_SNOVA_24_5_4_SHAKE_avx2/oqs_snova.c.o
[ 91%] Building C object src/sig/uov/CMakeFiles/uov_ov_V_pkc_skc_ref.dir/pqov_ov_V_pkc_skc_ref/utils_hash.c.o
[ 91%] Building C object src/sig/uov/CMakeFiles/uov_ov_V_pkc_skc_avx2.dir/pqov_ov_V_pkc_skc_avx2/ov_keypair_computation.c.o
[ 91%] Building C object src/sig/snova/CMakeFiles/snova_SNOVA_24_5_4_SHAKE_avx2.dir/snova_SNOVA_24_5_4_SHAKE_avx2/snova.c.o
[ 91%] Building C object src/sig/uov/CMakeFiles/uov_ov_V_pkc_skc_ref.dir/pqov_ov_V_pkc_skc_ref/utils_prng.c.o
[ 91%] Building C object src/sig/uov/CMakeFiles/uov_ov_Is_pkc_skc_avx2.dir/pqov_ov_Is_pkc_skc_avx2/utils_hash.c.o
[ 91%] Building C object src/sig/uov/CMakeFiles/uov_ov_Ip_pkc_skc_avx2.dir/pqov_ov_Ip_pkc_skc_avx2/ov_publicmap.c.o
[ 91%] Building C object src/sig/uov/CMakeFiles/uov_ov_III_pkc_skc_avx2.dir/pqov_ov_III_pkc_skc_avx2/ov_publicmap.c.o
[ 91%] Building C object src/sig/uov/CMakeFiles/uov_ov_Is_pkc_skc_avx2.dir/pqov_ov_Is_pkc_skc_avx2/utils_prng.c.o
[ 91%] Building C object src/sig/uov/CMakeFiles/uov_ov_V_pkc_skc_ref.dir/pqov_ov_V_pkc_skc_ref/utils_randombytes.c.o
[ 91%] Built target uov_ov_V_pkc_skc_ref
[ 92%] Building C object src/sig/uov/CMakeFiles/uov_ov_III_pkc_skc_avx2.dir/pqov_ov_III_pkc_skc_avx2/parallel_matrix_op.c.o
[ 92%] Building C object src/sig/uov/CMakeFiles/uov_ov_Is_pkc_skc_avx2.dir/pqov_ov_Is_pkc_skc_avx2/utils_randombytes.c.o
[ 92%] Built target uov_ov_Is_pkc_skc_avx2
[ 92%] Building C object src/sig/snova/CMakeFiles/snova_SNOVA_24_5_4_SHAKE_avx2.dir/snova_SNOVA_24_5_4_SHAKE_avx2/snova_aes.c.o
[ 92%] Building C object src/sig/uov/CMakeFiles/uov_ov_Ip_pkc_skc_avx2.dir/pqov_ov_Ip_pkc_skc_avx2/parallel_matrix_op.c.o
[ 92%] Building C object src/sig/uov/CMakeFiles/uov_ov_III_pkc_skc_avx2.dir/pqov_ov_III_pkc_skc_avx2/sign.c.o
[ 92%] Building C object src/sig/snova/CMakeFiles/snova_SNOVA_24_5_4_SHAKE_opt.dir/snova_SNOVA_24_5_4_SHAKE_opt/snova_common.c.o
[ 92%] Building C object src/sig/uov/CMakeFiles/uov_ov_V_pkc_skc_avx2.dir/pqov_ov_V_pkc_skc_avx2/ov_publicmap.c.o
[ 92%] Building C object src/sig/snova/CMakeFiles/snova_SNOVA_24_5_4_avx2.dir/snova_SNOVA_24_5_4_avx2/snova_shake.c.o
[ 92%] Building C object src/sig/snova/CMakeFiles/snova_SNOVA_24_5_4_esk_opt.dir/sig_snova_SNOVA_24_5_4_esk.c.o
[ 92%] Building C object src/sig/snova/CMakeFiles/snova_SNOVA_24_5_4_SHAKE_avx2.dir/snova_SNOVA_24_5_4_SHAKE_avx2/snova_common.c.o
[ 92%] Building C object src/sig/snova/CMakeFiles/snova_SNOVA_24_5_4_esk_opt.dir/snova_SNOVA_24_5_4_esk_opt/oqs_snova.c.o
[ 92%] Building C object src/sig/uov/CMakeFiles/uov_ov_III_pkc_skc_avx2.dir/pqov_ov_III_pkc_skc_avx2/utils_hash.c.o
[ 92%] Building C object src/sig/snova/CMakeFiles/snova_SNOVA_24_5_4_esk_opt.dir/snova_SNOVA_24_5_4_esk_opt/snova.c.o
[ 92%] Building C object src/sig/snova/CMakeFiles/snova_SNOVA_24_5_4_esk_opt.dir/snova_SNOVA_24_5_4_esk_opt/snova_aes.c.o
[ 92%] Building C object src/sig/uov/CMakeFiles/uov_ov_V_pkc_skc_avx2.dir/pqov_ov_V_pkc_skc_avx2/parallel_matrix_op.c.o
[ 92%] Building C object src/sig/snova/CMakeFiles/snova_SNOVA_24_5_4_SHAKE_opt.dir/snova_SNOVA_24_5_4_SHAKE_opt/snova_shake.c.o
[ 92%] Building C object src/sig/uov/CMakeFiles/uov_ov_III_pkc_skc_avx2.dir/pqov_ov_III_pkc_skc_avx2/utils_prng.c.o
[ 92%] Building C object src/sig/uov/CMakeFiles/uov_ov_III_pkc_skc_avx2.dir/pqov_ov_III_pkc_skc_avx2/utils_randombytes.c.o
[ 92%] Building C object src/sig/snova/CMakeFiles/snova_SNOVA_24_5_4_esk_avx2.dir/snova_SNOVA_24_5_4_esk_avx2/oqs_snova.c.o
[ 92%] Built target uov_ov_III_pkc_skc_avx2
[ 92%] Building C object src/sig/snova/CMakeFiles/snova_SNOVA_24_5_4_SHAKE_esk_opt.dir/sig_snova_SNOVA_24_5_4_SHAKE_esk.c.o
[ 92%] Building C object src/sig/uov/CMakeFiles/uov_ov_Ip_pkc_skc_avx2.dir/pqov_ov_Ip_pkc_skc_avx2/sign.c.o
[ 92%] Building C object src/sig/snova/CMakeFiles/snova_SNOVA_24_5_4_esk_avx2.dir/snova_SNOVA_24_5_4_esk_avx2/snova.c.o
[ 92%] Building C object src/sig/snova/CMakeFiles/snova_SNOVA_24_5_4_esk_opt.dir/snova_SNOVA_24_5_4_esk_opt/snova_common.c.o
[ 92%] Building C object src/sig/snova/CMakeFiles/snova_SNOVA_24_5_4_SHAKE_esk_opt.dir/snova_SNOVA_24_5_4_SHAKE_esk_opt/oqs_snova.c.o
[ 92%] Building C object src/sig/uov/CMakeFiles/uov_ov_Ip_pkc_skc_avx2.dir/pqov_ov_Ip_pkc_skc_avx2/utils_hash.c.o
[ 92%] Building C object src/sig/uov/CMakeFiles/uov_ov_Ip_pkc_skc_avx2.dir/pqov_ov_Ip_pkc_skc_avx2/utils_prng.c.o
[ 92%] Building C object src/sig/snova/CMakeFiles/snova_SNOVA_24_5_4_SHAKE_esk_opt.dir/snova_SNOVA_24_5_4_SHAKE_esk_opt/snova.c.o
[ 92%] Building C object src/sig/uov/CMakeFiles/uov_ov_Ip_pkc_skc_avx2.dir/pqov_ov_Ip_pkc_skc_avx2/utils_randombytes.c.o
[ 92%] Building C object src/sig/snova/CMakeFiles/snova_SNOVA_24_5_4_SHAKE_esk_opt.dir/snova_SNOVA_24_5_4_SHAKE_esk_opt/snova_aes.c.o
[ 92%] Built target uov_ov_Ip_pkc_skc_avx2
[ 92%] Building C object src/sig/snova/CMakeFiles/snova_SNOVA_24_5_4_SHAKE_avx2.dir/snova_SNOVA_24_5_4_SHAKE_avx2/snova_shake.c.o
[ 92%] Building C object src/sig/uov/CMakeFiles/uov_ov_V_pkc_skc_avx2.dir/pqov_ov_V_pkc_skc_avx2/sign.c.o
[ 93%] Building C object src/sig/snova/CMakeFiles/snova_SNOVA_24_5_4_esk_avx2.dir/snova_SNOVA_24_5_4_esk_avx2/snova_aes.c.o
[ 93%] Building C object src/sig/snova/CMakeFiles/snova_SNOVA_24_5_4_esk_opt.dir/snova_SNOVA_24_5_4_esk_opt/snova_shake.c.o
[ 93%] Building C object src/sig/snova/CMakeFiles/snova_SNOVA_24_5_4_SHAKE_esk_opt.dir/snova_SNOVA_24_5_4_SHAKE_esk_opt/snova_common.c.o
[ 94%] Building C object src/sig/snova/CMakeFiles/snova_SNOVA_24_5_4_SHAKE_esk_avx2.dir/snova_SNOVA_24_5_4_SHAKE_esk_avx2/oqs_snova.c.o
[ 94%] Building C object src/sig/snova/CMakeFiles/snova_SNOVA_24_5_4_SHAKE_esk_avx2.dir/snova_SNOVA_24_5_4_SHAKE_esk_avx2/snova.c.o
[ 94%] Building C object src/sig/uov/CMakeFiles/uov_ov_V_pkc_skc_avx2.dir/pqov_ov_V_pkc_skc_avx2/utils_hash.c.o
[ 94%] Building C object src/sig/snova/CMakeFiles/snova_SNOVA_37_17_2_opt.dir/sig_snova_SNOVA_37_17_2.c.o
[ 94%] Building C object src/sig/uov/CMakeFiles/uov_ov_V_pkc_skc_avx2.dir/pqov_ov_V_pkc_skc_avx2/utils_prng.c.o
[ 94%] Building C object src/sig/snova/CMakeFiles/snova_SNOVA_37_17_2_opt.dir/snova_SNOVA_37_17_2_opt/oqs_snova.c.o
[ 94%] Building C object src/sig/uov/CMakeFiles/uov_ov_V_pkc_skc_avx2.dir/pqov_ov_V_pkc_skc_avx2/utils_randombytes.c.o
[ 94%] Building C object src/sig/snova/CMakeFiles/snova_SNOVA_37_17_2_opt.dir/snova_SNOVA_37_17_2_opt/snova.c.o
[ 94%] Built target uov_ov_V_pkc_skc_avx2
[ 94%] Building C object src/sig/snova/CMakeFiles/snova_SNOVA_24_5_4_SHAKE_esk_avx2.dir/snova_SNOVA_24_5_4_SHAKE_esk_avx2/snova_aes.c.o
[ 94%] Building C object src/sig/snova/CMakeFiles/snova_SNOVA_24_5_4_esk_avx2.dir/snova_SNOVA_24_5_4_esk_avx2/snova_common.c.o
[ 95%] Building C object src/sig/snova/CMakeFiles/snova_SNOVA_37_17_2_avx2.dir/snova_SNOVA_37_17_2_avx2/oqs_snova.c.o
[ 95%] Building C object src/sig/snova/CMakeFiles/snova_SNOVA_37_17_2_avx2.dir/snova_SNOVA_37_17_2_avx2/snova.c.o
[ 95%] Built target snova_SNOVA_24_5_4_opt
[ 95%] Building C object src/sig/snova/CMakeFiles/snova_SNOVA_24_5_4_SHAKE_esk_avx2.dir/snova_SNOVA_24_5_4_SHAKE_esk_avx2/snova_common.c.o
[ 95%] Building C object src/sig/snova/CMakeFiles/snova_SNOVA_24_5_4_SHAKE_esk_opt.dir/snova_SNOVA_24_5_4_SHAKE_esk_opt/snova_shake.c.o
[ 95%] Building C object src/sig/snova/CMakeFiles/snova_SNOVA_37_17_2_opt.dir/snova_SNOVA_37_17_2_opt/snova_aes.c.o
[ 95%] Built target snova_SNOVA_24_5_4_avx2
[ 95%] Building C object src/sig/snova/CMakeFiles/snova_SNOVA_24_5_4_SHAKE_esk_avx2.dir/snova_SNOVA_24_5_4_SHAKE_esk_avx2/snova_shake.c.o
[ 95%] Building C object src/sig/snova/CMakeFiles/snova_SNOVA_37_17_2_avx2.dir/snova_SNOVA_37_17_2_avx2/snova_aes.c.o
[ 95%] Building C object src/sig/snova/CMakeFiles/snova_SNOVA_24_5_4_esk_avx2.dir/snova_SNOVA_24_5_4_esk_avx2/snova_shake.c.o
[ 95%] Building C object src/sig/snova/CMakeFiles/snova_SNOVA_37_17_2_opt.dir/snova_SNOVA_37_17_2_opt/snova_common.c.o
[ 95%] Building C object src/sig/snova/CMakeFiles/snova_SNOVA_25_8_3_opt.dir/sig_snova_SNOVA_25_8_3.c.o
[ 95%] Building C object src/sig/snova/CMakeFiles/snova_SNOVA_25_8_3_avx2.dir/snova_SNOVA_25_8_3_avx2/oqs_snova.c.o
[ 95%] Building C object src/sig/snova/CMakeFiles/snova_SNOVA_25_8_3_opt.dir/snova_SNOVA_25_8_3_opt/oqs_snova.c.o
[ 95%] Building C object src/sig/snova/CMakeFiles/snova_SNOVA_25_8_3_avx2.dir/snova_SNOVA_25_8_3_avx2/snova.c.o
[ 95%] Building C object src/sig/snova/CMakeFiles/snova_SNOVA_25_8_3_opt.dir/snova_SNOVA_25_8_3_opt/snova.c.o
[ 95%] Building C object src/sig/snova/CMakeFiles/snova_SNOVA_37_17_2_opt.dir/snova_SNOVA_37_17_2_opt/snova_shake.c.o
[ 95%] Built target snova_SNOVA_24_5_4_SHAKE_opt
[ 95%] Building C object src/sig/snova/CMakeFiles/snova_SNOVA_37_17_2_avx2.dir/snova_SNOVA_37_17_2_avx2/snova_shake.c.o
[ 95%] Built target snova_SNOVA_24_5_4_SHAKE_avx2
[ 95%] Building C object src/sig/snova/CMakeFiles/snova_SNOVA_37_17_2_avx2.dir/snova_SNOVA_37_17_2_avx2/snova_common.c.o
[ 95%] Built target snova_SNOVA_37_17_2_opt
[ 95%] Building C object src/sig/snova/CMakeFiles/snova_SNOVA_25_8_3_opt.dir/snova_SNOVA_25_8_3_opt/snova_aes.c.o
[ 95%] Building C object src/sig/snova/CMakeFiles/snova_SNOVA_56_25_2_opt.dir/sig_snova_SNOVA_56_25_2.c.o
[ 95%] Building C object src/sig/snova/CMakeFiles/snova_SNOVA_25_8_3_avx2.dir/snova_SNOVA_25_8_3_avx2/snova_aes.c.o
[ 95%] Built target snova_SNOVA_37_17_2_avx2
[ 95%] Building C object src/sig/snova/CMakeFiles/snova_SNOVA_25_8_3_opt.dir/snova_SNOVA_25_8_3_opt/snova_common.c.o
[ 95%] Building C object src/sig/snova/CMakeFiles/snova_SNOVA_56_25_2_avx2.dir/snova_SNOVA_56_25_2_avx2/oqs_snova.c.o
[ 95%] Building C object src/sig/snova/CMakeFiles/snova_SNOVA_56_25_2_opt.dir/snova_SNOVA_56_25_2_opt/oqs_snova.c.o
[ 95%] Building C object src/sig/snova/CMakeFiles/snova_SNOVA_56_25_2_avx2.dir/snova_SNOVA_56_25_2_avx2/snova.c.o
[ 95%] Building C object src/sig/snova/CMakeFiles/snova_SNOVA_56_25_2_opt.dir/snova_SNOVA_56_25_2_opt/snova.c.o
[ 95%] Building C object src/sig/snova/CMakeFiles/snova_SNOVA_56_25_2_opt.dir/snova_SNOVA_56_25_2_opt/snova_aes.c.o
[ 95%] Building C object src/sig/snova/CMakeFiles/snova_SNOVA_25_8_3_opt.dir/snova_SNOVA_25_8_3_opt/snova_shake.c.o
[ 95%] Building C object src/sig/snova/CMakeFiles/snova_SNOVA_49_11_3_opt.dir/sig_snova_SNOVA_49_11_3.c.o
[ 95%] Building C object src/sig/snova/CMakeFiles/snova_SNOVA_56_25_2_avx2.dir/snova_SNOVA_56_25_2_avx2/snova_aes.c.o
[ 95%] Building C object src/sig/snova/CMakeFiles/snova_SNOVA_25_8_3_avx2.dir/snova_SNOVA_25_8_3_avx2/snova_common.c.o
[ 95%] Building C object src/sig/snova/CMakeFiles/snova_SNOVA_49_11_3_opt.dir/snova_SNOVA_49_11_3_opt/oqs_snova.c.o
[ 95%] Built target snova_SNOVA_24_5_4_esk_avx2
[ 95%] Building C object src/sig/snova/CMakeFiles/snova_SNOVA_49_11_3_opt.dir/snova_SNOVA_49_11_3_opt/snova.c.o
[ 95%] Building C object src/sig/snova/CMakeFiles/snova_SNOVA_25_8_3_avx2.dir/snova_SNOVA_25_8_3_avx2/snova_shake.c.o
[ 95%] Building C object src/sig/snova/CMakeFiles/snova_SNOVA_56_25_2_opt.dir/snova_SNOVA_56_25_2_opt/snova_common.c.o
[ 95%] Building C object src/sig/snova/CMakeFiles/snova_SNOVA_56_25_2_avx2.dir/snova_SNOVA_56_25_2_avx2/snova_common.c.o
[ 95%] Built target snova_SNOVA_24_5_4_esk_opt
[ 95%] Building C object src/sig/snova/CMakeFiles/snova_SNOVA_49_11_3_avx2.dir/snova_SNOVA_49_11_3_avx2/oqs_snova.c.o
[ 95%] Building C object src/sig/snova/CMakeFiles/snova_SNOVA_56_25_2_opt.dir/snova_SNOVA_56_25_2_opt/snova_shake.c.o
[ 95%] Building C object src/sig/snova/CMakeFiles/snova_SNOVA_49_11_3_avx2.dir/snova_SNOVA_49_11_3_avx2/snova.c.o
[ 95%] Building C object src/sig/snova/CMakeFiles/snova_SNOVA_49_11_3_opt.dir/snova_SNOVA_49_11_3_opt/snova_aes.c.o
[ 95%] Building C object src/sig/snova/CMakeFiles/snova_SNOVA_49_11_3_opt.dir/snova_SNOVA_49_11_3_opt/snova_common.c.o
[ 95%] Building C object src/sig/snova/CMakeFiles/snova_SNOVA_49_11_3_opt.dir/snova_SNOVA_49_11_3_opt/snova_shake.c.o
[ 96%] Building C object src/sig/snova/CMakeFiles/snova_SNOVA_49_11_3_avx2.dir/snova_SNOVA_49_11_3_avx2/snova_aes.c.o
[ 96%] Building C object src/sig/snova/CMakeFiles/snova_SNOVA_37_8_4_opt.dir/sig_snova_SNOVA_37_8_4.c.o
[ 96%] Building C object src/sig/snova/CMakeFiles/snova_SNOVA_56_25_2_avx2.dir/snova_SNOVA_56_25_2_avx2/snova_shake.c.o
[ 96%] Building C object src/sig/snova/CMakeFiles/snova_SNOVA_37_8_4_opt.dir/snova_SNOVA_37_8_4_opt/oqs_snova.c.o
[ 96%] Building C object src/sig/snova/CMakeFiles/snova_SNOVA_37_8_4_opt.dir/snova_SNOVA_37_8_4_opt/snova.c.o
[ 96%] Building C object src/sig/snova/CMakeFiles/snova_SNOVA_49_11_3_avx2.dir/snova_SNOVA_49_11_3_avx2/snova_common.c.o
[ 96%] Building C object src/sig/snova/CMakeFiles/snova_SNOVA_37_8_4_avx2.dir/snova_SNOVA_37_8_4_avx2/oqs_snova.c.o
[ 96%] Building C object src/sig/snova/CMakeFiles/snova_SNOVA_37_8_4_avx2.dir/snova_SNOVA_37_8_4_avx2/snova.c.o
[ 96%] Built target snova_SNOVA_24_5_4_SHAKE_esk_avx2
[ 96%] Building C object src/sig/snova/CMakeFiles/snova_SNOVA_24_5_5_opt.dir/sig_snova_SNOVA_24_5_5.c.o
[ 96%] Built target snova_SNOVA_24_5_4_SHAKE_esk_opt
[ 96%] Building C object src/sig/snova/CMakeFiles/snova_SNOVA_24_5_5_avx2.dir/snova_SNOVA_24_5_5_avx2/oqs_snova.c.o
[ 96%] Building C object src/sig/snova/CMakeFiles/snova_SNOVA_24_5_5_opt.dir/snova_SNOVA_24_5_5_opt/oqs_snova.c.o
[ 96%] Building C object src/sig/snova/CMakeFiles/snova_SNOVA_24_5_5_avx2.dir/snova_SNOVA_24_5_5_avx2/snova.c.o
[ 96%] Building C object src/sig/snova/CMakeFiles/snova_SNOVA_24_5_5_opt.dir/snova_SNOVA_24_5_5_opt/snova.c.o
[ 96%] Built target snova_SNOVA_56_25_2_avx2
[ 96%] Building C object src/sig/snova/CMakeFiles/snova_SNOVA_37_8_4_opt.dir/snova_SNOVA_37_8_4_opt/snova_aes.c.o
[ 96%] Building C object src/sig/snova/CMakeFiles/snova_SNOVA_49_11_3_avx2.dir/snova_SNOVA_49_11_3_avx2/snova_shake.c.o
[ 96%] Building C object src/sig/snova/CMakeFiles/snova_SNOVA_24_5_5_avx2.dir/snova_SNOVA_24_5_5_avx2/snova_aes.c.o
[ 96%] Building C object src/sig/snova/CMakeFiles/snova_SNOVA_37_8_4_avx2.dir/snova_SNOVA_37_8_4_avx2/snova_aes.c.o
[ 96%] Building C object src/sig/snova/CMakeFiles/snova_SNOVA_37_8_4_opt.dir/snova_SNOVA_37_8_4_opt/snova_common.c.o
[ 96%] Building C object src/sig/snova/CMakeFiles/snova_SNOVA_24_5_5_avx2.dir/snova_SNOVA_24_5_5_avx2/snova_common.c.o
[ 96%] Built target snova_SNOVA_56_25_2_opt
[ 96%] Building C object src/sig/snova/CMakeFiles/snova_SNOVA_60_10_4_opt.dir/sig_snova_SNOVA_60_10_4.c.o
[ 96%] Building C object src/sig/snova/CMakeFiles/snova_SNOVA_60_10_4_opt.dir/snova_SNOVA_60_10_4_opt/oqs_snova.c.o
[ 96%] Building C object src/sig/snova/CMakeFiles/snova_SNOVA_24_5_5_avx2.dir/snova_SNOVA_24_5_5_avx2/snova_shake.c.o
[ 96%] Building C object src/sig/snova/CMakeFiles/snova_SNOVA_60_10_4_opt.dir/snova_SNOVA_60_10_4_opt/snova.c.o
[ 96%] Building C object src/sig/snova/CMakeFiles/snova_SNOVA_24_5_5_opt.dir/snova_SNOVA_24_5_5_opt/snova_aes.c.o
[ 96%] Built target snova_SNOVA_25_8_3_avx2
[ 97%] Building C object src/sig/snova/CMakeFiles/snova_SNOVA_24_5_5_opt.dir/snova_SNOVA_24_5_5_opt/snova_common.c.o
[ 97%] Building C object src/sig/snova/CMakeFiles/snova_SNOVA_37_8_4_avx2.dir/snova_SNOVA_37_8_4_avx2/snova_common.c.o
[ 97%] Building C object src/sig/snova/CMakeFiles/snova_SNOVA_60_10_4_opt.dir/snova_SNOVA_60_10_4_opt/snova_aes.c.o
[ 97%] Building C object src/sig/snova/CMakeFiles/snova_SNOVA_24_5_5_opt.dir/snova_SNOVA_24_5_5_opt/snova_shake.c.o
[ 97%] Building C object src/sig/snova/CMakeFiles/snova_SNOVA_37_8_4_opt.dir/snova_SNOVA_37_8_4_opt/snova_shake.c.o
[ 97%] Building C object src/sig/snova/CMakeFiles/snova_SNOVA_60_10_4_opt.dir/snova_SNOVA_60_10_4_opt/snova_common.c.o
[ 97%] Building C object src/sig/snova/CMakeFiles/snova_SNOVA_60_10_4_avx2.dir/snova_SNOVA_60_10_4_avx2/oqs_snova.c.o
[ 97%] Building C object src/sig/snova/CMakeFiles/snova_SNOVA_60_10_4_avx2.dir/snova_SNOVA_60_10_4_avx2/snova.c.o
[ 97%] Building C object src/sig/snova/CMakeFiles/snova_SNOVA_29_6_5_opt.dir/sig_snova_SNOVA_29_6_5.c.o
[ 97%] Building C object src/sig/snova/CMakeFiles/snova_SNOVA_29_6_5_opt.dir/snova_SNOVA_29_6_5_opt/oqs_snova.c.o
[ 97%] Building C object src/sig/snova/CMakeFiles/snova_SNOVA_29_6_5_opt.dir/snova_SNOVA_29_6_5_opt/snova.c.o
[ 97%] Built target snova_SNOVA_25_8_3_opt
[ 97%] Building C object src/sig/snova/CMakeFiles/snova_SNOVA_37_8_4_avx2.dir/snova_SNOVA_37_8_4_avx2/snova_shake.c.o
[ 97%] Building C object src/sig/snova/CMakeFiles/snova_SNOVA_60_10_4_avx2.dir/snova_SNOVA_60_10_4_avx2/snova_aes.c.o
[ 97%] Building C object src/sig/snova/CMakeFiles/snova_SNOVA_29_6_5_avx2.dir/snova_SNOVA_29_6_5_avx2/oqs_snova.c.o
[ 97%] Building C object src/sig/snova/CMakeFiles/snova_SNOVA_29_6_5_avx2.dir/snova_SNOVA_29_6_5_avx2/snova.c.o
[ 97%] Built target snova_SNOVA_49_11_3_avx2
[ 97%] Building C object src/sig/snova/CMakeFiles/snova_SNOVA_29_6_5_avx2.dir/snova_SNOVA_29_6_5_avx2/snova_aes.c.o
[ 97%] Building C object src/sig/snova/CMakeFiles/snova_SNOVA_60_10_4_opt.dir/snova_SNOVA_60_10_4_opt/snova_shake.c.o
[ 97%] Building C object src/sig/snova/CMakeFiles/snova_SNOVA_60_10_4_avx2.dir/snova_SNOVA_60_10_4_avx2/snova_common.c.o
[ 97%] Building C object src/sig/snova/CMakeFiles/snova_SNOVA_29_6_5_opt.dir/snova_SNOVA_29_6_5_opt/snova_aes.c.o
[ 97%] Building C object src/sig/snova/CMakeFiles/snova_SNOVA_29_6_5_opt.dir/snova_SNOVA_29_6_5_opt/snova_common.c.o
[ 97%] Building C object src/sig/snova/CMakeFiles/snova_SNOVA_29_6_5_opt.dir/snova_SNOVA_29_6_5_opt/snova_shake.c.o
[ 98%] Building C object src/sig/snova/CMakeFiles/snova_SNOVA_60_10_4_avx2.dir/snova_SNOVA_60_10_4_avx2/snova_shake.c.o
[ 98%] Building C object src/sig/snova/CMakeFiles/snova_SNOVA_29_6_5_avx2.dir/snova_SNOVA_29_6_5_avx2/snova_common.c.o
[ 98%] Built target snova_SNOVA_49_11_3_opt
[ 98%] Building C object src/sig/snova/CMakeFiles/snova_SNOVA_29_6_5_avx2.dir/snova_SNOVA_29_6_5_avx2/snova_shake.c.o
[ 98%] Building C object src/common/CMakeFiles/internal.dir/aes/aes_impl.c.o
[ 98%] Building C object src/common/CMakeFiles/internal.dir/aes/aes_c.c.o
[ 98%] Building C object src/common/CMakeFiles/internal.dir/aes/aes128_ni.c.o
[ 98%] Building C object src/common/CMakeFiles/internal.dir/aes/aes256_ni.c.o
[ 98%] Building C object src/common/CMakeFiles/internal.dir/aes/aes.c.o
[ 98%] Building C object src/common/CMakeFiles/internal.dir/sha2/sha2_ossl.c.o
[ 98%] Building C object src/common/CMakeFiles/internal.dir/sha2/sha2.c.o
[ 98%] Building C object src/common/CMakeFiles/internal.dir/sha3/xkcp_sha3.c.o
[ 98%] Building C object src/common/CMakeFiles/internal.dir/sha3/xkcp_sha3x4.c.o
[ 98%] Building C object src/common/CMakeFiles/internal.dir/sha3/avx512vl_sha3.c.o
[ 98%] Building C object src/common/CMakeFiles/internal.dir/sha3/avx512vl_sha3x4.c.o
[ 98%] Building C object src/common/CMakeFiles/internal.dir/sha3/sha3.c.o
[ 98%] Built target snova_SNOVA_37_8_4_opt
[ 98%] Building C object src/common/CMakeFiles/internal.dir/sha3/sha3x4.c.o
[ 98%] Building C object src/common/CMakeFiles/internal.dir/ossl_helpers.c.o
[ 98%] Building C object src/common/CMakeFiles/internal.dir/common.c.o
[ 98%] Building C object src/common/CMakeFiles/internal.dir/rand/rand_nist.c.o
[ 98%] Built target internal
[ 98%] Linking C static library ../lib/liboqs-internal.a
[ 98%] Built target oqs-internal
[ 98%] Built target snova_SNOVA_24_5_5_avx2
[ 98%] Built target snova_SNOVA_60_10_4_opt
[ 98%] Built target snova_SNOVA_24_5_5_opt
[ 98%] Built target snova_SNOVA_29_6_5_avx2
[ 98%] Built target snova_SNOVA_37_8_4_avx2
[ 98%] Built target snova_SNOVA_60_10_4_avx2
[ 98%] Built target snova_SNOVA_29_6_5_opt
[ 98%] Building C object src/CMakeFiles/oqs.dir/sig/sig.c.o
[ 98%] Building C object src/CMakeFiles/oqs.dir/kem/kem.c.o
[ 98%] Building C object src/CMakeFiles/oqs.dir/sig_stfl/sig_stfl.c.o
[ 98%] Linking C shared library ../lib/liboqs.so
[ 98%] Built target oqs
[ 98%] Building C object tests/CMakeFiles/test_hash.dir/test_hash.c.o
[ 99%] Building C object tests/CMakeFiles/kat_kem.dir/kat_kem.c.o
[ 99%] Building C object tests/CMakeFiles/test_aes.dir/test_aes.c.o
[ 99%] Building C object tests/CMakeFiles/example_kem.dir/example_kem.c.o
[ 99%] Building C object tests/CMakeFiles/test_kem.dir/test_kem.c.o
[ 99%] Building C object tests/CMakeFiles/speed_kem.dir/speed_kem.c.o
[ 99%] Building C object tests/CMakeFiles/test_sha3.dir/test_sha3.c.o
[ 99%] Building C object tests/CMakeFiles/example_sig.dir/example_sig.c.o
[ 99%] Building C object tests/CMakeFiles/test_kem_mem.dir/test_kem_mem.c.o
[ 99%] Building C object tests/CMakeFiles/speed_common.dir/speed_common.c.o
[ 99%] Linking C executable example_kem
[ 99%] Linking C executable example_sig
[ 99%] Building C object tests/CMakeFiles/kat_kem.dir/test_helpers.c.o
[ 99%] Linking C executable test_hash
[ 99%] Building C object tests/CMakeFiles/test_kem_mem.dir/test_helpers.c.o
[ 99%] Linking C executable speed_kem
[ 99%] Building C object tests/CMakeFiles/test_kem.dir/test_helpers.c.o
[ 99%] Built target example_kem
[ 99%] Linking C executable test_aes
[ 99%] Built target example_sig
[ 99%] Building C object tests/CMakeFiles/example_sig_stfl.dir/example_sig_stfl.c.o
[ 99%] Building C object tests/CMakeFiles/kat_sig.dir/kat_sig.c.o
[ 99%] Built target test_hash
[ 99%] Linking C executable kat_kem
[ 99%] Linking C executable test_kem_mem
[ 99%] Built target speed_kem
[ 99%] Linking C executable test_sha3
[ 99%] Building C object tests/CMakeFiles/kat_sig_stfl.dir/kat_sig_stfl.c.o
[ 99%] Building C object tests/CMakeFiles/test_sig.dir/test_sig.c.o
[ 99%] Linking C executable test_kem
[ 99%] Linking C executable example_sig_stfl
[ 99%] Built target test_aes
[ 99%] Building C object tests/CMakeFiles/test_sig.dir/test_helpers.c.o
[ 99%] Linking C executable speed_common
[ 99%] Built target test_kem_mem
[ 99%] Building C object tests/CMakeFiles/kat_sig_stfl.dir/test_helpers.c.o
[ 99%] Built target test_sha3
[ 99%] Built target kat_kem
[ 99%] Built target test_kem
[ 99%] Building C object tests/CMakeFiles/kat_sig.dir/test_helpers.c.o
[ 99%] Building C object tests/CMakeFiles/test_sig_mem.dir/test_sig_mem.c.o
[ 99%] Built target example_sig_stfl
[ 99%] Building C object tests/CMakeFiles/speed_sig.dir/speed_sig.c.o
[ 99%] Building C object tests/CMakeFiles/test_sig_stfl.dir/test_sig_stfl.c.o
[ 99%] Linking C executable test_sig
[ 99%] Built target speed_common
[ 99%] Building C object tests/CMakeFiles/speed_sig_stfl.dir/speed_sig_stfl.c.o
[ 99%] Building C object tests/CMakeFiles/dump_alg_info.dir/dump_alg_info.c.o
[ 99%] Building C object tests/CMakeFiles/vectors_sig.dir/vectors_sig.c.o
[ 99%] Building C object tests/CMakeFiles/vectors_kem.dir/vectors_kem.c.o
[ 99%] Linking C executable kat_sig_stfl
[ 99%] Linking C executable kat_sig
[ 99%] Linking C executable test_sig_mem
[ 99%] Linking C executable dump_alg_info
[ 99%] Built target test_sig
[100%] Building C object tests/CMakeFiles/test_sig_stfl.dir/test_helpers.c.o
[100%] Linking C executable speed_sig
[100%] Built target kat_sig_stfl
[100%] Built target test_sig_mem
[100%] Built target dump_alg_info
[100%] Linking C executable speed_sig_stfl
[100%] Linking C executable vectors_kem
[100%] Built target kat_sig
[100%] Linking C executable vectors_sig
[100%] Built target speed_sig
[100%] Linking C executable test_sig_stfl
[100%] Built target speed_sig_stfl
[100%] Built target vectors_kem
[100%] Built target vectors_sig
[100%] Built target test_sig_stfl
[  7%] Built target slh_dsa_c
[  8%] Built target common
[  8%] Built target xkcp_low_keccakp_1600_plain64
[  9%] Built target xkcp_low_keccakp_1600times4_serial
[  9%] Built target xkcp_low_keccakp_1600_avx2
[  9%] Built target xkcp_low_keccakp_1600times4_avx2
[  9%] Built target sha3_avx512vl_low
[  9%] Built target kem_bike
[  9%] Built target bike_l1
[ 10%] Built target bike_l3
[ 11%] Built target bike_l5
[ 12%] Built target frodokem
[ 12%] Built target frodokem_avx2
[ 13%] Built target ntruprime_sntrup761_clean
[ 14%] Built target ntruprime_sntrup761_avx2
[ 15%] Built target ntru_hps2048509_clean
[ 16%] Built target ntru_hps2048509_avx2
[ 16%] Built target ntru_hps2048677_clean
[ 17%] Built target ntru_hps2048677_avx2
[ 18%] Built target ntru_hps4096821_clean
[ 19%] Built target ntru_hps4096821_avx2
[ 20%] Built target ntru_hps40961229_clean
[ 21%] Built target ntru_hrss701_clean
[ 22%] Built target ntru_hrss701_avx2
[ 22%] Built target ntru_hrss1373_clean
[ 22%] Built target classic_mceliece_348864_clean
[ 24%] Built target classic_mceliece_348864_avx2
[ 24%] Built target classic_mceliece_348864f_clean
[ 26%] Built target classic_mceliece_348864f_avx2
[ 27%] Built target classic_mceliece_460896_clean
[ 29%] Built target classic_mceliece_460896_avx2
[ 30%] Built target classic_mceliece_460896f_clean
[ 31%] Built target classic_mceliece_460896f_avx2
[ 32%] Built target classic_mceliece_6688128_clean
[ 33%] Built target classic_mceliece_6688128_avx2
[ 34%] Built target classic_mceliece_6688128f_clean
[ 35%] Built target classic_mceliece_6688128f_avx2
[ 36%] Built target classic_mceliece_6960119_clean
[ 37%] Built target classic_mceliece_6960119_avx2
[ 38%] Built target classic_mceliece_6960119f_clean
[ 39%] Built target classic_mceliece_6960119f_avx2
[ 40%] Built target classic_mceliece_8192128_clean
[ 41%] Built target classic_mceliece_8192128_avx2
[ 42%] Built target classic_mceliece_8192128f_clean
[ 43%] Built target classic_mceliece_8192128f_avx2
[ 44%] Built target kyber_512_ref
[ 44%] Built target kyber_512_avx2
[ 45%] Built target kyber_768_ref
[ 45%] Built target kyber_768_avx2
[ 46%] Built target kyber_1024_ref
[ 46%] Built target kyber_1024_avx2
[ 47%] Built target ml_kem_512_ref
[ 48%] Built target ml_kem_512_x86_64
[ 48%] Built target ml_kem_768_ref
[ 49%] Built target ml_kem_768_x86_64
[ 49%] Built target ml_kem_1024_ref
[ 50%] Built target ml_kem_1024_x86_64
[ 50%] Built target ml_dsa_44_ref
[ 51%] Built target ml_dsa_44_avx2
[ 51%] Built target ml_dsa_65_ref
[ 52%] Built target ml_dsa_65_avx2
[ 52%] Built target ml_dsa_87_ref
[ 53%] Built target ml_dsa_87_avx2
[ 53%] Built target falcon_512_clean
[ 53%] Built target falcon_512_avx2
[ 54%] Built target falcon_1024_clean
[ 54%] Built target falcon_1024_avx2
[ 54%] Built target falcon_padded_512_clean
[ 55%] Built target falcon_padded_512_avx2
[ 55%] Built target falcon_padded_1024_clean
[ 56%] Built target falcon_padded_1024_avx2
[ 56%] Built target sphincs_sha2_128f_simple_clean
[ 57%] Built target sphincs_sha2_128f_simple_avx2
[ 57%] Built target sphincs_sha2_128s_simple_clean
[ 58%] Built target sphincs_sha2_128s_simple_avx2
[ 58%] Built target sphincs_sha2_192f_simple_clean
[ 59%] Built target sphincs_sha2_192f_simple_avx2
[ 59%] Built target sphincs_sha2_192s_simple_clean
[ 60%] Built target sphincs_sha2_192s_simple_avx2
[ 61%] Built target sphincs_sha2_256f_simple_clean
[ 62%] Built target sphincs_sha2_256f_simple_avx2
[ 63%] Built target sphincs_sha2_256s_simple_clean
[ 63%] Built target sphincs_sha2_256s_simple_avx2
[ 64%] Built target sphincs_shake_128f_simple_clean
[ 64%] Built target sphincs_shake_128f_simple_avx2
[ 65%] Built target sphincs_shake_128s_simple_clean
[ 65%] Built target sphincs_shake_128s_simple_avx2
[ 66%] Built target sphincs_shake_192f_simple_clean
[ 66%] Built target sphincs_shake_192f_simple_avx2
[ 67%] Built target sphincs_shake_192s_simple_clean
[ 67%] Built target sphincs_shake_192s_simple_avx2
[ 68%] Built target sphincs_shake_256f_simple_clean
[ 68%] Built target sphincs_shake_256f_simple_avx2
[ 69%] Built target sphincs_shake_256s_simple_clean
[ 69%] Built target sphincs_shake_256s_simple_avx2
[ 69%] Built target mayo_1_opt
[ 69%] Built target mayo_1_avx2
[ 70%] Built target mayo_2_opt
[ 70%] Built target mayo_2_avx2
[ 70%] Built target mayo_3_opt
[ 70%] Built target mayo_3_avx2
[ 70%] Built target mayo_5_opt
[ 70%] Built target mayo_5_avx2
[ 70%] Built target cross_rsdp_128_balanced_clean
[ 70%] Built target cross_rsdp_128_balanced_avx2
[ 70%] Built target cross_rsdp_128_fast_clean
[ 71%] Built target cross_rsdp_128_fast_avx2
[ 71%] Built target cross_rsdp_128_small_clean
[ 71%] Built target cross_rsdp_128_small_avx2
[ 71%] Built target cross_rsdp_192_balanced_clean
[ 72%] Built target cross_rsdp_192_balanced_avx2
[ 73%] Built target cross_rsdp_192_fast_clean
[ 73%] Built target cross_rsdp_192_fast_avx2
[ 73%] Built target cross_rsdp_192_small_clean
[ 73%] Built target cross_rsdp_192_small_avx2
[ 74%] Built target cross_rsdp_256_balanced_clean
[ 74%] Built target cross_rsdp_256_balanced_avx2
[ 74%] Built target cross_rsdp_256_fast_clean
[ 74%] Built target cross_rsdp_256_fast_avx2
[ 75%] Built target cross_rsdp_256_small_clean
[ 75%] Built target cross_rsdp_256_small_avx2
[ 75%] Built target cross_rsdpg_128_balanced_clean
[ 75%] Built target cross_rsdpg_128_balanced_avx2
[ 76%] Built target cross_rsdpg_128_fast_clean
[ 76%] Built target cross_rsdpg_128_fast_avx2
[ 76%] Built target cross_rsdpg_128_small_clean
[ 76%] Built target cross_rsdpg_128_small_avx2
[ 76%] Built target cross_rsdpg_192_balanced_clean
[ 77%] Built target cross_rsdpg_192_balanced_avx2
[ 77%] Built target cross_rsdpg_192_fast_clean
[ 77%] Built target cross_rsdpg_192_fast_avx2
[ 77%] Built target cross_rsdpg_192_small_clean
[ 78%] Built target cross_rsdpg_192_small_avx2
[ 78%] Built target cross_rsdpg_256_balanced_clean
[ 78%] Built target cross_rsdpg_256_balanced_avx2
[ 78%] Built target cross_rsdpg_256_fast_clean
[ 79%] Built target cross_rsdpg_256_fast_avx2
[ 80%] Built target cross_rsdpg_256_small_clean
[ 80%] Built target cross_rsdpg_256_small_avx2
[ 80%] Built target uov_ov_Is_ref
[ 80%] Built target uov_ov_Is_avx2
[ 81%] Built target uov_ov_Ip_ref
[ 81%] Built target uov_ov_Ip_avx2
[ 82%] Built target uov_ov_III_ref
[ 82%] Built target uov_ov_III_avx2
[ 82%] Built target uov_ov_V_ref
[ 83%] Built target uov_ov_V_avx2
[ 83%] Built target uov_ov_Is_pkc_ref
[ 84%] Built target uov_ov_Is_pkc_avx2
[ 84%] Built target uov_ov_Ip_pkc_ref
[ 85%] Built target uov_ov_Ip_pkc_avx2
[ 85%] Built target uov_ov_III_pkc_ref
[ 86%] Built target uov_ov_III_pkc_avx2
[ 87%] Built target uov_ov_V_pkc_ref
[ 87%] Built target uov_ov_V_pkc_avx2
[ 88%] Built target uov_ov_Is_pkc_skc_ref
[ 89%] Built target uov_ov_Is_pkc_skc_avx2
[ 89%] Built target uov_ov_Ip_pkc_skc_ref
[ 90%] Built target uov_ov_Ip_pkc_skc_avx2
[ 90%] Built target uov_ov_III_pkc_skc_ref
[ 91%] Built target uov_ov_III_pkc_skc_avx2
[ 92%] Built target uov_ov_V_pkc_skc_ref
[ 92%] Built target uov_ov_V_pkc_skc_avx2
[ 92%] Built target snova_SNOVA_24_5_4_opt
[ 92%] Built target snova_SNOVA_24_5_4_avx2
[ 92%] Built target snova_SNOVA_24_5_4_SHAKE_opt
[ 92%] Built target snova_SNOVA_24_5_4_SHAKE_avx2
[ 92%] Built target snova_SNOVA_24_5_4_esk_opt
[ 93%] Built target snova_SNOVA_24_5_4_esk_avx2
[ 93%] Built target snova_SNOVA_24_5_4_SHAKE_esk_opt
[ 94%] Built target snova_SNOVA_24_5_4_SHAKE_esk_avx2
[ 94%] Built target snova_SNOVA_37_17_2_opt
[ 95%] Built target snova_SNOVA_37_17_2_avx2
[ 95%] Built target snova_SNOVA_25_8_3_opt
[ 95%] Built target snova_SNOVA_25_8_3_avx2
[ 95%] Built target snova_SNOVA_56_25_2_opt
[ 95%] Built target snova_SNOVA_56_25_2_avx2
[ 95%] Built target snova_SNOVA_49_11_3_opt
[ 96%] Built target snova_SNOVA_49_11_3_avx2
[ 96%] Built target snova_SNOVA_37_8_4_opt
[ 96%] Built target snova_SNOVA_37_8_4_avx2
[ 97%] Built target snova_SNOVA_24_5_5_opt
[ 97%] Built target snova_SNOVA_24_5_5_avx2
[ 97%] Built target snova_SNOVA_60_10_4_opt
[ 98%] Built target snova_SNOVA_60_10_4_avx2
[ 98%] Built target snova_SNOVA_29_6_5_opt
[ 98%] Built target snova_SNOVA_29_6_5_avx2
[ 98%] Built target oqs
[ 98%] Built target internal
[ 98%] Built target oqs-internal
[ 98%] Built target test_aes
[ 98%] Built target test_hash
[ 98%] Built target test_sha3
[ 98%] Built target speed_common
[ 98%] Built target example_kem
[ 99%] Built target kat_kem
[ 99%] Built target test_kem
[ 99%] Built target test_kem_mem
[ 99%] Built target speed_kem
[ 99%] Built target example_sig
[ 99%] Built target example_sig_stfl
[ 99%] Built target kat_sig
[ 99%] Built target kat_sig_stfl
[ 99%] Built target test_sig
[ 99%] Built target test_sig_mem
[ 99%] Built target speed_sig
[100%] Built target test_sig_stfl
[100%] Built target speed_sig_stfl
[100%] Built target dump_alg_info
[100%] Built target vectors_sig
[100%] Built target vectors_kem
Install the project...
-- Install configuration: "Release"
-- Installing: /usr/local/lib/cmake/liboqs/liboqsConfig.cmake
-- Installing: /usr/local/lib/cmake/liboqs/liboqsConfigVersion.cmake
-- Installing: /usr/local/lib/pkgconfig/liboqs.pc
-- Installing: /usr/local/lib/liboqs.so.0.15.0
-- Installing: /usr/local/lib/liboqs.so.9
-- Installing: /usr/local/lib/liboqs.so
-- Installing: /usr/local/lib/cmake/liboqs/liboqsTargets.cmake
-- Installing: /usr/local/lib/cmake/liboqs/liboqsTargets-release.cmake
-- Installing: /usr/local/include/oqs/oqs.h
-- Installing: /usr/local/include/oqs/aes_ops.h
-- Installing: /usr/local/include/oqs/common.h
-- Installing: /usr/local/include/oqs/rand.h
-- Installing: /usr/local/include/oqs/sha2_ops.h
-- Installing: /usr/local/include/oqs/sha3_ops.h
-- Installing: /usr/local/include/oqs/sha3x4_ops.h
-- Installing: /usr/local/include/oqs/kem.h
-- Installing: /usr/local/include/oqs/sig.h
-- Installing: /usr/local/include/oqs/sig_stfl.h
-- Installing: /usr/local/include/oqs/kem_bike.h
-- Installing: /usr/local/include/oqs/kem_frodokem.h
-- Installing: /usr/local/include/oqs/kem_ntruprime.h
-- Installing: /usr/local/include/oqs/kem_ntru.h
-- Installing: /usr/local/include/oqs/kem_classic_mceliece.h
-- Installing: /usr/local/include/oqs/kem_kyber.h
-- Installing: /usr/local/include/oqs/kem_ml_kem.h
-- Installing: /usr/local/include/oqs/sig_ml_dsa.h
-- Installing: /usr/local/include/oqs/sig_falcon.h
-- Installing: /usr/local/include/oqs/sig_sphincs.h
-- Installing: /usr/local/include/oqs/sig_mayo.h
-- Installing: /usr/local/include/oqs/sig_cross.h
-- Installing: /usr/local/include/oqs/sig_uov.h
-- Installing: /usr/local/include/oqs/sig_snova.h
-- Installing: /usr/local/include/oqs/sig_slh_dsa.h
-- Installing: /usr/local/include/oqs/oqsconfig.h
[setup] 2025-12-12T23:24:34Z Install liboqs-python (oqs module) + verify mechanisms
Collecting liboqs-python
  Downloading liboqs_python-0.14.1-py3-none-any.whl.metadata (11 kB)
Downloading liboqs_python-0.14.1-py3-none-any.whl (15 kB)
Installing collected packages: liboqs-python
Successfully installed liboqs-python-0.14.1
/root/animica/.venv/lib/python3.12/site-packages/oqs/__init__.py:1: UserWarning: liboqs version (major, minor) 0.15.0 differs from liboqs-python version 0.14.1
  from oqs.oqs import (
enabled_sig_mechanisms_count= 221
has_dilithium= False
[setup] 2025-12-12T23:24:36Z liboqs-python OK (sign mechanisms present)
[setup] 2025-12-12T23:24:36Z Install local pq package (editable)
Obtaining file:///root/animica/pq
  Installing build dependencies: started
  Installing build dependencies: finished with status 'done'
  Checking if build backend supports build_editable: started
  Checking if build backend supports build_editable: finished with status 'done'
  Getting requirements to build editable: started
  Getting requirements to build editable: finished with status 'done'
  Preparing editable metadata (pyproject.toml): started
  Preparing editable metadata (pyproject.toml): finished with status 'done'
Building wheels for collected packages: animica-pq
  Building editable for animica-pq (pyproject.toml): started
  Building editable for animica-pq (pyproject.toml): finished with status 'done'
  Created wheel for animica-pq: filename=animica_pq-0.1.0-0.editable-py3-none-any.whl size=8410 sha256=39da32cef32990c31ae2c22eac25eb73898d7dc606b4b4a1b26969da1c7c5d68
  Stored in directory: /tmp/pip-ephem-wheel-cache-afg965zo/wheels/51/34/2a/a7831d3f09dcbab4ce2ba0ad5c93159497a72f0c35c7444d05
Successfully built animica-pq
Installing collected packages: animica-pq
Successfully installed animica-pq-0.1.0
[setup] 2025-12-12T23:24:39Z Install animica (editable, no-deps) from ./python
Obtaining file:///root/animica/python
  Installing build dependencies: started
  Installing build dependencies: finished with status 'done'
  Checking if build backend supports build_editable: started
  Checking if build backend supports build_editable: finished with status 'done'
  Getting requirements to build editable: started
  Getting requirements to build editable: finished with status 'done'
  Installing backend dependencies: started
  Installing backend dependencies: finished with status 'done'
  Preparing editable metadata (pyproject.toml): started
  Preparing editable metadata (pyproject.toml): finished with status 'done'
Building wheels for collected packages: animica
  Building editable for animica (pyproject.toml): started
  Building editable for animica (pyproject.toml): finished with status 'done'
  Created wheel for animica: filename=animica-0.1.0-py3-none-any.whl size=1720 sha256=2dd13c6cc5cc9f727ae573146d0dd9b69bfd92a18e24ccc98ee39f538b98dcc1
  Stored in directory: /tmp/pip-ephem-wheel-cache-zok87gm5/wheels/c2/59/8d/7b899d15b765935b52481f681f3bdf8955280ba61d8cac698e
Successfully built animica
Installing collected packages: animica
Successfully installed animica-0.1.0
[setup] 2025-12-12T23:24:43Z Resolve Python deps from python/pyproject.toml (excluding omni-sdk) extras=dev,stratum
[setup] 2025-12-12T23:24:43Z pip install 12 requirements
Collecting typer>=0.12.3
  Using cached typer-0.20.0-py3-none-any.whl.metadata (16 kB)
Collecting rich>=13.7.0
  Using cached rich-14.2.0-py3-none-any.whl.metadata (18 kB)
Collecting httpx>=0.27.0
  Using cached httpx-0.28.1-py3-none-any.whl.metadata (7.1 kB)
Collecting pydantic>=2.7.0
  Using cached pydantic-2.12.5-py3-none-any.whl.metadata (90 kB)
Collecting pyyaml>=6.0.1
  Using cached pyyaml-6.0.3-cp312-cp312-manylinux2014_x86_64.manylinux_2_17_x86_64.manylinux_2_28_x86_64.whl.metadata (2.4 kB)
Collecting cbor2>=5.6.0
  Using cached cbor2-5.7.1-cp312-cp312-manylinux2014_x86_64.manylinux_2_17_x86_64.manylinux_2_28_x86_64.whl.metadata (5.4 kB)
Requirement already satisfied: animica-pq>=0.1.0 in ./.venv/lib/python3.12/site-packages (0.1.0)
Collecting pytest>=7.0
  Using cached pytest-9.0.2-py3-none-any.whl.metadata (7.6 kB)
Collecting pytest-asyncio>=0.23
  Using cached pytest_asyncio-1.3.0-py3-none-any.whl.metadata (4.1 kB)
Collecting ruff>=0.4
  Using cached ruff-0.14.9-py3-none-manylinux_2_17_x86_64.manylinux2014_x86_64.whl.metadata (25 kB)
Collecting mypy>=1.9
  Using cached mypy-1.19.0-cp312-cp312-manylinux2014_x86_64.manylinux_2_17_x86_64.manylinux_2_28_x86_64.whl.metadata (2.2 kB)
Collecting requests>=2.31.0
  Using cached requests-2.32.5-py3-none-any.whl.metadata (4.9 kB)
Collecting click>=8.0.0 (from typer>=0.12.3)
  Using cached click-8.3.1-py3-none-any.whl.metadata (2.6 kB)
Collecting typing-extensions>=3.7.4.3 (from typer>=0.12.3)
  Using cached typing_extensions-4.15.0-py3-none-any.whl.metadata (3.3 kB)
Collecting shellingham>=1.3.0 (from typer>=0.12.3)
  Using cached shellingham-1.5.4-py2.py3-none-any.whl.metadata (3.5 kB)
Collecting markdown-it-py>=2.2.0 (from rich>=13.7.0)
  Using cached markdown_it_py-4.0.0-py3-none-any.whl.metadata (7.3 kB)
Collecting pygments<3.0.0,>=2.13.0 (from rich>=13.7.0)
  Using cached pygments-2.19.2-py3-none-any.whl.metadata (2.5 kB)
Collecting anyio (from httpx>=0.27.0)
  Using cached anyio-4.12.0-py3-none-any.whl.metadata (4.3 kB)
Collecting certifi (from httpx>=0.27.0)
  Using cached certifi-2025.11.12-py3-none-any.whl.metadata (2.5 kB)
Collecting httpcore==1.* (from httpx>=0.27.0)
  Using cached httpcore-1.0.9-py3-none-any.whl.metadata (21 kB)
Collecting idna (from httpx>=0.27.0)
  Using cached idna-3.11-py3-none-any.whl.metadata (8.4 kB)
Collecting h11>=0.16 (from httpcore==1.*->httpx>=0.27.0)
  Using cached h11-0.16.0-py3-none-any.whl.metadata (8.3 kB)
Collecting annotated-types>=0.6.0 (from pydantic>=2.7.0)
  Using cached annotated_types-0.7.0-py3-none-any.whl.metadata (15 kB)
Collecting pydantic-core==2.41.5 (from pydantic>=2.7.0)
  Using cached pydantic_core-2.41.5-cp312-cp312-manylinux_2_17_x86_64.manylinux2014_x86_64.whl.metadata (7.3 kB)
Collecting typing-inspection>=0.4.2 (from pydantic>=2.7.0)
  Using cached typing_inspection-0.4.2-py3-none-any.whl.metadata (2.6 kB)
Collecting iniconfig>=1.0.1 (from pytest>=7.0)
  Using cached iniconfig-2.3.0-py3-none-any.whl.metadata (2.5 kB)
Collecting packaging>=22 (from pytest>=7.0)
  Using cached packaging-25.0-py3-none-any.whl.metadata (3.3 kB)
Collecting pluggy<2,>=1.5 (from pytest>=7.0)
  Using cached pluggy-1.6.0-py3-none-any.whl.metadata (4.8 kB)
Collecting mypy_extensions>=1.0.0 (from mypy>=1.9)
  Using cached mypy_extensions-1.1.0-py3-none-any.whl.metadata (1.1 kB)
Collecting pathspec>=0.9.0 (from mypy>=1.9)
  Using cached pathspec-0.12.1-py3-none-any.whl.metadata (21 kB)
Collecting librt>=0.6.2 (from mypy>=1.9)
  Using cached librt-0.7.3-cp312-cp312-manylinux2014_x86_64.manylinux_2_17_x86_64.manylinux_2_28_x86_64.whl.metadata (1.3 kB)
Collecting charset_normalizer<4,>=2 (from requests>=2.31.0)
  Using cached charset_normalizer-3.4.4-cp312-cp312-manylinux2014_x86_64.manylinux_2_17_x86_64.manylinux_2_28_x86_64.whl.metadata (37 kB)
Collecting urllib3<3,>=1.21.1 (from requests>=2.31.0)
  Using cached urllib3-2.6.2-py3-none-any.whl.metadata (6.6 kB)
Collecting mdurl~=0.1 (from markdown-it-py>=2.2.0->rich>=13.7.0)
  Using cached mdurl-0.1.2-py3-none-any.whl.metadata (1.6 kB)
Using cached typer-0.20.0-py3-none-any.whl (47 kB)
Using cached rich-14.2.0-py3-none-any.whl (243 kB)
Using cached pygments-2.19.2-py3-none-any.whl (1.2 MB)
Using cached httpx-0.28.1-py3-none-any.whl (73 kB)
Using cached httpcore-1.0.9-py3-none-any.whl (78 kB)
Using cached pydantic-2.12.5-py3-none-any.whl (463 kB)
Using cached pydantic_core-2.41.5-cp312-cp312-manylinux_2_17_x86_64.manylinux2014_x86_64.whl (2.1 MB)
Using cached pyyaml-6.0.3-cp312-cp312-manylinux2014_x86_64.manylinux_2_17_x86_64.manylinux_2_28_x86_64.whl (807 kB)
Using cached cbor2-5.7.1-cp312-cp312-manylinux2014_x86_64.manylinux_2_17_x86_64.manylinux_2_28_x86_64.whl (285 kB)
Using cached pytest-9.0.2-py3-none-any.whl (374 kB)
Using cached pluggy-1.6.0-py3-none-any.whl (20 kB)
Using cached pytest_asyncio-1.3.0-py3-none-any.whl (15 kB)
Using cached ruff-0.14.9-py3-none-manylinux_2_17_x86_64.manylinux2014_x86_64.whl (14.2 MB)
Using cached mypy-1.19.0-cp312-cp312-manylinux2014_x86_64.manylinux_2_17_x86_64.manylinux_2_28_x86_64.whl (13.6 MB)
Using cached requests-2.32.5-py3-none-any.whl (64 kB)
Using cached charset_normalizer-3.4.4-cp312-cp312-manylinux2014_x86_64.manylinux_2_17_x86_64.manylinux_2_28_x86_64.whl (153 kB)
Using cached idna-3.11-py3-none-any.whl (71 kB)
Using cached urllib3-2.6.2-py3-none-any.whl (131 kB)
Using cached annotated_types-0.7.0-py3-none-any.whl (13 kB)
Using cached certifi-2025.11.12-py3-none-any.whl (159 kB)
Using cached click-8.3.1-py3-none-any.whl (108 kB)
Using cached h11-0.16.0-py3-none-any.whl (37 kB)
Using cached iniconfig-2.3.0-py3-none-any.whl (7.5 kB)
Using cached librt-0.7.3-cp312-cp312-manylinux2014_x86_64.manylinux_2_17_x86_64.manylinux_2_28_x86_64.whl (189 kB)
Using cached markdown_it_py-4.0.0-py3-none-any.whl (87 kB)
Using cached mdurl-0.1.2-py3-none-any.whl (10.0 kB)
Using cached mypy_extensions-1.1.0-py3-none-any.whl (5.0 kB)
Using cached packaging-25.0-py3-none-any.whl (66 kB)
Using cached pathspec-0.12.1-py3-none-any.whl (31 kB)
Using cached shellingham-1.5.4-py2.py3-none-any.whl (9.8 kB)
Using cached typing_extensions-4.15.0-py3-none-any.whl (44 kB)
Using cached typing_inspection-0.4.2-py3-none-any.whl (14 kB)
Using cached anyio-4.12.0-py3-none-any.whl (113 kB)
Installing collected packages: urllib3, typing-extensions, shellingham, ruff, pyyaml, pygments, pluggy, pathspec, packaging, mypy_extensions, mdurl, librt, iniconfig, idna, h11, click, charset_normalizer, certifi, cbor2, annotated-types, typing-inspection, requests, pytest, pydantic-core, mypy, markdown-it-py, httpcore, anyio, rich, pytest-asyncio, pydantic, httpx, typer

ERROR: pip's dependency resolver does not currently take into account all the packages that are installed. This behaviour is the source of the following dependency conflicts.
animica 0.1.0 requires omni-sdk>=0.1.0, which is not installed.
Successfully installed annotated-types-0.7.0 anyio-4.12.0 cbor2-5.7.1 certifi-2025.11.12 charset_normalizer-3.4.4 click-8.3.1 h11-0.16.0 httpcore-1.0.9 httpx-0.28.1 idna-3.11 iniconfig-2.3.0 librt-0.7.3 markdown-it-py-4.0.0 mdurl-0.1.2 mypy-1.19.0 mypy_extensions-1.1.0 packaging-25.0 pathspec-0.12.1 pluggy-1.6.0 pydantic-2.12.5 pydantic-core-2.41.5 pygments-2.19.2 pytest-9.0.2 pytest-asyncio-1.3.0 pyyaml-6.0.3 requests-2.32.5 rich-14.2.0 ruff-0.14.9 shellingham-1.5.4 typer-0.20.0 typing-extensions-4.15.0 typing-inspection-0.4.2 urllib3-2.6.2
[setup] 2025-12-12T23:24:55Z Verify Animica PQ diagnostics (wallet create should work)
/root/animica/.venv/lib/python3.12/site-packages/oqs/__init__.py:1: UserWarning: liboqs version (major, minor) 0.15.0 differs from liboqs-python version 0.14.1
  from oqs.oqs import (
LD_LIBRARY_PATH= /usr/local/lib:
OQS_INSTALL_PATH= /usr/local
LIBOQS_PATH= /usr/local
oqs enabled sig mechs: 221
contains Dilithium: False
[setup] 2025-12-12T23:24:55Z Done.
[setup] 2025-12-12T23:24:55Z Activate venv: source /root/animica/.venv/bin/activate
[setup] 2025-12-12T23:24:55Z Try: animica wallet create --label test1
